view,operations_sensitivity,monthly_requests,token_profile,utilization_tier,quality_sensitivity_path,quality_delta_points,managed_quality_rate,private_quality_rate,replicas,managed_total_usd,private_total_usd,gateway_runtime_usd,network_nat_usd,control_plane_usd,shared_storage_usd,observability_usd,operations_engineering_allocation_usd,managed_cost_per_1m_provider_billed_tokens_usd,managed_token_definition,private_cost_per_1m_normalized_tokens_usd,private_token_definition,managed_cost_per_correct_task_usd,private_cost_per_correct_task_usd,lower_cost_path
view_a,not_applicable,10000,short,low,managed,-5,0.8388888888888888,0.8888888888888888,1,28.80,579.4560,,,,,,,9.00,provider-billed input + output tokens,181.0800,normalized input + visible output tokens,0.003433112582781457317415902811,0.06518880000000000651888000000,managed
view_b,low,10000,short,low,managed,-5,0.8388888888888888,0.8888888888888888,1,195.8080,746.4640,4.4640,32.400,72.00,3.1680,14.9760,40.00,61.1900,provider-billed input + output tokens,233.2700,normalized input + visible output tokens,0.02334135099337748591696434367,0.08397720000000000839772000000,managed
view_b,typical,10000,short,low,managed,-5,0.8388888888888888,0.8888888888888888,1,515.8080,1066.4640,4.4640,32.400,72.00,3.1680,14.9760,360.0,161.1900,provider-billed input + output tokens,333.2700,normalized input + visible output tokens,0.06148704635761590055491881935,0.1199772000000000119977200000,managed
view_b,high,10000,short,low,managed,-5,0.8388888888888888,0.8888888888888888,1,3035.8080,3586.4640,4.4640,32.400,72.00,3.1680,14.9760,2880.0,948.6900,provider-billed input + output tokens,1120.7700,normalized input + visible output tokens,0.3618843973509934158288103153,0.4034772000000000403477200000,managed
view_a,not_applicable,10000,short,low,private,-5,0.8888888888888888,0.8388888888888888,1,28.80,579.4560,,,,,,,9.00,provider-billed input + output tokens,181.0800,normalized input + visible output tokens,0.003240000000000000324000000000,0.06907422516556292122640796456,managed
view_b,low,10000,short,low,private,-5,0.8888888888888888,0.8388888888888888,1,195.8080,746.4640,4.4640,32.400,72.00,3.1680,14.9760,40.00,61.1900,provider-billed input + output tokens,233.2700,normalized input + visible output tokens,0.02202840000000000220284000000,0.08898246357615894982595640542,managed
view_b,typical,10000,short,low,private,-5,0.8888888888888888,0.8388888888888888,1,515.8080,1066.4640,4.4640,32.400,72.00,3.1680,14.9760,360.0,161.1900,provider-billed input + output tokens,333.2700,normalized input + visible output tokens,0.05802840000000000580284000000,0.1271281589403973644639108811,managed
view_b,high,10000,short,low,private,-5,0.8888888888888888,0.8388888888888888,1,3035.8080,3586.4640,4.4640,32.400,72.00,3.1680,14.9760,2880.0,948.6900,provider-billed input + output tokens,1120.7700,normalized input + visible output tokens,0.3415284000000000341528400000,0.4275255099337748797378023771,managed
view_a,not_applicable,10000,short,low,measured,0,0.8888888888888888,0.8888888888888888,1,28.80,579.4560,,,,,,,9.00,provider-billed input + output tokens,181.0800,normalized input + visible output tokens,0.003240000000000000324000000000,0.06518880000000000651888000000,managed
view_b,low,10000,short,low,measured,0,0.8888888888888888,0.8888888888888888,1,195.8080,746.4640,4.4640,32.400,72.00,3.1680,14.9760,40.00,61.1900,provider-billed input + output tokens,233.2700,normalized input + visible output tokens,0.02202840000000000220284000000,0.08397720000000000839772000000,managed
view_b,typical,10000,short,low,measured,0,0.8888888888888888,0.8888888888888888,1,515.8080,1066.4640,4.4640,32.400,72.00,3.1680,14.9760,360.0,161.1900,provider-billed input + output tokens,333.2700,normalized input + visible output tokens,0.05802840000000000580284000000,0.1199772000000000119977200000,managed
view_b,high,10000,short,low,measured,0,0.8888888888888888,0.8888888888888888,1,3035.8080,3586.4640,4.4640,32.400,72.00,3.1680,14.9760,2880.0,948.6900,provider-billed input + output tokens,1120.7700,normalized input + visible output tokens,0.3415284000000000341528400000,0.4034772000000000403477200000,managed
view_a,not_applicable,10000,short,low,managed,5,0.9388888888888888,0.8888888888888888,1,28.80,579.4560,,,,,,,9.00,provider-billed input + output tokens,181.0800,normalized input + visible output tokens,0.003067455621301775438338993733,0.06518880000000000651888000000,managed
view_b,low,10000,short,low,managed,5,0.9388888888888888,0.8888888888888888,1,195.8080,746.4640,4.4640,32.400,72.00,3.1680,14.9760,40.00,61.1900,provider-billed input + output tokens,233.2700,normalized input + visible output tokens,0.02085528994082840434132922517,0.08397720000000000839772000000,managed
view_b,typical,10000,short,low,managed,5,0.9388888888888888,0.8888888888888888,1,515.8080,1066.4640,4.4640,32.400,72.00,3.1680,14.9760,360.0,161.1900,provider-billed input + output tokens,333.2700,normalized input + visible output tokens,0.05493813017751479810065137775,0.1199772000000000119977200000,managed
view_b,high,10000,short,low,managed,5,0.9388888888888888,0.8888888888888888,1,3035.8080,3586.4640,4.4640,32.400,72.00,3.1680,14.9760,2880.0,948.6900,provider-billed input + output tokens,1120.7700,normalized input + visible output tokens,0.3233404970414201489553133294,0.4034772000000000403477200000,managed
view_a,not_applicable,10000,short,low,private,5,0.8888888888888888,0.9388888888888888,1,28.80,579.4560,,,,,,,9.00,provider-billed input + output tokens,181.0800,normalized input + visible output tokens,0.003240000000000000324000000000,0.06171720710059172181938055390,managed
view_b,low,10000,short,low,private,5,0.8888888888888888,0.9388888888888888,1,195.8080,746.4640,4.4640,32.400,72.00,3.1680,14.9760,40.00,61.1900,provider-billed input + output tokens,233.2700,normalized input + visible output tokens,0.02202840000000000220284000000,0.07950504142011835072237078534,managed
view_b,typical,10000,short,low,private,5,0.8888888888888888,0.9388888888888888,1,515.8080,1066.4640,4.4640,32.400,72.00,3.1680,14.9760,360.0,161.1900,provider-billed input + output tokens,333.2700,normalized input + visible output tokens,0.05802840000000000580284000000,0.1135878816568047444816929379,managed
view_b,high,10000,short,low,private,5,0.8888888888888888,0.9388888888888888,1,3035.8080,3586.4640,4.4640,32.400,72.00,3.1680,14.9760,2880.0,948.6900,provider-billed input + output tokens,1120.7700,normalized input + visible output tokens,0.3415284000000000341528400000,0.3819902485207100953363548895,managed
view_a,not_applicable,10000,short,typical,managed,-5,0.8388888888888888,0.8888888888888888,1,28.80,579.4560,,,,,,,9.00,provider-billed input + output tokens,181.0800,normalized input + visible output tokens,0.003433112582781457317415902811,0.06518880000000000651888000000,managed
view_b,low,10000,short,typical,managed,-5,0.8388888888888888,0.8888888888888888,1,195.8080,746.4640,4.4640,32.400,72.00,3.1680,14.9760,40.00,61.1900,provider-billed input + output tokens,233.2700,normalized input + visible output tokens,0.02334135099337748591696434367,0.08397720000000000839772000000,managed
view_b,typical,10000,short,typical,managed,-5,0.8388888888888888,0.8888888888888888,1,515.8080,1066.4640,4.4640,32.400,72.00,3.1680,14.9760,360.0,161.1900,provider-billed input + output tokens,333.2700,normalized input + visible output tokens,0.06148704635761590055491881935,0.1199772000000000119977200000,managed
view_b,high,10000,short,typical,managed,-5,0.8388888888888888,0.8888888888888888,1,3035.8080,3586.4640,4.4640,32.400,72.00,3.1680,14.9760,2880.0,948.6900,provider-billed input + output tokens,1120.7700,normalized input + visible output tokens,0.3618843973509934158288103153,0.4034772000000000403477200000,managed
view_a,not_applicable,10000,short,typical,private,-5,0.8888888888888888,0.8388888888888888,1,28.80,579.4560,,,,,,,9.00,provider-billed input + output tokens,181.0800,normalized input + visible output tokens,0.003240000000000000324000000000,0.06907422516556292122640796456,managed
view_b,low,10000,short,typical,private,-5,0.8888888888888888,0.8388888888888888,1,195.8080,746.4640,4.4640,32.400,72.00,3.1680,14.9760,40.00,61.1900,provider-billed input + output tokens,233.2700,normalized input + visible output tokens,0.02202840000000000220284000000,0.08898246357615894982595640542,managed
view_b,typical,10000,short,typical,private,-5,0.8888888888888888,0.8388888888888888,1,515.8080,1066.4640,4.4640,32.400,72.00,3.1680,14.9760,360.0,161.1900,provider-billed input + output tokens,333.2700,normalized input + visible output tokens,0.05802840000000000580284000000,0.1271281589403973644639108811,managed
view_b,high,10000,short,typical,private,-5,0.8888888888888888,0.8388888888888888,1,3035.8080,3586.4640,4.4640,32.400,72.00,3.1680,14.9760,2880.0,948.6900,provider-billed input + output tokens,1120.7700,normalized input + visible output tokens,0.3415284000000000341528400000,0.4275255099337748797378023771,managed
view_a,not_applicable,10000,short,typical,measured,0,0.8888888888888888,0.8888888888888888,1,28.80,579.4560,,,,,,,9.00,provider-billed input + output tokens,181.0800,normalized input + visible output tokens,0.003240000000000000324000000000,0.06518880000000000651888000000,managed
view_b,low,10000,short,typical,measured,0,0.8888888888888888,0.8888888888888888,1,195.8080,746.4640,4.4640,32.400,72.00,3.1680,14.9760,40.00,61.1900,provider-billed input + output tokens,233.2700,normalized input + visible output tokens,0.02202840000000000220284000000,0.08397720000000000839772000000,managed
view_b,typical,10000,short,typical,measured,0,0.8888888888888888,0.8888888888888888,1,515.8080,1066.4640,4.4640,32.400,72.00,3.1680,14.9760,360.0,161.1900,provider-billed input + output tokens,333.2700,normalized input + visible output tokens,0.05802840000000000580284000000,0.1199772000000000119977200000,managed
view_b,high,10000,short,typical,measured,0,0.8888888888888888,0.8888888888888888,1,3035.8080,3586.4640,4.4640,32.400,72.00,3.1680,14.9760,2880.0,948.6900,provider-billed input + output tokens,1120.7700,normalized input + visible output tokens,0.3415284000000000341528400000,0.4034772000000000403477200000,managed
view_a,not_applicable,10000,short,typical,managed,5,0.9388888888888888,0.8888888888888888,1,28.80,579.4560,,,,,,,9.00,provider-billed input + output tokens,181.0800,normalized input + visible output tokens,0.003067455621301775438338993733,0.06518880000000000651888000000,managed
view_b,low,10000,short,typical,managed,5,0.9388888888888888,0.8888888888888888,1,195.8080,746.4640,4.4640,32.400,72.00,3.1680,14.9760,40.00,61.1900,provider-billed input + output tokens,233.2700,normalized input + visible output tokens,0.02085528994082840434132922517,0.08397720000000000839772000000,managed
view_b,typical,10000,short,typical,managed,5,0.9388888888888888,0.8888888888888888,1,515.8080,1066.4640,4.4640,32.400,72.00,3.1680,14.9760,360.0,161.1900,provider-billed input + output tokens,333.2700,normalized input + visible output tokens,0.05493813017751479810065137775,0.1199772000000000119977200000,managed
view_b,high,10000,short,typical,managed,5,0.9388888888888888,0.8888888888888888,1,3035.8080,3586.4640,4.4640,32.400,72.00,3.1680,14.9760,2880.0,948.6900,provider-billed input + output tokens,1120.7700,normalized input + visible output tokens,0.3233404970414201489553133294,0.4034772000000000403477200000,managed
view_a,not_applicable,10000,short,typical,private,5,0.8888888888888888,0.9388888888888888,1,28.80,579.4560,,,,,,,9.00,provider-billed input + output tokens,181.0800,normalized input + visible output tokens,0.003240000000000000324000000000,0.06171720710059172181938055390,managed
view_b,low,10000,short,typical,private,5,0.8888888888888888,0.9388888888888888,1,195.8080,746.4640,4.4640,32.400,72.00,3.1680,14.9760,40.00,61.1900,provider-billed input + output tokens,233.2700,normalized input + visible output tokens,0.02202840000000000220284000000,0.07950504142011835072237078534,managed
view_b,typical,10000,short,typical,private,5,0.8888888888888888,0.9388888888888888,1,515.8080,1066.4640,4.4640,32.400,72.00,3.1680,14.9760,360.0,161.1900,provider-billed input + output tokens,333.2700,normalized input + visible output tokens,0.05802840000000000580284000000,0.1135878816568047444816929379,managed
view_b,high,10000,short,typical,private,5,0.8888888888888888,0.9388888888888888,1,3035.8080,3586.4640,4.4640,32.400,72.00,3.1680,14.9760,2880.0,948.6900,provider-billed input + output tokens,1120.7700,normalized input + visible output tokens,0.3415284000000000341528400000,0.3819902485207100953363548895,managed
view_a,not_applicable,10000,short,high,managed,-5,0.8388888888888888,0.8888888888888888,1,28.80,579.4560,,,,,,,9.00,provider-billed input + output tokens,181.0800,normalized input + visible output tokens,0.003433112582781457317415902811,0.06518880000000000651888000000,managed
view_b,low,10000,short,high,managed,-5,0.8388888888888888,0.8888888888888888,1,195.8080,746.4640,4.4640,32.400,72.00,3.1680,14.9760,40.00,61.1900,provider-billed input + output tokens,233.2700,normalized input + visible output tokens,0.02334135099337748591696434367,0.08397720000000000839772000000,managed
view_b,typical,10000,short,high,managed,-5,0.8388888888888888,0.8888888888888888,1,515.8080,1066.4640,4.4640,32.400,72.00,3.1680,14.9760,360.0,161.1900,provider-billed input + output tokens,333.2700,normalized input + visible output tokens,0.06148704635761590055491881935,0.1199772000000000119977200000,managed
view_b,high,10000,short,high,managed,-5,0.8388888888888888,0.8888888888888888,1,3035.8080,3586.4640,4.4640,32.400,72.00,3.1680,14.9760,2880.0,948.6900,provider-billed input + output tokens,1120.7700,normalized input + visible output tokens,0.3618843973509934158288103153,0.4034772000000000403477200000,managed
view_a,not_applicable,10000,short,high,private,-5,0.8888888888888888,0.8388888888888888,1,28.80,579.4560,,,,,,,9.00,provider-billed input + output tokens,181.0800,normalized input + visible output tokens,0.003240000000000000324000000000,0.06907422516556292122640796456,managed
view_b,low,10000,short,high,private,-5,0.8888888888888888,0.8388888888888888,1,195.8080,746.4640,4.4640,32.400,72.00,3.1680,14.9760,40.00,61.1900,provider-billed input + output tokens,233.2700,normalized input + visible output tokens,0.02202840000000000220284000000,0.08898246357615894982595640542,managed
view_b,typical,10000,short,high,private,-5,0.8888888888888888,0.8388888888888888,1,515.8080,1066.4640,4.4640,32.400,72.00,3.1680,14.9760,360.0,161.1900,provider-billed input + output tokens,333.2700,normalized input + visible output tokens,0.05802840000000000580284000000,0.1271281589403973644639108811,managed
view_b,high,10000,short,high,private,-5,0.8888888888888888,0.8388888888888888,1,3035.8080,3586.4640,4.4640,32.400,72.00,3.1680,14.9760,2880.0,948.6900,provider-billed input + output tokens,1120.7700,normalized input + visible output tokens,0.3415284000000000341528400000,0.4275255099337748797378023771,managed
view_a,not_applicable,10000,short,high,measured,0,0.8888888888888888,0.8888888888888888,1,28.80,579.4560,,,,,,,9.00,provider-billed input + output tokens,181.0800,normalized input + visible output tokens,0.003240000000000000324000000000,0.06518880000000000651888000000,managed
view_b,low,10000,short,high,measured,0,0.8888888888888888,0.8888888888888888,1,195.8080,746.4640,4.4640,32.400,72.00,3.1680,14.9760,40.00,61.1900,provider-billed input + output tokens,233.2700,normalized input + visible output tokens,0.02202840000000000220284000000,0.08397720000000000839772000000,managed
view_b,typical,10000,short,high,measured,0,0.8888888888888888,0.8888888888888888,1,515.8080,1066.4640,4.4640,32.400,72.00,3.1680,14.9760,360.0,161.1900,provider-billed input + output tokens,333.2700,normalized input + visible output tokens,0.05802840000000000580284000000,0.1199772000000000119977200000,managed
view_b,high,10000,short,high,measured,0,0.8888888888888888,0.8888888888888888,1,3035.8080,3586.4640,4.4640,32.400,72.00,3.1680,14.9760,2880.0,948.6900,provider-billed input + output tokens,1120.7700,normalized input + visible output tokens,0.3415284000000000341528400000,0.4034772000000000403477200000,managed
view_a,not_applicable,10000,short,high,managed,5,0.9388888888888888,0.8888888888888888,1,28.80,579.4560,,,,,,,9.00,provider-billed input + output tokens,181.0800,normalized input + visible output tokens,0.003067455621301775438338993733,0.06518880000000000651888000000,managed
view_b,low,10000,short,high,managed,5,0.9388888888888888,0.8888888888888888,1,195.8080,746.4640,4.4640,32.400,72.00,3.1680,14.9760,40.00,61.1900,provider-billed input + output tokens,233.2700,normalized input + visible output tokens,0.02085528994082840434132922517,0.08397720000000000839772000000,managed
view_b,typical,10000,short,high,managed,5,0.9388888888888888,0.8888888888888888,1,515.8080,1066.4640,4.4640,32.400,72.00,3.1680,14.9760,360.0,161.1900,provider-billed input + output tokens,333.2700,normalized input + visible output tokens,0.05493813017751479810065137775,0.1199772000000000119977200000,managed
view_b,high,10000,short,high,managed,5,0.9388888888888888,0.8888888888888888,1,3035.8080,3586.4640,4.4640,32.400,72.00,3.1680,14.9760,2880.0,948.6900,provider-billed input + output tokens,1120.7700,normalized input + visible output tokens,0.3233404970414201489553133294,0.4034772000000000403477200000,managed
view_a,not_applicable,10000,short,high,private,5,0.8888888888888888,0.9388888888888888,1,28.80,579.4560,,,,,,,9.00,provider-billed input + output tokens,181.0800,normalized input + visible output tokens,0.003240000000000000324000000000,0.06171720710059172181938055390,managed
view_b,low,10000,short,high,private,5,0.8888888888888888,0.9388888888888888,1,195.8080,746.4640,4.4640,32.400,72.00,3.1680,14.9760,40.00,61.1900,provider-billed input + output tokens,233.2700,normalized input + visible output tokens,0.02202840000000000220284000000,0.07950504142011835072237078534,managed
view_b,typical,10000,short,high,private,5,0.8888888888888888,0.9388888888888888,1,515.8080,1066.4640,4.4640,32.400,72.00,3.1680,14.9760,360.0,161.1900,provider-billed input + output tokens,333.2700,normalized input + visible output tokens,0.05802840000000000580284000000,0.1135878816568047444816929379,managed
view_b,high,10000,short,high,private,5,0.8888888888888888,0.9388888888888888,1,3035.8080,3586.4640,4.4640,32.400,72.00,3.1680,14.9760,2880.0,948.6900,provider-billed input + output tokens,1120.7700,normalized input + visible output tokens,0.3415284000000000341528400000,0.3819902485207100953363548895,managed
view_a,not_applicable,10000,medium,low,managed,-5,0.8388888888888888,0.8888888888888888,1,115.20,579.4560,,,,,,,9.00,provider-billed input + output tokens,45.2700,normalized input + visible output tokens,0.01373245033112582926966361125,0.06518880000000000651888000000,managed
view_b,low,10000,medium,low,managed,-5,0.8388888888888888,0.8888888888888888,1,282.2080,746.4640,4.4640,32.400,72.00,3.1680,14.9760,40.00,22.0475,provider-billed input + output tokens,58.3175,normalized input + visible output tokens,0.03364068874172185786921205210,0.08397720000000000839772000000,managed
view_b,typical,10000,medium,low,managed,-5,0.8388888888888888,0.8888888888888888,1,602.2080,1066.4640,4.4640,32.400,72.00,3.1680,14.9760,360.0,47.0475,provider-billed input + output tokens,83.3175,normalized input + visible output tokens,0.07178638410596027250716652778,0.1199772000000000119977200000,managed
view_b,high,10000,medium,low,managed,-5,0.8388888888888888,0.8888888888888888,1,3122.2080,3586.4640,4.4640,32.400,72.00,3.1680,14.9760,2880.0,243.9225,provider-billed input + output tokens,280.1925,normalized input + visible output tokens,0.3721837350993377877810580238,0.4034772000000000403477200000,managed
view_a,not_applicable,10000,medium,low,private,-5,0.8888888888888888,0.8388888888888888,1,115.20,579.4560,,,,,,,9.00,provider-billed input + output tokens,45.2700,normalized input + visible output tokens,0.01296000000000000129600000000,0.06907422516556292122640796456,managed
view_b,low,10000,medium,low,private,-5,0.8888888888888888,0.8388888888888888,1,282.2080,746.4640,4.4640,32.400,72.00,3.1680,14.9760,40.00,22.0475,provider-billed input + output tokens,58.3175,normalized input + visible output tokens,0.03174840000000000317484000000,0.08898246357615894982595640542,managed
view_b,typical,10000,medium,low,private,-5,0.8888888888888888,0.8388888888888888,1,602.2080,1066.4640,4.4640,32.400,72.00,3.1680,14.9760,360.0,47.0475,provider-billed input + output tokens,83.3175,normalized input + visible output tokens,0.06774840000000000677484000000,0.1271281589403973644639108811,managed
view_b,high,10000,medium,low,private,-5,0.8888888888888888,0.8388888888888888,1,3122.2080,3586.4640,4.4640,32.400,72.00,3.1680,14.9760,2880.0,243.9225,provider-billed input + output tokens,280.1925,normalized input + visible output tokens,0.3512484000000000351248400000,0.4275255099337748797378023771,managed
view_a,not_applicable,10000,medium,low,measured,0,0.8888888888888888,0.8888888888888888,1,115.20,579.4560,,,,,,,9.00,provider-billed input + output tokens,45.2700,normalized input + visible output tokens,0.01296000000000000129600000000,0.06518880000000000651888000000,managed
view_b,low,10000,medium,low,measured,0,0.8888888888888888,0.8888888888888888,1,282.2080,746.4640,4.4640,32.400,72.00,3.1680,14.9760,40.00,22.0475,provider-billed input + output tokens,58.3175,normalized input + visible output tokens,0.03174840000000000317484000000,0.08397720000000000839772000000,managed
view_b,typical,10000,medium,low,measured,0,0.8888888888888888,0.8888888888888888,1,602.2080,1066.4640,4.4640,32.400,72.00,3.1680,14.9760,360.0,47.0475,provider-billed input + output tokens,83.3175,normalized input + visible output tokens,0.06774840000000000677484000000,0.1199772000000000119977200000,managed
view_b,high,10000,medium,low,measured,0,0.8888888888888888,0.8888888888888888,1,3122.2080,3586.4640,4.4640,32.400,72.00,3.1680,14.9760,2880.0,243.9225,provider-billed input + output tokens,280.1925,normalized input + visible output tokens,0.3512484000000000351248400000,0.4034772000000000403477200000,managed
view_a,not_applicable,10000,medium,low,managed,5,0.9388888888888888,0.8888888888888888,1,115.20,579.4560,,,,,,,9.00,provider-billed input + output tokens,45.2700,normalized input + visible output tokens,0.01226982248520710175335597493,0.06518880000000000651888000000,managed
view_b,low,10000,medium,low,managed,5,0.9388888888888888,0.8888888888888888,1,282.2080,746.4640,4.4640,32.400,72.00,3.1680,14.9760,40.00,22.0475,provider-billed input + output tokens,58.3175,normalized input + visible output tokens,0.03005765680473373065634620637,0.08397720000000000839772000000,managed
view_b,typical,10000,medium,low,managed,5,0.9388888888888888,0.8888888888888888,1,602.2080,1066.4640,4.4640,32.400,72.00,3.1680,14.9760,360.0,47.0475,provider-billed input + output tokens,83.3175,normalized input + visible output tokens,0.06414049704142012441566835895,0.1199772000000000119977200000,managed
view_b,high,10000,medium,low,managed,5,0.9388888888888888,0.8888888888888888,1,3122.2080,3586.4640,4.4640,32.400,72.00,3.1680,14.9760,2880.0,243.9225,provider-billed input + output tokens,280.1925,normalized input + visible output tokens,0.3325428639053254752703303106,0.4034772000000000403477200000,managed
view_a,not_applicable,10000,medium,low,private,5,0.8888888888888888,0.9388888888888888,1,115.20,579.4560,,,,,,,9.00,provider-billed input + output tokens,45.2700,normalized input + visible output tokens,0.01296000000000000129600000000,0.06171720710059172181938055390,managed
view_b,low,10000,medium,low,private,5,0.8888888888888888,0.9388888888888888,1,282.2080,746.4640,4.4640,32.400,72.00,3.1680,14.9760,40.00,22.0475,provider-billed input + output tokens,58.3175,normalized input + visible output tokens,0.03174840000000000317484000000,0.07950504142011835072237078534,managed
view_b,typical,10000,medium,low,private,5,0.8888888888888888,0.9388888888888888,1,602.2080,1066.4640,4.4640,32.400,72.00,3.1680,14.9760,360.0,47.0475,provider-billed input + output tokens,83.3175,normalized input + visible output tokens,0.06774840000000000677484000000,0.1135878816568047444816929379,managed
view_b,high,10000,medium,low,private,5,0.8888888888888888,0.9388888888888888,1,3122.2080,3586.4640,4.4640,32.400,72.00,3.1680,14.9760,2880.0,243.9225,provider-billed input + output tokens,280.1925,normalized input + visible output tokens,0.3512484000000000351248400000,0.3819902485207100953363548895,managed
view_a,not_applicable,10000,medium,typical,managed,-5,0.8388888888888888,0.8888888888888888,1,115.20,579.4560,,,,,,,9.00,provider-billed input + output tokens,45.2700,normalized input + visible output tokens,0.01373245033112582926966361125,0.06518880000000000651888000000,managed
view_b,low,10000,medium,typical,managed,-5,0.8388888888888888,0.8888888888888888,1,282.2080,746.4640,4.4640,32.400,72.00,3.1680,14.9760,40.00,22.0475,provider-billed input + output tokens,58.3175,normalized input + visible output tokens,0.03364068874172185786921205210,0.08397720000000000839772000000,managed
view_b,typical,10000,medium,typical,managed,-5,0.8388888888888888,0.8888888888888888,1,602.2080,1066.4640,4.4640,32.400,72.00,3.1680,14.9760,360.0,47.0475,provider-billed input + output tokens,83.3175,normalized input + visible output tokens,0.07178638410596027250716652778,0.1199772000000000119977200000,managed
view_b,high,10000,medium,typical,managed,-5,0.8388888888888888,0.8888888888888888,1,3122.2080,3586.4640,4.4640,32.400,72.00,3.1680,14.9760,2880.0,243.9225,provider-billed input + output tokens,280.1925,normalized input + visible output tokens,0.3721837350993377877810580238,0.4034772000000000403477200000,managed
view_a,not_applicable,10000,medium,typical,private,-5,0.8888888888888888,0.8388888888888888,1,115.20,579.4560,,,,,,,9.00,provider-billed input + output tokens,45.2700,normalized input + visible output tokens,0.01296000000000000129600000000,0.06907422516556292122640796456,managed
view_b,low,10000,medium,typical,private,-5,0.8888888888888888,0.8388888888888888,1,282.2080,746.4640,4.4640,32.400,72.00,3.1680,14.9760,40.00,22.0475,provider-billed input + output tokens,58.3175,normalized input + visible output tokens,0.03174840000000000317484000000,0.08898246357615894982595640542,managed
view_b,typical,10000,medium,typical,private,-5,0.8888888888888888,0.8388888888888888,1,602.2080,1066.4640,4.4640,32.400,72.00,3.1680,14.9760,360.0,47.0475,provider-billed input + output tokens,83.3175,normalized input + visible output tokens,0.06774840000000000677484000000,0.1271281589403973644639108811,managed
view_b,high,10000,medium,typical,private,-5,0.8888888888888888,0.8388888888888888,1,3122.2080,3586.4640,4.4640,32.400,72.00,3.1680,14.9760,2880.0,243.9225,provider-billed input + output tokens,280.1925,normalized input + visible output tokens,0.3512484000000000351248400000,0.4275255099337748797378023771,managed
view_a,not_applicable,10000,medium,typical,measured,0,0.8888888888888888,0.8888888888888888,1,115.20,579.4560,,,,,,,9.00,provider-billed input + output tokens,45.2700,normalized input + visible output tokens,0.01296000000000000129600000000,0.06518880000000000651888000000,managed
view_b,low,10000,medium,typical,measured,0,0.8888888888888888,0.8888888888888888,1,282.2080,746.4640,4.4640,32.400,72.00,3.1680,14.9760,40.00,22.0475,provider-billed input + output tokens,58.3175,normalized input + visible output tokens,0.03174840000000000317484000000,0.08397720000000000839772000000,managed
view_b,typical,10000,medium,typical,measured,0,0.8888888888888888,0.8888888888888888,1,602.2080,1066.4640,4.4640,32.400,72.00,3.1680,14.9760,360.0,47.0475,provider-billed input + output tokens,83.3175,normalized input + visible output tokens,0.06774840000000000677484000000,0.1199772000000000119977200000,managed
view_b,high,10000,medium,typical,measured,0,0.8888888888888888,0.8888888888888888,1,3122.2080,3586.4640,4.4640,32.400,72.00,3.1680,14.9760,2880.0,243.9225,provider-billed input + output tokens,280.1925,normalized input + visible output tokens,0.3512484000000000351248400000,0.4034772000000000403477200000,managed
view_a,not_applicable,10000,medium,typical,managed,5,0.9388888888888888,0.8888888888888888,1,115.20,579.4560,,,,,,,9.00,provider-billed input + output tokens,45.2700,normalized input + visible output tokens,0.01226982248520710175335597493,0.06518880000000000651888000000,managed
view_b,low,10000,medium,typical,managed,5,0.9388888888888888,0.8888888888888888,1,282.2080,746.4640,4.4640,32.400,72.00,3.1680,14.9760,40.00,22.0475,provider-billed input + output tokens,58.3175,normalized input + visible output tokens,0.03005765680473373065634620637,0.08397720000000000839772000000,managed
view_b,typical,10000,medium,typical,managed,5,0.9388888888888888,0.8888888888888888,1,602.2080,1066.4640,4.4640,32.400,72.00,3.1680,14.9760,360.0,47.0475,provider-billed input + output tokens,83.3175,normalized input + visible output tokens,0.06414049704142012441566835895,0.1199772000000000119977200000,managed
view_b,high,10000,medium,typical,managed,5,0.9388888888888888,0.8888888888888888,1,3122.2080,3586.4640,4.4640,32.400,72.00,3.1680,14.9760,2880.0,243.9225,provider-billed input + output tokens,280.1925,normalized input + visible output tokens,0.3325428639053254752703303106,0.4034772000000000403477200000,managed
view_a,not_applicable,10000,medium,typical,private,5,0.8888888888888888,0.9388888888888888,1,115.20,579.4560,,,,,,,9.00,provider-billed input + output tokens,45.2700,normalized input + visible output tokens,0.01296000000000000129600000000,0.06171720710059172181938055390,managed
view_b,low,10000,medium,typical,private,5,0.8888888888888888,0.9388888888888888,1,282.2080,746.4640,4.4640,32.400,72.00,3.1680,14.9760,40.00,22.0475,provider-billed input + output tokens,58.3175,normalized input + visible output tokens,0.03174840000000000317484000000,0.07950504142011835072237078534,managed
view_b,typical,10000,medium,typical,private,5,0.8888888888888888,0.9388888888888888,1,602.2080,1066.4640,4.4640,32.400,72.00,3.1680,14.9760,360.0,47.0475,provider-billed input + output tokens,83.3175,normalized input + visible output tokens,0.06774840000000000677484000000,0.1135878816568047444816929379,managed
view_b,high,10000,medium,typical,private,5,0.8888888888888888,0.9388888888888888,1,3122.2080,3586.4640,4.4640,32.400,72.00,3.1680,14.9760,2880.0,243.9225,provider-billed input + output tokens,280.1925,normalized input + visible output tokens,0.3512484000000000351248400000,0.3819902485207100953363548895,managed
view_a,not_applicable,10000,medium,high,managed,-5,0.8388888888888888,0.8888888888888888,1,115.20,579.4560,,,,,,,9.00,provider-billed input + output tokens,45.2700,normalized input + visible output tokens,0.01373245033112582926966361125,0.06518880000000000651888000000,managed
view_b,low,10000,medium,high,managed,-5,0.8388888888888888,0.8888888888888888,1,282.2080,746.4640,4.4640,32.400,72.00,3.1680,14.9760,40.00,22.0475,provider-billed input + output tokens,58.3175,normalized input + visible output tokens,0.03364068874172185786921205210,0.08397720000000000839772000000,managed
view_b,typical,10000,medium,high,managed,-5,0.8388888888888888,0.8888888888888888,1,602.2080,1066.4640,4.4640,32.400,72.00,3.1680,14.9760,360.0,47.0475,provider-billed input + output tokens,83.3175,normalized input + visible output tokens,0.07178638410596027250716652778,0.1199772000000000119977200000,managed
view_b,high,10000,medium,high,managed,-5,0.8388888888888888,0.8888888888888888,1,3122.2080,3586.4640,4.4640,32.400,72.00,3.1680,14.9760,2880.0,243.9225,provider-billed input + output tokens,280.1925,normalized input + visible output tokens,0.3721837350993377877810580238,0.4034772000000000403477200000,managed
view_a,not_applicable,10000,medium,high,private,-5,0.8888888888888888,0.8388888888888888,1,115.20,579.4560,,,,,,,9.00,provider-billed input + output tokens,45.2700,normalized input + visible output tokens,0.01296000000000000129600000000,0.06907422516556292122640796456,managed
view_b,low,10000,medium,high,private,-5,0.8888888888888888,0.8388888888888888,1,282.2080,746.4640,4.4640,32.400,72.00,3.1680,14.9760,40.00,22.0475,provider-billed input + output tokens,58.3175,normalized input + visible output tokens,0.03174840000000000317484000000,0.08898246357615894982595640542,managed
view_b,typical,10000,medium,high,private,-5,0.8888888888888888,0.8388888888888888,1,602.2080,1066.4640,4.4640,32.400,72.00,3.1680,14.9760,360.0,47.0475,provider-billed input + output tokens,83.3175,normalized input + visible output tokens,0.06774840000000000677484000000,0.1271281589403973644639108811,managed
view_b,high,10000,medium,high,private,-5,0.8888888888888888,0.8388888888888888,1,3122.2080,3586.4640,4.4640,32.400,72.00,3.1680,14.9760,2880.0,243.9225,provider-billed input + output tokens,280.1925,normalized input + visible output tokens,0.3512484000000000351248400000,0.4275255099337748797378023771,managed
view_a,not_applicable,10000,medium,high,measured,0,0.8888888888888888,0.8888888888888888,1,115.20,579.4560,,,,,,,9.00,provider-billed input + output tokens,45.2700,normalized input + visible output tokens,0.01296000000000000129600000000,0.06518880000000000651888000000,managed
view_b,low,10000,medium,high,measured,0,0.8888888888888888,0.8888888888888888,1,282.2080,746.4640,4.4640,32.400,72.00,3.1680,14.9760,40.00,22.0475,provider-billed input + output tokens,58.3175,normalized input + visible output tokens,0.03174840000000000317484000000,0.08397720000000000839772000000,managed
view_b,typical,10000,medium,high,measured,0,0.8888888888888888,0.8888888888888888,1,602.2080,1066.4640,4.4640,32.400,72.00,3.1680,14.9760,360.0,47.0475,provider-billed input + output tokens,83.3175,normalized input + visible output tokens,0.06774840000000000677484000000,0.1199772000000000119977200000,managed
view_b,high,10000,medium,high,measured,0,0.8888888888888888,0.8888888888888888,1,3122.2080,3586.4640,4.4640,32.400,72.00,3.1680,14.9760,2880.0,243.9225,provider-billed input + output tokens,280.1925,normalized input + visible output tokens,0.3512484000000000351248400000,0.4034772000000000403477200000,managed
view_a,not_applicable,10000,medium,high,managed,5,0.9388888888888888,0.8888888888888888,1,115.20,579.4560,,,,,,,9.00,provider-billed input + output tokens,45.2700,normalized input + visible output tokens,0.01226982248520710175335597493,0.06518880000000000651888000000,managed
view_b,low,10000,medium,high,managed,5,0.9388888888888888,0.8888888888888888,1,282.2080,746.4640,4.4640,32.400,72.00,3.1680,14.9760,40.00,22.0475,provider-billed input + output tokens,58.3175,normalized input + visible output tokens,0.03005765680473373065634620637,0.08397720000000000839772000000,managed
view_b,typical,10000,medium,high,managed,5,0.9388888888888888,0.8888888888888888,1,602.2080,1066.4640,4.4640,32.400,72.00,3.1680,14.9760,360.0,47.0475,provider-billed input + output tokens,83.3175,normalized input + visible output tokens,0.06414049704142012441566835895,0.1199772000000000119977200000,managed
view_b,high,10000,medium,high,managed,5,0.9388888888888888,0.8888888888888888,1,3122.2080,3586.4640,4.4640,32.400,72.00,3.1680,14.9760,2880.0,243.9225,provider-billed input + output tokens,280.1925,normalized input + visible output tokens,0.3325428639053254752703303106,0.4034772000000000403477200000,managed
view_a,not_applicable,10000,medium,high,private,5,0.8888888888888888,0.9388888888888888,1,115.20,579.4560,,,,,,,9.00,provider-billed input + output tokens,45.2700,normalized input + visible output tokens,0.01296000000000000129600000000,0.06171720710059172181938055390,managed
view_b,low,10000,medium,high,private,5,0.8888888888888888,0.9388888888888888,1,282.2080,746.4640,4.4640,32.400,72.00,3.1680,14.9760,40.00,22.0475,provider-billed input + output tokens,58.3175,normalized input + visible output tokens,0.03174840000000000317484000000,0.07950504142011835072237078534,managed
view_b,typical,10000,medium,high,private,5,0.8888888888888888,0.9388888888888888,1,602.2080,1066.4640,4.4640,32.400,72.00,3.1680,14.9760,360.0,47.0475,provider-billed input + output tokens,83.3175,normalized input + visible output tokens,0.06774840000000000677484000000,0.1135878816568047444816929379,managed
view_b,high,10000,medium,high,private,5,0.8888888888888888,0.9388888888888888,1,3122.2080,3586.4640,4.4640,32.400,72.00,3.1680,14.9760,2880.0,243.9225,provider-billed input + output tokens,280.1925,normalized input + visible output tokens,0.3512484000000000351248400000,0.3819902485207100953363548895,managed
view_a,not_applicable,50000,short,low,managed,-5,0.8388888888888888,0.8888888888888888,1,144.00,579.4560,,,,,,,9.00,provider-billed input + output tokens,36.2160,normalized input + visible output tokens,0.003433112582781457317415902811,0.01303776000000000130377600000,managed
view_b,low,50000,short,low,managed,-5,0.8388888888888888,0.8888888888888888,1,311.0080,746.4640,4.4640,32.400,72.00,3.1680,14.9760,40.00,19.4380,provider-billed input + output tokens,46.6540,normalized input + visible output tokens,0.007414760264900663037325590983,0.01679544000000000167954400000,managed
view_b,typical,50000,short,low,managed,-5,0.8388888888888888,0.8888888888888888,1,631.0080,1066.4640,4.4640,32.400,72.00,3.1680,14.9760,360.0,39.4380,provider-billed input + output tokens,66.6540,normalized input + visible output tokens,0.01504389933774834596491648612,0.02399544000000000239954400000,managed
view_b,high,50000,short,low,managed,-5,0.8388888888888888,0.8888888888888888,1,3151.0080,3586.4640,4.4640,32.400,72.00,3.1680,14.9760,2880.0,196.9380,provider-billed input + output tokens,224.1540,normalized input + visible output tokens,0.07512336953642384901969478532,0.08069544000000000806954400000,managed
view_a,not_applicable,50000,short,low,private,-5,0.8888888888888888,0.8388888888888888,1,144.00,579.4560,,,,,,,9.00,provider-billed input + output tokens,36.2160,normalized input + visible output tokens,0.003240000000000000324000000000,0.01381484503311258424528159291,managed
view_b,low,50000,short,low,private,-5,0.8888888888888888,0.8388888888888888,1,311.0080,746.4640,4.4640,32.400,72.00,3.1680,14.9760,40.00,19.4380,provider-billed input + output tokens,46.6540,normalized input + visible output tokens,0.006997680000000000699768000000,0.01779649271523178996519128108,managed
view_b,typical,50000,short,low,private,-5,0.8888888888888888,0.8388888888888888,1,631.0080,1066.4640,4.4640,32.400,72.00,3.1680,14.9760,360.0,39.4380,provider-billed input + output tokens,66.6540,normalized input + visible output tokens,0.01419768000000000141976800000,0.02542563178807947289278217622,managed
view_b,high,50000,short,low,private,-5,0.8888888888888888,0.8388888888888888,1,3151.0080,3586.4640,4.4640,32.400,72.00,3.1680,14.9760,2880.0,196.9380,provider-billed input + output tokens,224.1540,normalized input + visible output tokens,0.07089768000000000708976800000,0.08550510198675497594756047542,managed
view_a,not_applicable,50000,short,low,measured,0,0.8888888888888888,0.8888888888888888,1,144.00,579.4560,,,,,,,9.00,provider-billed input + output tokens,36.2160,normalized input + visible output tokens,0.003240000000000000324000000000,0.01303776000000000130377600000,managed
view_b,low,50000,short,low,measured,0,0.8888888888888888,0.8888888888888888,1,311.0080,746.4640,4.4640,32.400,72.00,3.1680,14.9760,40.00,19.4380,provider-billed input + output tokens,46.6540,normalized input + visible output tokens,0.006997680000000000699768000000,0.01679544000000000167954400000,managed
view_b,typical,50000,short,low,measured,0,0.8888888888888888,0.8888888888888888,1,631.0080,1066.4640,4.4640,32.400,72.00,3.1680,14.9760,360.0,39.4380,provider-billed input + output tokens,66.6540,normalized input + visible output tokens,0.01419768000000000141976800000,0.02399544000000000239954400000,managed
view_b,high,50000,short,low,measured,0,0.8888888888888888,0.8888888888888888,1,3151.0080,3586.4640,4.4640,32.400,72.00,3.1680,14.9760,2880.0,196.9380,provider-billed input + output tokens,224.1540,normalized input + visible output tokens,0.07089768000000000708976800000,0.08069544000000000806954400000,managed
view_a,not_applicable,50000,short,low,managed,5,0.9388888888888888,0.8888888888888888,1,144.00,579.4560,,,,,,,9.00,provider-billed input + output tokens,36.2160,normalized input + visible output tokens,0.003067455621301775438338993733,0.01303776000000000130377600000,managed
view_b,low,50000,short,low,managed,5,0.9388888888888888,0.8888888888888888,1,311.0080,746.4640,4.4640,32.400,72.00,3.1680,14.9760,40.00,19.4380,provider-billed input + output tokens,46.6540,normalized input + visible output tokens,0.006625022485207101218937040020,0.01679544000000000167954400000,managed
view_b,typical,50000,short,low,managed,5,0.9388888888888888,0.8888888888888888,1,631.0080,1066.4640,4.4640,32.400,72.00,3.1680,14.9760,360.0,39.4380,provider-billed input + output tokens,66.6540,normalized input + visible output tokens,0.01344159053254437997080147054,0.02399544000000000239954400000,managed
view_b,high,50000,short,low,managed,5,0.9388888888888888,0.8888888888888888,1,3151.0080,3586.4640,4.4640,32.400,72.00,3.1680,14.9760,2880.0,196.9380,provider-billed input + output tokens,224.1540,normalized input + visible output tokens,0.06712206390532545014173386086,0.08069544000000000806954400000,managed
view_a,not_applicable,50000,short,low,private,5,0.8888888888888888,0.9388888888888888,1,144.00,579.4560,,,,,,,9.00,provider-billed input + output tokens,36.2160,normalized input + visible output tokens,0.003240000000000000324000000000,0.01234344142011834436387611078,managed
view_b,low,50000,short,low,private,5,0.8888888888888888,0.9388888888888888,1,311.0080,746.4640,4.4640,32.400,72.00,3.1680,14.9760,40.00,19.4380,provider-billed input + output tokens,46.6540,normalized input + visible output tokens,0.006997680000000000699768000000,0.01590100828402367014447415707,managed
view_b,typical,50000,short,low,private,5,0.8888888888888888,0.9388888888888888,1,631.0080,1066.4640,4.4640,32.400,72.00,3.1680,14.9760,360.0,39.4380,provider-billed input + output tokens,66.6540,normalized input + visible output tokens,0.01419768000000000141976800000,0.02271757633136094889633858758,managed
view_b,high,50000,short,low,private,5,0.8888888888888888,0.9388888888888888,1,3151.0080,3586.4640,4.4640,32.400,72.00,3.1680,14.9760,2880.0,196.9380,provider-billed input + output tokens,224.1540,normalized input + visible output tokens,0.07089768000000000708976800000,0.07639804970414201906727097791,managed
view_a,not_applicable,50000,short,typical,managed,-5,0.8388888888888888,0.8888888888888888,1,144.00,579.4560,,,,,,,9.00,provider-billed input + output tokens,36.2160,normalized input + visible output tokens,0.003433112582781457317415902811,0.01303776000000000130377600000,managed
view_b,low,50000,short,typical,managed,-5,0.8388888888888888,0.8888888888888888,1,311.0080,746.4640,4.4640,32.400,72.00,3.1680,14.9760,40.00,19.4380,provider-billed input + output tokens,46.6540,normalized input + visible output tokens,0.007414760264900663037325590983,0.01679544000000000167954400000,managed
view_b,typical,50000,short,typical,managed,-5,0.8388888888888888,0.8888888888888888,1,631.0080,1066.4640,4.4640,32.400,72.00,3.1680,14.9760,360.0,39.4380,provider-billed input + output tokens,66.6540,normalized input + visible output tokens,0.01504389933774834596491648612,0.02399544000000000239954400000,managed
view_b,high,50000,short,typical,managed,-5,0.8388888888888888,0.8888888888888888,1,3151.0080,3586.4640,4.4640,32.400,72.00,3.1680,14.9760,2880.0,196.9380,provider-billed input + output tokens,224.1540,normalized input + visible output tokens,0.07512336953642384901969478532,0.08069544000000000806954400000,managed
view_a,not_applicable,50000,short,typical,private,-5,0.8888888888888888,0.8388888888888888,1,144.00,579.4560,,,,,,,9.00,provider-billed input + output tokens,36.2160,normalized input + visible output tokens,0.003240000000000000324000000000,0.01381484503311258424528159291,managed
view_b,low,50000,short,typical,private,-5,0.8888888888888888,0.8388888888888888,1,311.0080,746.4640,4.4640,32.400,72.00,3.1680,14.9760,40.00,19.4380,provider-billed input + output tokens,46.6540,normalized input + visible output tokens,0.006997680000000000699768000000,0.01779649271523178996519128108,managed
view_b,typical,50000,short,typical,private,-5,0.8888888888888888,0.8388888888888888,1,631.0080,1066.4640,4.4640,32.400,72.00,3.1680,14.9760,360.0,39.4380,provider-billed input + output tokens,66.6540,normalized input + visible output tokens,0.01419768000000000141976800000,0.02542563178807947289278217622,managed
view_b,high,50000,short,typical,private,-5,0.8888888888888888,0.8388888888888888,1,3151.0080,3586.4640,4.4640,32.400,72.00,3.1680,14.9760,2880.0,196.9380,provider-billed input + output tokens,224.1540,normalized input + visible output tokens,0.07089768000000000708976800000,0.08550510198675497594756047542,managed
view_a,not_applicable,50000,short,typical,measured,0,0.8888888888888888,0.8888888888888888,1,144.00,579.4560,,,,,,,9.00,provider-billed input + output tokens,36.2160,normalized input + visible output tokens,0.003240000000000000324000000000,0.01303776000000000130377600000,managed
view_b,low,50000,short,typical,measured,0,0.8888888888888888,0.8888888888888888,1,311.0080,746.4640,4.4640,32.400,72.00,3.1680,14.9760,40.00,19.4380,provider-billed input + output tokens,46.6540,normalized input + visible output tokens,0.006997680000000000699768000000,0.01679544000000000167954400000,managed
view_b,typical,50000,short,typical,measured,0,0.8888888888888888,0.8888888888888888,1,631.0080,1066.4640,4.4640,32.400,72.00,3.1680,14.9760,360.0,39.4380,provider-billed input + output tokens,66.6540,normalized input + visible output tokens,0.01419768000000000141976800000,0.02399544000000000239954400000,managed
view_b,high,50000,short,typical,measured,0,0.8888888888888888,0.8888888888888888,1,3151.0080,3586.4640,4.4640,32.400,72.00,3.1680,14.9760,2880.0,196.9380,provider-billed input + output tokens,224.1540,normalized input + visible output tokens,0.07089768000000000708976800000,0.08069544000000000806954400000,managed
view_a,not_applicable,50000,short,typical,managed,5,0.9388888888888888,0.8888888888888888,1,144.00,579.4560,,,,,,,9.00,provider-billed input + output tokens,36.2160,normalized input + visible output tokens,0.003067455621301775438338993733,0.01303776000000000130377600000,managed
view_b,low,50000,short,typical,managed,5,0.9388888888888888,0.8888888888888888,1,311.0080,746.4640,4.4640,32.400,72.00,3.1680,14.9760,40.00,19.4380,provider-billed input + output tokens,46.6540,normalized input + visible output tokens,0.006625022485207101218937040020,0.01679544000000000167954400000,managed
view_b,typical,50000,short,typical,managed,5,0.9388888888888888,0.8888888888888888,1,631.0080,1066.4640,4.4640,32.400,72.00,3.1680,14.9760,360.0,39.4380,provider-billed input + output tokens,66.6540,normalized input + visible output tokens,0.01344159053254437997080147054,0.02399544000000000239954400000,managed
view_b,high,50000,short,typical,managed,5,0.9388888888888888,0.8888888888888888,1,3151.0080,3586.4640,4.4640,32.400,72.00,3.1680,14.9760,2880.0,196.9380,provider-billed input + output tokens,224.1540,normalized input + visible output tokens,0.06712206390532545014173386086,0.08069544000000000806954400000,managed
view_a,not_applicable,50000,short,typical,private,5,0.8888888888888888,0.9388888888888888,1,144.00,579.4560,,,,,,,9.00,provider-billed input + output tokens,36.2160,normalized input + visible output tokens,0.003240000000000000324000000000,0.01234344142011834436387611078,managed
view_b,low,50000,short,typical,private,5,0.8888888888888888,0.9388888888888888,1,311.0080,746.4640,4.4640,32.400,72.00,3.1680,14.9760,40.00,19.4380,provider-billed input + output tokens,46.6540,normalized input + visible output tokens,0.006997680000000000699768000000,0.01590100828402367014447415707,managed
view_b,typical,50000,short,typical,private,5,0.8888888888888888,0.9388888888888888,1,631.0080,1066.4640,4.4640,32.400,72.00,3.1680,14.9760,360.0,39.4380,provider-billed input + output tokens,66.6540,normalized input + visible output tokens,0.01419768000000000141976800000,0.02271757633136094889633858758,managed
view_b,high,50000,short,typical,private,5,0.8888888888888888,0.9388888888888888,1,3151.0080,3586.4640,4.4640,32.400,72.00,3.1680,14.9760,2880.0,196.9380,provider-billed input + output tokens,224.1540,normalized input + visible output tokens,0.07089768000000000708976800000,0.07639804970414201906727097791,managed
view_a,not_applicable,50000,short,high,managed,-5,0.8388888888888888,0.8888888888888888,1,144.00,579.4560,,,,,,,9.00,provider-billed input + output tokens,36.2160,normalized input + visible output tokens,0.003433112582781457317415902811,0.01303776000000000130377600000,managed
view_b,low,50000,short,high,managed,-5,0.8388888888888888,0.8888888888888888,1,311.0080,746.4640,4.4640,32.400,72.00,3.1680,14.9760,40.00,19.4380,provider-billed input + output tokens,46.6540,normalized input + visible output tokens,0.007414760264900663037325590983,0.01679544000000000167954400000,managed
view_b,typical,50000,short,high,managed,-5,0.8388888888888888,0.8888888888888888,1,631.0080,1066.4640,4.4640,32.400,72.00,3.1680,14.9760,360.0,39.4380,provider-billed input + output tokens,66.6540,normalized input + visible output tokens,0.01504389933774834596491648612,0.02399544000000000239954400000,managed
view_b,high,50000,short,high,managed,-5,0.8388888888888888,0.8888888888888888,1,3151.0080,3586.4640,4.4640,32.400,72.00,3.1680,14.9760,2880.0,196.9380,provider-billed input + output tokens,224.1540,normalized input + visible output tokens,0.07512336953642384901969478532,0.08069544000000000806954400000,managed
view_a,not_applicable,50000,short,high,private,-5,0.8888888888888888,0.8388888888888888,1,144.00,579.4560,,,,,,,9.00,provider-billed input + output tokens,36.2160,normalized input + visible output tokens,0.003240000000000000324000000000,0.01381484503311258424528159291,managed
view_b,low,50000,short,high,private,-5,0.8888888888888888,0.8388888888888888,1,311.0080,746.4640,4.4640,32.400,72.00,3.1680,14.9760,40.00,19.4380,provider-billed input + output tokens,46.6540,normalized input + visible output tokens,0.006997680000000000699768000000,0.01779649271523178996519128108,managed
view_b,typical,50000,short,high,private,-5,0.8888888888888888,0.8388888888888888,1,631.0080,1066.4640,4.4640,32.400,72.00,3.1680,14.9760,360.0,39.4380,provider-billed input + output tokens,66.6540,normalized input + visible output tokens,0.01419768000000000141976800000,0.02542563178807947289278217622,managed
view_b,high,50000,short,high,private,-5,0.8888888888888888,0.8388888888888888,1,3151.0080,3586.4640,4.4640,32.400,72.00,3.1680,14.9760,2880.0,196.9380,provider-billed input + output tokens,224.1540,normalized input + visible output tokens,0.07089768000000000708976800000,0.08550510198675497594756047542,managed
view_a,not_applicable,50000,short,high,measured,0,0.8888888888888888,0.8888888888888888,1,144.00,579.4560,,,,,,,9.00,provider-billed input + output tokens,36.2160,normalized input + visible output tokens,0.003240000000000000324000000000,0.01303776000000000130377600000,managed
view_b,low,50000,short,high,measured,0,0.8888888888888888,0.8888888888888888,1,311.0080,746.4640,4.4640,32.400,72.00,3.1680,14.9760,40.00,19.4380,provider-billed input + output tokens,46.6540,normalized input + visible output tokens,0.006997680000000000699768000000,0.01679544000000000167954400000,managed
view_b,typical,50000,short,high,measured,0,0.8888888888888888,0.8888888888888888,1,631.0080,1066.4640,4.4640,32.400,72.00,3.1680,14.9760,360.0,39.4380,provider-billed input + output tokens,66.6540,normalized input + visible output tokens,0.01419768000000000141976800000,0.02399544000000000239954400000,managed
view_b,high,50000,short,high,measured,0,0.8888888888888888,0.8888888888888888,1,3151.0080,3586.4640,4.4640,32.400,72.00,3.1680,14.9760,2880.0,196.9380,provider-billed input + output tokens,224.1540,normalized input + visible output tokens,0.07089768000000000708976800000,0.08069544000000000806954400000,managed
view_a,not_applicable,50000,short,high,managed,5,0.9388888888888888,0.8888888888888888,1,144.00,579.4560,,,,,,,9.00,provider-billed input + output tokens,36.2160,normalized input + visible output tokens,0.003067455621301775438338993733,0.01303776000000000130377600000,managed
view_b,low,50000,short,high,managed,5,0.9388888888888888,0.8888888888888888,1,311.0080,746.4640,4.4640,32.400,72.00,3.1680,14.9760,40.00,19.4380,provider-billed input + output tokens,46.6540,normalized input + visible output tokens,0.006625022485207101218937040020,0.01679544000000000167954400000,managed
view_b,typical,50000,short,high,managed,5,0.9388888888888888,0.8888888888888888,1,631.0080,1066.4640,4.4640,32.400,72.00,3.1680,14.9760,360.0,39.4380,provider-billed input + output tokens,66.6540,normalized input + visible output tokens,0.01344159053254437997080147054,0.02399544000000000239954400000,managed
view_b,high,50000,short,high,managed,5,0.9388888888888888,0.8888888888888888,1,3151.0080,3586.4640,4.4640,32.400,72.00,3.1680,14.9760,2880.0,196.9380,provider-billed input + output tokens,224.1540,normalized input + visible output tokens,0.06712206390532545014173386086,0.08069544000000000806954400000,managed
view_a,not_applicable,50000,short,high,private,5,0.8888888888888888,0.9388888888888888,1,144.00,579.4560,,,,,,,9.00,provider-billed input + output tokens,36.2160,normalized input + visible output tokens,0.003240000000000000324000000000,0.01234344142011834436387611078,managed
view_b,low,50000,short,high,private,5,0.8888888888888888,0.9388888888888888,1,311.0080,746.4640,4.4640,32.400,72.00,3.1680,14.9760,40.00,19.4380,provider-billed input + output tokens,46.6540,normalized input + visible output tokens,0.006997680000000000699768000000,0.01590100828402367014447415707,managed
view_b,typical,50000,short,high,private,5,0.8888888888888888,0.9388888888888888,1,631.0080,1066.4640,4.4640,32.400,72.00,3.1680,14.9760,360.0,39.4380,provider-billed input + output tokens,66.6540,normalized input + visible output tokens,0.01419768000000000141976800000,0.02271757633136094889633858758,managed
view_b,high,50000,short,high,private,5,0.8888888888888888,0.9388888888888888,1,3151.0080,3586.4640,4.4640,32.400,72.00,3.1680,14.9760,2880.0,196.9380,provider-billed input + output tokens,224.1540,normalized input + visible output tokens,0.07089768000000000708976800000,0.07639804970414201906727097791,managed
view_a,not_applicable,50000,medium,low,managed,-5,0.8388888888888888,0.8888888888888888,1,576.00,579.4560,,,,,,,9.00,provider-billed input + output tokens,9.0540,normalized input + visible output tokens,0.01373245033112582926966361125,0.01303776000000000130377600000,private
view_b,low,50000,medium,low,managed,-5,0.8388888888888888,0.8888888888888888,1,743.0080,746.4640,4.4640,32.400,72.00,3.1680,14.9760,40.00,11.6095,provider-billed input + output tokens,11.6635,normalized input + visible output tokens,0.01771409801324503498957329942,0.01679544000000000167954400000,private
view_b,typical,50000,medium,low,managed,-5,0.8388888888888888,0.8888888888888888,1,1063.0080,1066.4640,4.4640,32.400,72.00,3.1680,14.9760,360.0,16.6095,provider-billed input + output tokens,16.6635,normalized input + visible output tokens,0.02534323708609271791716419455,0.02399544000000000239954400000,private
view_b,high,50000,medium,low,managed,-5,0.8388888888888888,0.8888888888888888,1,3583.0080,3586.4640,4.4640,32.400,72.00,3.1680,14.9760,2880.0,55.9845,provider-billed input + output tokens,56.0385,normalized input + visible output tokens,0.08542270728476822097194249375,0.08069544000000000806954400000,private
view_a,not_applicable,50000,medium,low,private,-5,0.8888888888888888,0.8388888888888888,1,576.00,579.4560,,,,,,,9.00,provider-billed input + output tokens,9.0540,normalized input + visible output tokens,0.01296000000000000129600000000,0.01381484503311258424528159291,managed
view_b,low,50000,medium,low,private,-5,0.8888888888888888,0.8388888888888888,1,743.0080,746.4640,4.4640,32.400,72.00,3.1680,14.9760,40.00,11.6095,provider-billed input + output tokens,11.6635,normalized input + visible output tokens,0.01671768000000000167176800000,0.01779649271523178996519128108,managed
view_b,typical,50000,medium,low,private,-5,0.8888888888888888,0.8388888888888888,1,1063.0080,1066.4640,4.4640,32.400,72.00,3.1680,14.9760,360.0,16.6095,provider-billed input + output tokens,16.6635,normalized input + visible output tokens,0.02391768000000000239176800000,0.02542563178807947289278217622,managed
view_b,high,50000,medium,low,private,-5,0.8888888888888888,0.8388888888888888,1,3583.0080,3586.4640,4.4640,32.400,72.00,3.1680,14.9760,2880.0,55.9845,provider-billed input + output tokens,56.0385,normalized input + visible output tokens,0.08061768000000000806176800000,0.08550510198675497594756047542,managed
view_a,not_applicable,50000,medium,low,measured,0,0.8888888888888888,0.8888888888888888,1,576.00,579.4560,,,,,,,9.00,provider-billed input + output tokens,9.0540,normalized input + visible output tokens,0.01296000000000000129600000000,0.01303776000000000130377600000,managed
view_b,low,50000,medium,low,measured,0,0.8888888888888888,0.8888888888888888,1,743.0080,746.4640,4.4640,32.400,72.00,3.1680,14.9760,40.00,11.6095,provider-billed input + output tokens,11.6635,normalized input + visible output tokens,0.01671768000000000167176800000,0.01679544000000000167954400000,managed
view_b,typical,50000,medium,low,measured,0,0.8888888888888888,0.8888888888888888,1,1063.0080,1066.4640,4.4640,32.400,72.00,3.1680,14.9760,360.0,16.6095,provider-billed input + output tokens,16.6635,normalized input + visible output tokens,0.02391768000000000239176800000,0.02399544000000000239954400000,managed
view_b,high,50000,medium,low,measured,0,0.8888888888888888,0.8888888888888888,1,3583.0080,3586.4640,4.4640,32.400,72.00,3.1680,14.9760,2880.0,55.9845,provider-billed input + output tokens,56.0385,normalized input + visible output tokens,0.08061768000000000806176800000,0.08069544000000000806954400000,managed
view_a,not_applicable,50000,medium,low,managed,5,0.9388888888888888,0.8888888888888888,1,576.00,579.4560,,,,,,,9.00,provider-billed input + output tokens,9.0540,normalized input + visible output tokens,0.01226982248520710175335597493,0.01303776000000000130377600000,managed
view_b,low,50000,medium,low,managed,5,0.9388888888888888,0.8888888888888888,1,743.0080,746.4640,4.4640,32.400,72.00,3.1680,14.9760,40.00,11.6095,provider-billed input + output tokens,11.6635,normalized input + visible output tokens,0.01582738934911242753395402122,0.01679544000000000167954400000,managed
view_b,typical,50000,medium,low,managed,5,0.9388888888888888,0.8888888888888888,1,1063.0080,1066.4640,4.4640,32.400,72.00,3.1680,14.9760,360.0,16.6095,provider-billed input + output tokens,16.6635,normalized input + visible output tokens,0.02264395739644970628581845173,0.02399544000000000239954400000,managed
view_b,high,50000,medium,low,managed,5,0.9388888888888888,0.8888888888888888,1,3583.0080,3586.4640,4.4640,32.400,72.00,3.1680,14.9760,2880.0,55.9845,provider-billed input + output tokens,56.0385,normalized input + visible output tokens,0.07632443076923077645675084206,0.08069544000000000806954400000,managed
view_a,not_applicable,50000,medium,low,private,5,0.8888888888888888,0.9388888888888888,1,576.00,579.4560,,,,,,,9.00,provider-billed input + output tokens,9.0540,normalized input + visible output tokens,0.01296000000000000129600000000,0.01234344142011834436387611078,private
view_b,low,50000,medium,low,private,5,0.8888888888888888,0.9388888888888888,1,743.0080,746.4640,4.4640,32.400,72.00,3.1680,14.9760,40.00,11.6095,provider-billed input + output tokens,11.6635,normalized input + visible output tokens,0.01671768000000000167176800000,0.01590100828402367014447415707,private
view_b,typical,50000,medium,low,private,5,0.8888888888888888,0.9388888888888888,1,1063.0080,1066.4640,4.4640,32.400,72.00,3.1680,14.9760,360.0,16.6095,provider-billed input + output tokens,16.6635,normalized input + visible output tokens,0.02391768000000000239176800000,0.02271757633136094889633858758,private
view_b,high,50000,medium,low,private,5,0.8888888888888888,0.9388888888888888,1,3583.0080,3586.4640,4.4640,32.400,72.00,3.1680,14.9760,2880.0,55.9845,provider-billed input + output tokens,56.0385,normalized input + visible output tokens,0.08061768000000000806176800000,0.07639804970414201906727097791,private
view_a,not_applicable,50000,medium,typical,managed,-5,0.8388888888888888,0.8888888888888888,1,576.00,579.4560,,,,,,,9.00,provider-billed input + output tokens,9.0540,normalized input + visible output tokens,0.01373245033112582926966361125,0.01303776000000000130377600000,private
view_b,low,50000,medium,typical,managed,-5,0.8388888888888888,0.8888888888888888,1,743.0080,746.4640,4.4640,32.400,72.00,3.1680,14.9760,40.00,11.6095,provider-billed input + output tokens,11.6635,normalized input + visible output tokens,0.01771409801324503498957329942,0.01679544000000000167954400000,private
view_b,typical,50000,medium,typical,managed,-5,0.8388888888888888,0.8888888888888888,1,1063.0080,1066.4640,4.4640,32.400,72.00,3.1680,14.9760,360.0,16.6095,provider-billed input + output tokens,16.6635,normalized input + visible output tokens,0.02534323708609271791716419455,0.02399544000000000239954400000,private
view_b,high,50000,medium,typical,managed,-5,0.8388888888888888,0.8888888888888888,1,3583.0080,3586.4640,4.4640,32.400,72.00,3.1680,14.9760,2880.0,55.9845,provider-billed input + output tokens,56.0385,normalized input + visible output tokens,0.08542270728476822097194249375,0.08069544000000000806954400000,private
view_a,not_applicable,50000,medium,typical,private,-5,0.8888888888888888,0.8388888888888888,1,576.00,579.4560,,,,,,,9.00,provider-billed input + output tokens,9.0540,normalized input + visible output tokens,0.01296000000000000129600000000,0.01381484503311258424528159291,managed
view_b,low,50000,medium,typical,private,-5,0.8888888888888888,0.8388888888888888,1,743.0080,746.4640,4.4640,32.400,72.00,3.1680,14.9760,40.00,11.6095,provider-billed input + output tokens,11.6635,normalized input + visible output tokens,0.01671768000000000167176800000,0.01779649271523178996519128108,managed
view_b,typical,50000,medium,typical,private,-5,0.8888888888888888,0.8388888888888888,1,1063.0080,1066.4640,4.4640,32.400,72.00,3.1680,14.9760,360.0,16.6095,provider-billed input + output tokens,16.6635,normalized input + visible output tokens,0.02391768000000000239176800000,0.02542563178807947289278217622,managed
view_b,high,50000,medium,typical,private,-5,0.8888888888888888,0.8388888888888888,1,3583.0080,3586.4640,4.4640,32.400,72.00,3.1680,14.9760,2880.0,55.9845,provider-billed input + output tokens,56.0385,normalized input + visible output tokens,0.08061768000000000806176800000,0.08550510198675497594756047542,managed
view_a,not_applicable,50000,medium,typical,measured,0,0.8888888888888888,0.8888888888888888,1,576.00,579.4560,,,,,,,9.00,provider-billed input + output tokens,9.0540,normalized input + visible output tokens,0.01296000000000000129600000000,0.01303776000000000130377600000,managed
view_b,low,50000,medium,typical,measured,0,0.8888888888888888,0.8888888888888888,1,743.0080,746.4640,4.4640,32.400,72.00,3.1680,14.9760,40.00,11.6095,provider-billed input + output tokens,11.6635,normalized input + visible output tokens,0.01671768000000000167176800000,0.01679544000000000167954400000,managed
view_b,typical,50000,medium,typical,measured,0,0.8888888888888888,0.8888888888888888,1,1063.0080,1066.4640,4.4640,32.400,72.00,3.1680,14.9760,360.0,16.6095,provider-billed input + output tokens,16.6635,normalized input + visible output tokens,0.02391768000000000239176800000,0.02399544000000000239954400000,managed
view_b,high,50000,medium,typical,measured,0,0.8888888888888888,0.8888888888888888,1,3583.0080,3586.4640,4.4640,32.400,72.00,3.1680,14.9760,2880.0,55.9845,provider-billed input + output tokens,56.0385,normalized input + visible output tokens,0.08061768000000000806176800000,0.08069544000000000806954400000,managed
view_a,not_applicable,50000,medium,typical,managed,5,0.9388888888888888,0.8888888888888888,1,576.00,579.4560,,,,,,,9.00,provider-billed input + output tokens,9.0540,normalized input + visible output tokens,0.01226982248520710175335597493,0.01303776000000000130377600000,managed
view_b,low,50000,medium,typical,managed,5,0.9388888888888888,0.8888888888888888,1,743.0080,746.4640,4.4640,32.400,72.00,3.1680,14.9760,40.00,11.6095,provider-billed input + output tokens,11.6635,normalized input + visible output tokens,0.01582738934911242753395402122,0.01679544000000000167954400000,managed
view_b,typical,50000,medium,typical,managed,5,0.9388888888888888,0.8888888888888888,1,1063.0080,1066.4640,4.4640,32.400,72.00,3.1680,14.9760,360.0,16.6095,provider-billed input + output tokens,16.6635,normalized input + visible output tokens,0.02264395739644970628581845173,0.02399544000000000239954400000,managed
view_b,high,50000,medium,typical,managed,5,0.9388888888888888,0.8888888888888888,1,3583.0080,3586.4640,4.4640,32.400,72.00,3.1680,14.9760,2880.0,55.9845,provider-billed input + output tokens,56.0385,normalized input + visible output tokens,0.07632443076923077645675084206,0.08069544000000000806954400000,managed
view_a,not_applicable,50000,medium,typical,private,5,0.8888888888888888,0.9388888888888888,1,576.00,579.4560,,,,,,,9.00,provider-billed input + output tokens,9.0540,normalized input + visible output tokens,0.01296000000000000129600000000,0.01234344142011834436387611078,private
view_b,low,50000,medium,typical,private,5,0.8888888888888888,0.9388888888888888,1,743.0080,746.4640,4.4640,32.400,72.00,3.1680,14.9760,40.00,11.6095,provider-billed input + output tokens,11.6635,normalized input + visible output tokens,0.01671768000000000167176800000,0.01590100828402367014447415707,private
view_b,typical,50000,medium,typical,private,5,0.8888888888888888,0.9388888888888888,1,1063.0080,1066.4640,4.4640,32.400,72.00,3.1680,14.9760,360.0,16.6095,provider-billed input + output tokens,16.6635,normalized input + visible output tokens,0.02391768000000000239176800000,0.02271757633136094889633858758,private
view_b,high,50000,medium,typical,private,5,0.8888888888888888,0.9388888888888888,1,3583.0080,3586.4640,4.4640,32.400,72.00,3.1680,14.9760,2880.0,55.9845,provider-billed input + output tokens,56.0385,normalized input + visible output tokens,0.08061768000000000806176800000,0.07639804970414201906727097791,private
view_a,not_applicable,50000,medium,high,managed,-5,0.8388888888888888,0.8888888888888888,1,576.00,579.4560,,,,,,,9.00,provider-billed input + output tokens,9.0540,normalized input + visible output tokens,0.01373245033112582926966361125,0.01303776000000000130377600000,private
view_b,low,50000,medium,high,managed,-5,0.8388888888888888,0.8888888888888888,1,743.0080,746.4640,4.4640,32.400,72.00,3.1680,14.9760,40.00,11.6095,provider-billed input + output tokens,11.6635,normalized input + visible output tokens,0.01771409801324503498957329942,0.01679544000000000167954400000,private
view_b,typical,50000,medium,high,managed,-5,0.8388888888888888,0.8888888888888888,1,1063.0080,1066.4640,4.4640,32.400,72.00,3.1680,14.9760,360.0,16.6095,provider-billed input + output tokens,16.6635,normalized input + visible output tokens,0.02534323708609271791716419455,0.02399544000000000239954400000,private
view_b,high,50000,medium,high,managed,-5,0.8388888888888888,0.8888888888888888,1,3583.0080,3586.4640,4.4640,32.400,72.00,3.1680,14.9760,2880.0,55.9845,provider-billed input + output tokens,56.0385,normalized input + visible output tokens,0.08542270728476822097194249375,0.08069544000000000806954400000,private
view_a,not_applicable,50000,medium,high,private,-5,0.8888888888888888,0.8388888888888888,1,576.00,579.4560,,,,,,,9.00,provider-billed input + output tokens,9.0540,normalized input + visible output tokens,0.01296000000000000129600000000,0.01381484503311258424528159291,managed
view_b,low,50000,medium,high,private,-5,0.8888888888888888,0.8388888888888888,1,743.0080,746.4640,4.4640,32.400,72.00,3.1680,14.9760,40.00,11.6095,provider-billed input + output tokens,11.6635,normalized input + visible output tokens,0.01671768000000000167176800000,0.01779649271523178996519128108,managed
view_b,typical,50000,medium,high,private,-5,0.8888888888888888,0.8388888888888888,1,1063.0080,1066.4640,4.4640,32.400,72.00,3.1680,14.9760,360.0,16.6095,provider-billed input + output tokens,16.6635,normalized input + visible output tokens,0.02391768000000000239176800000,0.02542563178807947289278217622,managed
view_b,high,50000,medium,high,private,-5,0.8888888888888888,0.8388888888888888,1,3583.0080,3586.4640,4.4640,32.400,72.00,3.1680,14.9760,2880.0,55.9845,provider-billed input + output tokens,56.0385,normalized input + visible output tokens,0.08061768000000000806176800000,0.08550510198675497594756047542,managed
view_a,not_applicable,50000,medium,high,measured,0,0.8888888888888888,0.8888888888888888,1,576.00,579.4560,,,,,,,9.00,provider-billed input + output tokens,9.0540,normalized input + visible output tokens,0.01296000000000000129600000000,0.01303776000000000130377600000,managed
view_b,low,50000,medium,high,measured,0,0.8888888888888888,0.8888888888888888,1,743.0080,746.4640,4.4640,32.400,72.00,3.1680,14.9760,40.00,11.6095,provider-billed input + output tokens,11.6635,normalized input + visible output tokens,0.01671768000000000167176800000,0.01679544000000000167954400000,managed
view_b,typical,50000,medium,high,measured,0,0.8888888888888888,0.8888888888888888,1,1063.0080,1066.4640,4.4640,32.400,72.00,3.1680,14.9760,360.0,16.6095,provider-billed input + output tokens,16.6635,normalized input + visible output tokens,0.02391768000000000239176800000,0.02399544000000000239954400000,managed
view_b,high,50000,medium,high,measured,0,0.8888888888888888,0.8888888888888888,1,3583.0080,3586.4640,4.4640,32.400,72.00,3.1680,14.9760,2880.0,55.9845,provider-billed input + output tokens,56.0385,normalized input + visible output tokens,0.08061768000000000806176800000,0.08069544000000000806954400000,managed
view_a,not_applicable,50000,medium,high,managed,5,0.9388888888888888,0.8888888888888888,1,576.00,579.4560,,,,,,,9.00,provider-billed input + output tokens,9.0540,normalized input + visible output tokens,0.01226982248520710175335597493,0.01303776000000000130377600000,managed
view_b,low,50000,medium,high,managed,5,0.9388888888888888,0.8888888888888888,1,743.0080,746.4640,4.4640,32.400,72.00,3.1680,14.9760,40.00,11.6095,provider-billed input + output tokens,11.6635,normalized input + visible output tokens,0.01582738934911242753395402122,0.01679544000000000167954400000,managed
view_b,typical,50000,medium,high,managed,5,0.9388888888888888,0.8888888888888888,1,1063.0080,1066.4640,4.4640,32.400,72.00,3.1680,14.9760,360.0,16.6095,provider-billed input + output tokens,16.6635,normalized input + visible output tokens,0.02264395739644970628581845173,0.02399544000000000239954400000,managed
view_b,high,50000,medium,high,managed,5,0.9388888888888888,0.8888888888888888,1,3583.0080,3586.4640,4.4640,32.400,72.00,3.1680,14.9760,2880.0,55.9845,provider-billed input + output tokens,56.0385,normalized input + visible output tokens,0.07632443076923077645675084206,0.08069544000000000806954400000,managed
view_a,not_applicable,50000,medium,high,private,5,0.8888888888888888,0.9388888888888888,1,576.00,579.4560,,,,,,,9.00,provider-billed input + output tokens,9.0540,normalized input + visible output tokens,0.01296000000000000129600000000,0.01234344142011834436387611078,private
view_b,low,50000,medium,high,private,5,0.8888888888888888,0.9388888888888888,1,743.0080,746.4640,4.4640,32.400,72.00,3.1680,14.9760,40.00,11.6095,provider-billed input + output tokens,11.6635,normalized input + visible output tokens,0.01671768000000000167176800000,0.01590100828402367014447415707,private
view_b,typical,50000,medium,high,private,5,0.8888888888888888,0.9388888888888888,1,1063.0080,1066.4640,4.4640,32.400,72.00,3.1680,14.9760,360.0,16.6095,provider-billed input + output tokens,16.6635,normalized input + visible output tokens,0.02391768000000000239176800000,0.02271757633136094889633858758,private
view_b,high,50000,medium,high,private,5,0.8888888888888888,0.9388888888888888,1,3583.0080,3586.4640,4.4640,32.400,72.00,3.1680,14.9760,2880.0,55.9845,provider-billed input + output tokens,56.0385,normalized input + visible output tokens,0.08061768000000000806176800000,0.07639804970414201906727097791,private
view_a,not_applicable,100000,short,low,managed,-5,0.8388888888888888,0.8888888888888888,1,288.00,579.4560,,,,,,,9.00,provider-billed input + output tokens,18.1080,normalized input + visible output tokens,0.003433112582781457317415902811,0.006518880000000000651888000000,managed
view_b,low,100000,short,low,managed,-5,0.8388888888888888,0.8888888888888888,1,455.0080,746.4640,4.4640,32.400,72.00,3.1680,14.9760,40.00,14.2190,provider-billed input + output tokens,23.3270,normalized input + visible output tokens,0.005423936423841060177370746897,0.008397720000000000839772000000,managed
view_b,typical,100000,short,low,managed,-5,0.8388888888888888,0.8888888888888888,1,775.0080,1066.4640,4.4640,32.400,72.00,3.1680,14.9760,360.0,24.2190,provider-billed input + output tokens,33.3270,normalized input + visible output tokens,0.009238505960264901641166194465,0.01199772000000000119977200000,managed
view_b,high,100000,short,low,managed,-5,0.8388888888888888,0.8888888888888888,1,3295.0080,3586.4640,4.4640,32.400,72.00,3.1680,14.9760,2880.0,102.9690,provider-billed input + output tokens,112.0770,normalized input + visible output tokens,0.03927824105960265316855534406,0.04034772000000000403477200000,managed
view_a,not_applicable,100000,short,low,private,-5,0.8888888888888888,0.8388888888888888,1,288.00,579.4560,,,,,,,9.00,provider-billed input + output tokens,18.1080,normalized input + visible output tokens,0.003240000000000000324000000000,0.006907422516556292122640796456,managed
view_b,low,100000,short,low,private,-5,0.8888888888888888,0.8388888888888888,1,455.0080,746.4640,4.4640,32.400,72.00,3.1680,14.9760,40.00,14.2190,provider-billed input + output tokens,23.3270,normalized input + visible output tokens,0.005118840000000000511884000000,0.008898246357615894982595640542,managed
view_b,typical,100000,short,low,private,-5,0.8888888888888888,0.8388888888888888,1,775.0080,1066.4640,4.4640,32.400,72.00,3.1680,14.9760,360.0,24.2190,provider-billed input + output tokens,33.3270,normalized input + visible output tokens,0.008718840000000000871884000000,0.01271281589403973644639108811,managed
view_b,high,100000,short,low,private,-5,0.8888888888888888,0.8388888888888888,1,3295.0080,3586.4640,4.4640,32.400,72.00,3.1680,14.9760,2880.0,102.9690,provider-billed input + output tokens,112.0770,normalized input + visible output tokens,0.03706884000000000370688400000,0.04275255099337748797378023771,managed
view_a,not_applicable,100000,short,low,measured,0,0.8888888888888888,0.8888888888888888,1,288.00,579.4560,,,,,,,9.00,provider-billed input + output tokens,18.1080,normalized input + visible output tokens,0.003240000000000000324000000000,0.006518880000000000651888000000,managed
view_b,low,100000,short,low,measured,0,0.8888888888888888,0.8888888888888888,1,455.0080,746.4640,4.4640,32.400,72.00,3.1680,14.9760,40.00,14.2190,provider-billed input + output tokens,23.3270,normalized input + visible output tokens,0.005118840000000000511884000000,0.008397720000000000839772000000,managed
view_b,typical,100000,short,low,measured,0,0.8888888888888888,0.8888888888888888,1,775.0080,1066.4640,4.4640,32.400,72.00,3.1680,14.9760,360.0,24.2190,provider-billed input + output tokens,33.3270,normalized input + visible output tokens,0.008718840000000000871884000000,0.01199772000000000119977200000,managed
view_b,high,100000,short,low,measured,0,0.8888888888888888,0.8888888888888888,1,3295.0080,3586.4640,4.4640,32.400,72.00,3.1680,14.9760,2880.0,102.9690,provider-billed input + output tokens,112.0770,normalized input + visible output tokens,0.03706884000000000370688400000,0.04034772000000000403477200000,managed
view_a,not_applicable,100000,short,low,managed,5,0.9388888888888888,0.8888888888888888,1,288.00,579.4560,,,,,,,9.00,provider-billed input + output tokens,18.1080,normalized input + visible output tokens,0.003067455621301775438338993733,0.006518880000000000651888000000,managed
view_b,low,100000,short,low,managed,5,0.9388888888888888,0.8888888888888888,1,455.0080,746.4640,4.4640,32.400,72.00,3.1680,14.9760,40.00,14.2190,provider-billed input + output tokens,23.3270,normalized input + visible output tokens,0.004846239053254438328638016876,0.008397720000000000839772000000,managed
view_b,typical,100000,short,low,managed,5,0.9388888888888888,0.8888888888888888,1,775.0080,1066.4640,4.4640,32.400,72.00,3.1680,14.9760,360.0,24.2190,provider-billed input + output tokens,33.3270,normalized input + visible output tokens,0.008254523076923077704570232135,0.01199772000000000119977200000,managed
view_b,high,100000,short,low,managed,5,0.9388888888888888,0.8888888888888888,1,3295.0080,3586.4640,4.4640,32.400,72.00,3.1680,14.9760,2880.0,102.9690,provider-billed input + output tokens,112.0770,normalized input + visible output tokens,0.03509475976331361279003642730,0.04034772000000000403477200000,managed
view_a,not_applicable,100000,short,low,private,5,0.8888888888888888,0.9388888888888888,1,288.00,579.4560,,,,,,,9.00,provider-billed input + output tokens,18.1080,normalized input + visible output tokens,0.003240000000000000324000000000,0.006171720710059172181938055390,managed
view_b,low,100000,short,low,private,5,0.8888888888888888,0.9388888888888888,1,455.0080,746.4640,4.4640,32.400,72.00,3.1680,14.9760,40.00,14.2190,provider-billed input + output tokens,23.3270,normalized input + visible output tokens,0.005118840000000000511884000000,0.007950504142011835072237078534,managed
view_b,typical,100000,short,low,private,5,0.8888888888888888,0.9388888888888888,1,775.0080,1066.4640,4.4640,32.400,72.00,3.1680,14.9760,360.0,24.2190,provider-billed input + output tokens,33.3270,normalized input + visible output tokens,0.008718840000000000871884000000,0.01135878816568047444816929379,managed
view_b,high,100000,short,low,private,5,0.8888888888888888,0.9388888888888888,1,3295.0080,3586.4640,4.4640,32.400,72.00,3.1680,14.9760,2880.0,102.9690,provider-billed input + output tokens,112.0770,normalized input + visible output tokens,0.03706884000000000370688400000,0.03819902485207100953363548895,managed
view_a,not_applicable,100000,short,typical,managed,-5,0.8388888888888888,0.8888888888888888,1,288.00,579.4560,,,,,,,9.00,provider-billed input + output tokens,18.1080,normalized input + visible output tokens,0.003433112582781457317415902811,0.006518880000000000651888000000,managed
view_b,low,100000,short,typical,managed,-5,0.8388888888888888,0.8888888888888888,1,455.0080,746.4640,4.4640,32.400,72.00,3.1680,14.9760,40.00,14.2190,provider-billed input + output tokens,23.3270,normalized input + visible output tokens,0.005423936423841060177370746897,0.008397720000000000839772000000,managed
view_b,typical,100000,short,typical,managed,-5,0.8388888888888888,0.8888888888888888,1,775.0080,1066.4640,4.4640,32.400,72.00,3.1680,14.9760,360.0,24.2190,provider-billed input + output tokens,33.3270,normalized input + visible output tokens,0.009238505960264901641166194465,0.01199772000000000119977200000,managed
view_b,high,100000,short,typical,managed,-5,0.8388888888888888,0.8888888888888888,1,3295.0080,3586.4640,4.4640,32.400,72.00,3.1680,14.9760,2880.0,102.9690,provider-billed input + output tokens,112.0770,normalized input + visible output tokens,0.03927824105960265316855534406,0.04034772000000000403477200000,managed
view_a,not_applicable,100000,short,typical,private,-5,0.8888888888888888,0.8388888888888888,1,288.00,579.4560,,,,,,,9.00,provider-billed input + output tokens,18.1080,normalized input + visible output tokens,0.003240000000000000324000000000,0.006907422516556292122640796456,managed
view_b,low,100000,short,typical,private,-5,0.8888888888888888,0.8388888888888888,1,455.0080,746.4640,4.4640,32.400,72.00,3.1680,14.9760,40.00,14.2190,provider-billed input + output tokens,23.3270,normalized input + visible output tokens,0.005118840000000000511884000000,0.008898246357615894982595640542,managed
view_b,typical,100000,short,typical,private,-5,0.8888888888888888,0.8388888888888888,1,775.0080,1066.4640,4.4640,32.400,72.00,3.1680,14.9760,360.0,24.2190,provider-billed input + output tokens,33.3270,normalized input + visible output tokens,0.008718840000000000871884000000,0.01271281589403973644639108811,managed
view_b,high,100000,short,typical,private,-5,0.8888888888888888,0.8388888888888888,1,3295.0080,3586.4640,4.4640,32.400,72.00,3.1680,14.9760,2880.0,102.9690,provider-billed input + output tokens,112.0770,normalized input + visible output tokens,0.03706884000000000370688400000,0.04275255099337748797378023771,managed
view_a,not_applicable,100000,short,typical,measured,0,0.8888888888888888,0.8888888888888888,1,288.00,579.4560,,,,,,,9.00,provider-billed input + output tokens,18.1080,normalized input + visible output tokens,0.003240000000000000324000000000,0.006518880000000000651888000000,managed
view_b,low,100000,short,typical,measured,0,0.8888888888888888,0.8888888888888888,1,455.0080,746.4640,4.4640,32.400,72.00,3.1680,14.9760,40.00,14.2190,provider-billed input + output tokens,23.3270,normalized input + visible output tokens,0.005118840000000000511884000000,0.008397720000000000839772000000,managed
view_b,typical,100000,short,typical,measured,0,0.8888888888888888,0.8888888888888888,1,775.0080,1066.4640,4.4640,32.400,72.00,3.1680,14.9760,360.0,24.2190,provider-billed input + output tokens,33.3270,normalized input + visible output tokens,0.008718840000000000871884000000,0.01199772000000000119977200000,managed
view_b,high,100000,short,typical,measured,0,0.8888888888888888,0.8888888888888888,1,3295.0080,3586.4640,4.4640,32.400,72.00,3.1680,14.9760,2880.0,102.9690,provider-billed input + output tokens,112.0770,normalized input + visible output tokens,0.03706884000000000370688400000,0.04034772000000000403477200000,managed
view_a,not_applicable,100000,short,typical,managed,5,0.9388888888888888,0.8888888888888888,1,288.00,579.4560,,,,,,,9.00,provider-billed input + output tokens,18.1080,normalized input + visible output tokens,0.003067455621301775438338993733,0.006518880000000000651888000000,managed
view_b,low,100000,short,typical,managed,5,0.9388888888888888,0.8888888888888888,1,455.0080,746.4640,4.4640,32.400,72.00,3.1680,14.9760,40.00,14.2190,provider-billed input + output tokens,23.3270,normalized input + visible output tokens,0.004846239053254438328638016876,0.008397720000000000839772000000,managed
view_b,typical,100000,short,typical,managed,5,0.9388888888888888,0.8888888888888888,1,775.0080,1066.4640,4.4640,32.400,72.00,3.1680,14.9760,360.0,24.2190,provider-billed input + output tokens,33.3270,normalized input + visible output tokens,0.008254523076923077704570232135,0.01199772000000000119977200000,managed
view_b,high,100000,short,typical,managed,5,0.9388888888888888,0.8888888888888888,1,3295.0080,3586.4640,4.4640,32.400,72.00,3.1680,14.9760,2880.0,102.9690,provider-billed input + output tokens,112.0770,normalized input + visible output tokens,0.03509475976331361279003642730,0.04034772000000000403477200000,managed
view_a,not_applicable,100000,short,typical,private,5,0.8888888888888888,0.9388888888888888,1,288.00,579.4560,,,,,,,9.00,provider-billed input + output tokens,18.1080,normalized input + visible output tokens,0.003240000000000000324000000000,0.006171720710059172181938055390,managed
view_b,low,100000,short,typical,private,5,0.8888888888888888,0.9388888888888888,1,455.0080,746.4640,4.4640,32.400,72.00,3.1680,14.9760,40.00,14.2190,provider-billed input + output tokens,23.3270,normalized input + visible output tokens,0.005118840000000000511884000000,0.007950504142011835072237078534,managed
view_b,typical,100000,short,typical,private,5,0.8888888888888888,0.9388888888888888,1,775.0080,1066.4640,4.4640,32.400,72.00,3.1680,14.9760,360.0,24.2190,provider-billed input + output tokens,33.3270,normalized input + visible output tokens,0.008718840000000000871884000000,0.01135878816568047444816929379,managed
view_b,high,100000,short,typical,private,5,0.8888888888888888,0.9388888888888888,1,3295.0080,3586.4640,4.4640,32.400,72.00,3.1680,14.9760,2880.0,102.9690,provider-billed input + output tokens,112.0770,normalized input + visible output tokens,0.03706884000000000370688400000,0.03819902485207100953363548895,managed
view_a,not_applicable,100000,short,high,managed,-5,0.8388888888888888,0.8888888888888888,1,288.00,579.4560,,,,,,,9.00,provider-billed input + output tokens,18.1080,normalized input + visible output tokens,0.003433112582781457317415902811,0.006518880000000000651888000000,managed
view_b,low,100000,short,high,managed,-5,0.8388888888888888,0.8888888888888888,1,455.0080,746.4640,4.4640,32.400,72.00,3.1680,14.9760,40.00,14.2190,provider-billed input + output tokens,23.3270,normalized input + visible output tokens,0.005423936423841060177370746897,0.008397720000000000839772000000,managed
view_b,typical,100000,short,high,managed,-5,0.8388888888888888,0.8888888888888888,1,775.0080,1066.4640,4.4640,32.400,72.00,3.1680,14.9760,360.0,24.2190,provider-billed input + output tokens,33.3270,normalized input + visible output tokens,0.009238505960264901641166194465,0.01199772000000000119977200000,managed
view_b,high,100000,short,high,managed,-5,0.8388888888888888,0.8888888888888888,1,3295.0080,3586.4640,4.4640,32.400,72.00,3.1680,14.9760,2880.0,102.9690,provider-billed input + output tokens,112.0770,normalized input + visible output tokens,0.03927824105960265316855534406,0.04034772000000000403477200000,managed
view_a,not_applicable,100000,short,high,private,-5,0.8888888888888888,0.8388888888888888,1,288.00,579.4560,,,,,,,9.00,provider-billed input + output tokens,18.1080,normalized input + visible output tokens,0.003240000000000000324000000000,0.006907422516556292122640796456,managed
view_b,low,100000,short,high,private,-5,0.8888888888888888,0.8388888888888888,1,455.0080,746.4640,4.4640,32.400,72.00,3.1680,14.9760,40.00,14.2190,provider-billed input + output tokens,23.3270,normalized input + visible output tokens,0.005118840000000000511884000000,0.008898246357615894982595640542,managed
view_b,typical,100000,short,high,private,-5,0.8888888888888888,0.8388888888888888,1,775.0080,1066.4640,4.4640,32.400,72.00,3.1680,14.9760,360.0,24.2190,provider-billed input + output tokens,33.3270,normalized input + visible output tokens,0.008718840000000000871884000000,0.01271281589403973644639108811,managed
view_b,high,100000,short,high,private,-5,0.8888888888888888,0.8388888888888888,1,3295.0080,3586.4640,4.4640,32.400,72.00,3.1680,14.9760,2880.0,102.9690,provider-billed input + output tokens,112.0770,normalized input + visible output tokens,0.03706884000000000370688400000,0.04275255099337748797378023771,managed
view_a,not_applicable,100000,short,high,measured,0,0.8888888888888888,0.8888888888888888,1,288.00,579.4560,,,,,,,9.00,provider-billed input + output tokens,18.1080,normalized input + visible output tokens,0.003240000000000000324000000000,0.006518880000000000651888000000,managed
view_b,low,100000,short,high,measured,0,0.8888888888888888,0.8888888888888888,1,455.0080,746.4640,4.4640,32.400,72.00,3.1680,14.9760,40.00,14.2190,provider-billed input + output tokens,23.3270,normalized input + visible output tokens,0.005118840000000000511884000000,0.008397720000000000839772000000,managed
view_b,typical,100000,short,high,measured,0,0.8888888888888888,0.8888888888888888,1,775.0080,1066.4640,4.4640,32.400,72.00,3.1680,14.9760,360.0,24.2190,provider-billed input + output tokens,33.3270,normalized input + visible output tokens,0.008718840000000000871884000000,0.01199772000000000119977200000,managed
view_b,high,100000,short,high,measured,0,0.8888888888888888,0.8888888888888888,1,3295.0080,3586.4640,4.4640,32.400,72.00,3.1680,14.9760,2880.0,102.9690,provider-billed input + output tokens,112.0770,normalized input + visible output tokens,0.03706884000000000370688400000,0.04034772000000000403477200000,managed
view_a,not_applicable,100000,short,high,managed,5,0.9388888888888888,0.8888888888888888,1,288.00,579.4560,,,,,,,9.00,provider-billed input + output tokens,18.1080,normalized input + visible output tokens,0.003067455621301775438338993733,0.006518880000000000651888000000,managed
view_b,low,100000,short,high,managed,5,0.9388888888888888,0.8888888888888888,1,455.0080,746.4640,4.4640,32.400,72.00,3.1680,14.9760,40.00,14.2190,provider-billed input + output tokens,23.3270,normalized input + visible output tokens,0.004846239053254438328638016876,0.008397720000000000839772000000,managed
view_b,typical,100000,short,high,managed,5,0.9388888888888888,0.8888888888888888,1,775.0080,1066.4640,4.4640,32.400,72.00,3.1680,14.9760,360.0,24.2190,provider-billed input + output tokens,33.3270,normalized input + visible output tokens,0.008254523076923077704570232135,0.01199772000000000119977200000,managed
view_b,high,100000,short,high,managed,5,0.9388888888888888,0.8888888888888888,1,3295.0080,3586.4640,4.4640,32.400,72.00,3.1680,14.9760,2880.0,102.9690,provider-billed input + output tokens,112.0770,normalized input + visible output tokens,0.03509475976331361279003642730,0.04034772000000000403477200000,managed
view_a,not_applicable,100000,short,high,private,5,0.8888888888888888,0.9388888888888888,1,288.00,579.4560,,,,,,,9.00,provider-billed input + output tokens,18.1080,normalized input + visible output tokens,0.003240000000000000324000000000,0.006171720710059172181938055390,managed
view_b,low,100000,short,high,private,5,0.8888888888888888,0.9388888888888888,1,455.0080,746.4640,4.4640,32.400,72.00,3.1680,14.9760,40.00,14.2190,provider-billed input + output tokens,23.3270,normalized input + visible output tokens,0.005118840000000000511884000000,0.007950504142011835072237078534,managed
view_b,typical,100000,short,high,private,5,0.8888888888888888,0.9388888888888888,1,775.0080,1066.4640,4.4640,32.400,72.00,3.1680,14.9760,360.0,24.2190,provider-billed input + output tokens,33.3270,normalized input + visible output tokens,0.008718840000000000871884000000,0.01135878816568047444816929379,managed
view_b,high,100000,short,high,private,5,0.8888888888888888,0.9388888888888888,1,3295.0080,3586.4640,4.4640,32.400,72.00,3.1680,14.9760,2880.0,102.9690,provider-billed input + output tokens,112.0770,normalized input + visible output tokens,0.03706884000000000370688400000,0.03819902485207100953363548895,managed
view_a,not_applicable,100000,medium,low,managed,-5,0.8388888888888888,0.8888888888888888,1,1152.00,579.4560,,,,,,,9.00,provider-billed input + output tokens,4.5270,normalized input + visible output tokens,0.01373245033112582926966361125,0.006518880000000000651888000000,private
view_b,low,100000,medium,low,managed,-5,0.8388888888888888,0.8888888888888888,1,1319.0080,746.4640,4.4640,32.400,72.00,3.1680,14.9760,40.00,10.30475,provider-billed input + output tokens,5.83175,normalized input + visible output tokens,0.01572327417218543212961845533,0.008397720000000000839772000000,private
view_b,typical,100000,medium,low,managed,-5,0.8388888888888888,0.8888888888888888,1,1639.0080,1066.4640,4.4640,32.400,72.00,3.1680,14.9760,360.0,12.80475,provider-billed input + output tokens,8.33175,normalized input + visible output tokens,0.01953784370860927359341390290,0.01199772000000000119977200000,private
view_b,high,100000,medium,low,managed,-5,0.8388888888888888,0.8888888888888888,1,4159.0080,3586.4640,4.4640,32.400,72.00,3.1680,14.9760,2880.0,32.49225,provider-billed input + output tokens,28.01925,normalized input + visible output tokens,0.04957757880794702512080305250,0.04034772000000000403477200000,private
view_a,not_applicable,100000,medium,low,private,-5,0.8888888888888888,0.8388888888888888,1,1152.00,579.4560,,,,,,,9.00,provider-billed input + output tokens,4.5270,normalized input + visible output tokens,0.01296000000000000129600000000,0.006907422516556292122640796456,private
view_b,low,100000,medium,low,private,-5,0.8888888888888888,0.8388888888888888,1,1319.0080,746.4640,4.4640,32.400,72.00,3.1680,14.9760,40.00,10.30475,provider-billed input + output tokens,5.83175,normalized input + visible output tokens,0.01483884000000000148388400000,0.008898246357615894982595640542,private
view_b,typical,100000,medium,low,private,-5,0.8888888888888888,0.8388888888888888,1,1639.0080,1066.4640,4.4640,32.400,72.00,3.1680,14.9760,360.0,12.80475,provider-billed input + output tokens,8.33175,normalized input + visible output tokens,0.01843884000000000184388400000,0.01271281589403973644639108811,private
view_b,high,100000,medium,low,private,-5,0.8888888888888888,0.8388888888888888,1,4159.0080,3586.4640,4.4640,32.400,72.00,3.1680,14.9760,2880.0,32.49225,provider-billed input + output tokens,28.01925,normalized input + visible output tokens,0.04678884000000000467888400000,0.04275255099337748797378023771,private
view_a,not_applicable,100000,medium,low,measured,0,0.8888888888888888,0.8888888888888888,1,1152.00,579.4560,,,,,,,9.00,provider-billed input + output tokens,4.5270,normalized input + visible output tokens,0.01296000000000000129600000000,0.006518880000000000651888000000,private
view_b,low,100000,medium,low,measured,0,0.8888888888888888,0.8888888888888888,1,1319.0080,746.4640,4.4640,32.400,72.00,3.1680,14.9760,40.00,10.30475,provider-billed input + output tokens,5.83175,normalized input + visible output tokens,0.01483884000000000148388400000,0.008397720000000000839772000000,private
view_b,typical,100000,medium,low,measured,0,0.8888888888888888,0.8888888888888888,1,1639.0080,1066.4640,4.4640,32.400,72.00,3.1680,14.9760,360.0,12.80475,provider-billed input + output tokens,8.33175,normalized input + visible output tokens,0.01843884000000000184388400000,0.01199772000000000119977200000,private
view_b,high,100000,medium,low,measured,0,0.8888888888888888,0.8888888888888888,1,4159.0080,3586.4640,4.4640,32.400,72.00,3.1680,14.9760,2880.0,32.49225,provider-billed input + output tokens,28.01925,normalized input + visible output tokens,0.04678884000000000467888400000,0.04034772000000000403477200000,private
view_a,not_applicable,100000,medium,low,managed,5,0.9388888888888888,0.8888888888888888,1,1152.00,579.4560,,,,,,,9.00,provider-billed input + output tokens,4.5270,normalized input + visible output tokens,0.01226982248520710175335597493,0.006518880000000000651888000000,private
view_b,low,100000,medium,low,managed,5,0.9388888888888888,0.8888888888888888,1,1319.0080,746.4640,4.4640,32.400,72.00,3.1680,14.9760,40.00,10.30475,provider-billed input + output tokens,5.83175,normalized input + visible output tokens,0.01404860591715976464365499807,0.008397720000000000839772000000,private
view_b,typical,100000,medium,low,managed,5,0.9388888888888888,0.8888888888888888,1,1639.0080,1066.4640,4.4640,32.400,72.00,3.1680,14.9760,360.0,12.80475,provider-billed input + output tokens,8.33175,normalized input + visible output tokens,0.01745688994082840401958721333,0.01199772000000000119977200000,private
view_b,high,100000,medium,low,managed,5,0.9388888888888888,0.8888888888888888,1,4159.0080,3586.4640,4.4640,32.400,72.00,3.1680,14.9760,2880.0,32.49225,provider-billed input + output tokens,28.01925,normalized input + visible output tokens,0.04429712662721893910505340849,0.04034772000000000403477200000,private
view_a,not_applicable,100000,medium,low,private,5,0.8888888888888888,0.9388888888888888,1,1152.00,579.4560,,,,,,,9.00,provider-billed input + output tokens,4.5270,normalized input + visible output tokens,0.01296000000000000129600000000,0.006171720710059172181938055390,private
view_b,low,100000,medium,low,private,5,0.8888888888888888,0.9388888888888888,1,1319.0080,746.4640,4.4640,32.400,72.00,3.1680,14.9760,40.00,10.30475,provider-billed input + output tokens,5.83175,normalized input + visible output tokens,0.01483884000000000148388400000,0.007950504142011835072237078534,private
view_b,typical,100000,medium,low,private,5,0.8888888888888888,0.9388888888888888,1,1639.0080,1066.4640,4.4640,32.400,72.00,3.1680,14.9760,360.0,12.80475,provider-billed input + output tokens,8.33175,normalized input + visible output tokens,0.01843884000000000184388400000,0.01135878816568047444816929379,private
view_b,high,100000,medium,low,private,5,0.8888888888888888,0.9388888888888888,1,4159.0080,3586.4640,4.4640,32.400,72.00,3.1680,14.9760,2880.0,32.49225,provider-billed input + output tokens,28.01925,normalized input + visible output tokens,0.04678884000000000467888400000,0.03819902485207100953363548895,private
view_a,not_applicable,100000,medium,typical,managed,-5,0.8388888888888888,0.8888888888888888,1,1152.00,579.4560,,,,,,,9.00,provider-billed input + output tokens,4.5270,normalized input + visible output tokens,0.01373245033112582926966361125,0.006518880000000000651888000000,private
view_b,low,100000,medium,typical,managed,-5,0.8388888888888888,0.8888888888888888,1,1319.0080,746.4640,4.4640,32.400,72.00,3.1680,14.9760,40.00,10.30475,provider-billed input + output tokens,5.83175,normalized input + visible output tokens,0.01572327417218543212961845533,0.008397720000000000839772000000,private
view_b,typical,100000,medium,typical,managed,-5,0.8388888888888888,0.8888888888888888,1,1639.0080,1066.4640,4.4640,32.400,72.00,3.1680,14.9760,360.0,12.80475,provider-billed input + output tokens,8.33175,normalized input + visible output tokens,0.01953784370860927359341390290,0.01199772000000000119977200000,private
view_b,high,100000,medium,typical,managed,-5,0.8388888888888888,0.8888888888888888,1,4159.0080,3586.4640,4.4640,32.400,72.00,3.1680,14.9760,2880.0,32.49225,provider-billed input + output tokens,28.01925,normalized input + visible output tokens,0.04957757880794702512080305250,0.04034772000000000403477200000,private
view_a,not_applicable,100000,medium,typical,private,-5,0.8888888888888888,0.8388888888888888,1,1152.00,579.4560,,,,,,,9.00,provider-billed input + output tokens,4.5270,normalized input + visible output tokens,0.01296000000000000129600000000,0.006907422516556292122640796456,private
view_b,low,100000,medium,typical,private,-5,0.8888888888888888,0.8388888888888888,1,1319.0080,746.4640,4.4640,32.400,72.00,3.1680,14.9760,40.00,10.30475,provider-billed input + output tokens,5.83175,normalized input + visible output tokens,0.01483884000000000148388400000,0.008898246357615894982595640542,private
view_b,typical,100000,medium,typical,private,-5,0.8888888888888888,0.8388888888888888,1,1639.0080,1066.4640,4.4640,32.400,72.00,3.1680,14.9760,360.0,12.80475,provider-billed input + output tokens,8.33175,normalized input + visible output tokens,0.01843884000000000184388400000,0.01271281589403973644639108811,private
view_b,high,100000,medium,typical,private,-5,0.8888888888888888,0.8388888888888888,1,4159.0080,3586.4640,4.4640,32.400,72.00,3.1680,14.9760,2880.0,32.49225,provider-billed input + output tokens,28.01925,normalized input + visible output tokens,0.04678884000000000467888400000,0.04275255099337748797378023771,private
view_a,not_applicable,100000,medium,typical,measured,0,0.8888888888888888,0.8888888888888888,1,1152.00,579.4560,,,,,,,9.00,provider-billed input + output tokens,4.5270,normalized input + visible output tokens,0.01296000000000000129600000000,0.006518880000000000651888000000,private
view_b,low,100000,medium,typical,measured,0,0.8888888888888888,0.8888888888888888,1,1319.0080,746.4640,4.4640,32.400,72.00,3.1680,14.9760,40.00,10.30475,provider-billed input + output tokens,5.83175,normalized input + visible output tokens,0.01483884000000000148388400000,0.008397720000000000839772000000,private
view_b,typical,100000,medium,typical,measured,0,0.8888888888888888,0.8888888888888888,1,1639.0080,1066.4640,4.4640,32.400,72.00,3.1680,14.9760,360.0,12.80475,provider-billed input + output tokens,8.33175,normalized input + visible output tokens,0.01843884000000000184388400000,0.01199772000000000119977200000,private
view_b,high,100000,medium,typical,measured,0,0.8888888888888888,0.8888888888888888,1,4159.0080,3586.4640,4.4640,32.400,72.00,3.1680,14.9760,2880.0,32.49225,provider-billed input + output tokens,28.01925,normalized input + visible output tokens,0.04678884000000000467888400000,0.04034772000000000403477200000,private
view_a,not_applicable,100000,medium,typical,managed,5,0.9388888888888888,0.8888888888888888,1,1152.00,579.4560,,,,,,,9.00,provider-billed input + output tokens,4.5270,normalized input + visible output tokens,0.01226982248520710175335597493,0.006518880000000000651888000000,private
view_b,low,100000,medium,typical,managed,5,0.9388888888888888,0.8888888888888888,1,1319.0080,746.4640,4.4640,32.400,72.00,3.1680,14.9760,40.00,10.30475,provider-billed input + output tokens,5.83175,normalized input + visible output tokens,0.01404860591715976464365499807,0.008397720000000000839772000000,private
view_b,typical,100000,medium,typical,managed,5,0.9388888888888888,0.8888888888888888,1,1639.0080,1066.4640,4.4640,32.400,72.00,3.1680,14.9760,360.0,12.80475,provider-billed input + output tokens,8.33175,normalized input + visible output tokens,0.01745688994082840401958721333,0.01199772000000000119977200000,private
view_b,high,100000,medium,typical,managed,5,0.9388888888888888,0.8888888888888888,1,4159.0080,3586.4640,4.4640,32.400,72.00,3.1680,14.9760,2880.0,32.49225,provider-billed input + output tokens,28.01925,normalized input + visible output tokens,0.04429712662721893910505340849,0.04034772000000000403477200000,private
view_a,not_applicable,100000,medium,typical,private,5,0.8888888888888888,0.9388888888888888,1,1152.00,579.4560,,,,,,,9.00,provider-billed input + output tokens,4.5270,normalized input + visible output tokens,0.01296000000000000129600000000,0.006171720710059172181938055390,private
view_b,low,100000,medium,typical,private,5,0.8888888888888888,0.9388888888888888,1,1319.0080,746.4640,4.4640,32.400,72.00,3.1680,14.9760,40.00,10.30475,provider-billed input + output tokens,5.83175,normalized input + visible output tokens,0.01483884000000000148388400000,0.007950504142011835072237078534,private
view_b,typical,100000,medium,typical,private,5,0.8888888888888888,0.9388888888888888,1,1639.0080,1066.4640,4.4640,32.400,72.00,3.1680,14.9760,360.0,12.80475,provider-billed input + output tokens,8.33175,normalized input + visible output tokens,0.01843884000000000184388400000,0.01135878816568047444816929379,private
view_b,high,100000,medium,typical,private,5,0.8888888888888888,0.9388888888888888,1,4159.0080,3586.4640,4.4640,32.400,72.00,3.1680,14.9760,2880.0,32.49225,provider-billed input + output tokens,28.01925,normalized input + visible output tokens,0.04678884000000000467888400000,0.03819902485207100953363548895,private
view_a,not_applicable,100000,medium,high,managed,-5,0.8388888888888888,0.8888888888888888,1,1152.00,579.4560,,,,,,,9.00,provider-billed input + output tokens,4.5270,normalized input + visible output tokens,0.01373245033112582926966361125,0.006518880000000000651888000000,private
view_b,low,100000,medium,high,managed,-5,0.8388888888888888,0.8888888888888888,1,1319.0080,746.4640,4.4640,32.400,72.00,3.1680,14.9760,40.00,10.30475,provider-billed input + output tokens,5.83175,normalized input + visible output tokens,0.01572327417218543212961845533,0.008397720000000000839772000000,private
view_b,typical,100000,medium,high,managed,-5,0.8388888888888888,0.8888888888888888,1,1639.0080,1066.4640,4.4640,32.400,72.00,3.1680,14.9760,360.0,12.80475,provider-billed input + output tokens,8.33175,normalized input + visible output tokens,0.01953784370860927359341390290,0.01199772000000000119977200000,private
view_b,high,100000,medium,high,managed,-5,0.8388888888888888,0.8888888888888888,1,4159.0080,3586.4640,4.4640,32.400,72.00,3.1680,14.9760,2880.0,32.49225,provider-billed input + output tokens,28.01925,normalized input + visible output tokens,0.04957757880794702512080305250,0.04034772000000000403477200000,private
view_a,not_applicable,100000,medium,high,private,-5,0.8888888888888888,0.8388888888888888,1,1152.00,579.4560,,,,,,,9.00,provider-billed input + output tokens,4.5270,normalized input + visible output tokens,0.01296000000000000129600000000,0.006907422516556292122640796456,private
view_b,low,100000,medium,high,private,-5,0.8888888888888888,0.8388888888888888,1,1319.0080,746.4640,4.4640,32.400,72.00,3.1680,14.9760,40.00,10.30475,provider-billed input + output tokens,5.83175,normalized input + visible output tokens,0.01483884000000000148388400000,0.008898246357615894982595640542,private
view_b,typical,100000,medium,high,private,-5,0.8888888888888888,0.8388888888888888,1,1639.0080,1066.4640,4.4640,32.400,72.00,3.1680,14.9760,360.0,12.80475,provider-billed input + output tokens,8.33175,normalized input + visible output tokens,0.01843884000000000184388400000,0.01271281589403973644639108811,private
view_b,high,100000,medium,high,private,-5,0.8888888888888888,0.8388888888888888,1,4159.0080,3586.4640,4.4640,32.400,72.00,3.1680,14.9760,2880.0,32.49225,provider-billed input + output tokens,28.01925,normalized input + visible output tokens,0.04678884000000000467888400000,0.04275255099337748797378023771,private
view_a,not_applicable,100000,medium,high,measured,0,0.8888888888888888,0.8888888888888888,1,1152.00,579.4560,,,,,,,9.00,provider-billed input + output tokens,4.5270,normalized input + visible output tokens,0.01296000000000000129600000000,0.006518880000000000651888000000,private
view_b,low,100000,medium,high,measured,0,0.8888888888888888,0.8888888888888888,1,1319.0080,746.4640,4.4640,32.400,72.00,3.1680,14.9760,40.00,10.30475,provider-billed input + output tokens,5.83175,normalized input + visible output tokens,0.01483884000000000148388400000,0.008397720000000000839772000000,private
view_b,typical,100000,medium,high,measured,0,0.8888888888888888,0.8888888888888888,1,1639.0080,1066.4640,4.4640,32.400,72.00,3.1680,14.9760,360.0,12.80475,provider-billed input + output tokens,8.33175,normalized input + visible output tokens,0.01843884000000000184388400000,0.01199772000000000119977200000,private
view_b,high,100000,medium,high,measured,0,0.8888888888888888,0.8888888888888888,1,4159.0080,3586.4640,4.4640,32.400,72.00,3.1680,14.9760,2880.0,32.49225,provider-billed input + output tokens,28.01925,normalized input + visible output tokens,0.04678884000000000467888400000,0.04034772000000000403477200000,private
view_a,not_applicable,100000,medium,high,managed,5,0.9388888888888888,0.8888888888888888,1,1152.00,579.4560,,,,,,,9.00,provider-billed input + output tokens,4.5270,normalized input + visible output tokens,0.01226982248520710175335597493,0.006518880000000000651888000000,private
view_b,low,100000,medium,high,managed,5,0.9388888888888888,0.8888888888888888,1,1319.0080,746.4640,4.4640,32.400,72.00,3.1680,14.9760,40.00,10.30475,provider-billed input + output tokens,5.83175,normalized input + visible output tokens,0.01404860591715976464365499807,0.008397720000000000839772000000,private
view_b,typical,100000,medium,high,managed,5,0.9388888888888888,0.8888888888888888,1,1639.0080,1066.4640,4.4640,32.400,72.00,3.1680,14.9760,360.0,12.80475,provider-billed input + output tokens,8.33175,normalized input + visible output tokens,0.01745688994082840401958721333,0.01199772000000000119977200000,private
view_b,high,100000,medium,high,managed,5,0.9388888888888888,0.8888888888888888,1,4159.0080,3586.4640,4.4640,32.400,72.00,3.1680,14.9760,2880.0,32.49225,provider-billed input + output tokens,28.01925,normalized input + visible output tokens,0.04429712662721893910505340849,0.04034772000000000403477200000,private
view_a,not_applicable,100000,medium,high,private,5,0.8888888888888888,0.9388888888888888,1,1152.00,579.4560,,,,,,,9.00,provider-billed input + output tokens,4.5270,normalized input + visible output tokens,0.01296000000000000129600000000,0.006171720710059172181938055390,private
view_b,low,100000,medium,high,private,5,0.8888888888888888,0.9388888888888888,1,1319.0080,746.4640,4.4640,32.400,72.00,3.1680,14.9760,40.00,10.30475,provider-billed input + output tokens,5.83175,normalized input + visible output tokens,0.01483884000000000148388400000,0.007950504142011835072237078534,private
view_b,typical,100000,medium,high,private,5,0.8888888888888888,0.9388888888888888,1,1639.0080,1066.4640,4.4640,32.400,72.00,3.1680,14.9760,360.0,12.80475,provider-billed input + output tokens,8.33175,normalized input + visible output tokens,0.01843884000000000184388400000,0.01135878816568047444816929379,private
view_b,high,100000,medium,high,private,5,0.8888888888888888,0.9388888888888888,1,4159.0080,3586.4640,4.4640,32.400,72.00,3.1680,14.9760,2880.0,32.49225,provider-billed input + output tokens,28.01925,normalized input + visible output tokens,0.04678884000000000467888400000,0.03819902485207100953363548895,private
view_a,not_applicable,500000,short,low,managed,-5,0.8388888888888888,0.8888888888888888,5,1440.00,2897.2800,,,,,,,9.00,provider-billed input + output tokens,18.1080,normalized input + visible output tokens,0.003433112582781457317415902811,0.006518880000000000651888000000,managed
view_b,low,500000,short,low,managed,-5,0.8388888888888888,0.8888888888888888,5,1607.0080,3064.2880,4.4640,32.400,72.00,3.1680,14.9760,40.00,10.0438,provider-billed input + output tokens,19.1518,normalized input + visible output tokens,0.003831277350993377889406871628,0.006894648000000000689464800000,managed
view_b,typical,500000,short,low,managed,-5,0.8388888888888888,0.8888888888888888,5,1927.0080,3384.2880,4.4640,32.400,72.00,3.1680,14.9760,360.0,12.0438,provider-billed input + output tokens,21.1518,normalized input + visible output tokens,0.004594191258278146182165961142,0.007614648000000000761464800000,managed
view_b,high,500000,short,low,managed,-5,0.8388888888888888,0.8888888888888888,5,4447.0080,5904.2880,4.4640,32.400,72.00,3.1680,14.9760,2880.0,27.7938,provider-billed input + output tokens,36.9018,normalized input + visible output tokens,0.01060213827814569648764379106,0.01328464800000000132846480000,managed
view_a,not_applicable,500000,short,low,private,-5,0.8888888888888888,0.8388888888888888,5,1440.00,2897.2800,,,,,,,9.00,provider-billed input + output tokens,18.1080,normalized input + visible output tokens,0.003240000000000000324000000000,0.006907422516556292122640796456,managed
view_b,low,500000,short,low,private,-5,0.8888888888888888,0.8388888888888888,5,1607.0080,3064.2880,4.4640,32.400,72.00,3.1680,14.9760,40.00,10.0438,provider-billed input + output tokens,19.1518,normalized input + visible output tokens,0.003615768000000000361576800000,0.007305587284768212694631765273,managed
view_b,typical,500000,short,low,private,-5,0.8888888888888888,0.8388888888888888,5,1927.0080,3384.2880,4.4640,32.400,72.00,3.1680,14.9760,360.0,12.0438,provider-billed input + output tokens,21.1518,normalized input + visible output tokens,0.004335768000000000433576800000,0.008068501192052980987390854787,managed
view_b,high,500000,short,low,private,-5,0.8888888888888888,0.8388888888888888,5,4447.0080,5904.2880,4.4640,32.400,72.00,3.1680,14.9760,2880.0,27.7938,provider-billed input + output tokens,36.9018,normalized input + visible output tokens,0.01000576800000000100057680000,0.01407644821192053129286868471,managed
view_a,not_applicable,500000,short,low,measured,0,0.8888888888888888,0.8888888888888888,5,1440.00,2897.2800,,,,,,,9.00,provider-billed input + output tokens,18.1080,normalized input + visible output tokens,0.003240000000000000324000000000,0.006518880000000000651888000000,managed
view_b,low,500000,short,low,measured,0,0.8888888888888888,0.8888888888888888,5,1607.0080,3064.2880,4.4640,32.400,72.00,3.1680,14.9760,40.00,10.0438,provider-billed input + output tokens,19.1518,normalized input + visible output tokens,0.003615768000000000361576800000,0.006894648000000000689464800000,managed
view_b,typical,500000,short,low,measured,0,0.8888888888888888,0.8888888888888888,5,1927.0080,3384.2880,4.4640,32.400,72.00,3.1680,14.9760,360.0,12.0438,provider-billed input + output tokens,21.1518,normalized input + visible output tokens,0.004335768000000000433576800000,0.007614648000000000761464800000,managed
view_b,high,500000,short,low,measured,0,0.8888888888888888,0.8888888888888888,5,4447.0080,5904.2880,4.4640,32.400,72.00,3.1680,14.9760,2880.0,27.7938,provider-billed input + output tokens,36.9018,normalized input + visible output tokens,0.01000576800000000100057680000,0.01328464800000000132846480000,managed
view_a,not_applicable,500000,short,low,managed,5,0.9388888888888888,0.8888888888888888,5,1440.00,2897.2800,,,,,,,9.00,provider-billed input + output tokens,18.1080,normalized input + visible output tokens,0.003067455621301775438338993733,0.006518880000000000651888000000,managed
view_b,low,500000,short,low,managed,5,0.9388888888888888,0.8888888888888888,5,1607.0080,3064.2880,4.4640,32.400,72.00,3.1680,14.9760,40.00,10.0438,provider-billed input + output tokens,19.1518,normalized input + visible output tokens,0.003423212307692308016398798361,0.006894648000000000689464800000,managed
view_b,typical,500000,short,low,managed,5,0.9388888888888888,0.8888888888888888,5,1927.0080,3384.2880,4.4640,32.400,72.00,3.1680,14.9760,360.0,12.0438,provider-billed input + output tokens,21.1518,normalized input + visible output tokens,0.004104869112426035891585241413,0.007614648000000000761464800000,managed
view_b,high,500000,short,low,managed,5,0.9388888888888888,0.8888888888888888,5,4447.0080,5904.2880,4.4640,32.400,72.00,3.1680,14.9760,2880.0,27.7938,provider-billed input + output tokens,36.9018,normalized input + visible output tokens,0.009472916449704142908678480445,0.01328464800000000132846480000,managed
view_a,not_applicable,500000,short,low,private,5,0.8888888888888888,0.9388888888888888,5,1440.00,2897.2800,,,,,,,9.00,provider-billed input + output tokens,18.1080,normalized input + visible output tokens,0.003240000000000000324000000000,0.006171720710059172181938055390,managed
view_b,low,500000,short,low,private,5,0.8888888888888888,0.9388888888888888,5,1607.0080,3064.2880,4.4640,32.400,72.00,3.1680,14.9760,40.00,10.0438,provider-billed input + output tokens,19.1518,normalized input + visible output tokens,0.003615768000000000361576800000,0.006527477396449704759997860019,managed
view_b,typical,500000,short,low,private,5,0.8888888888888888,0.9388888888888888,5,1927.0080,3384.2880,4.4640,32.400,72.00,3.1680,14.9760,360.0,12.0438,provider-billed input + output tokens,21.1518,normalized input + visible output tokens,0.004335768000000000433576800000,0.007209134201183432635184303071,managed
view_b,high,500000,short,low,private,5,0.8888888888888888,0.9388888888888888,5,4447.0080,5904.2880,4.4640,32.400,72.00,3.1680,14.9760,2880.0,27.7938,provider-billed input + output tokens,36.9018,normalized input + visible output tokens,0.01000576800000000100057680000,0.01257718153846153965227754210,managed
view_a,not_applicable,500000,short,typical,managed,-5,0.8388888888888888,0.8888888888888888,1,1440.00,579.4560,,,,,,,9.00,provider-billed input + output tokens,3.6216,normalized input + visible output tokens,0.003433112582781457317415902811,0.001303776000000000130377600000,private
view_b,low,500000,short,typical,managed,-5,0.8388888888888888,0.8888888888888888,1,1607.0080,746.4640,4.4640,32.400,72.00,3.1680,14.9760,40.00,10.0438,provider-billed input + output tokens,4.6654,normalized input + visible output tokens,0.003831277350993377889406871628,0.001679544000000000167954400000,private
view_b,typical,500000,short,typical,managed,-5,0.8388888888888888,0.8888888888888888,1,1927.0080,1066.4640,4.4640,32.400,72.00,3.1680,14.9760,360.0,12.0438,provider-billed input + output tokens,6.6654,normalized input + visible output tokens,0.004594191258278146182165961142,0.002399544000000000239954400000,private
view_b,high,500000,short,typical,managed,-5,0.8388888888888888,0.8888888888888888,1,4447.0080,3586.4640,4.4640,32.400,72.00,3.1680,14.9760,2880.0,27.7938,provider-billed input + output tokens,22.4154,normalized input + visible output tokens,0.01060213827814569648764379106,0.008069544000000000806954400000,private
view_a,not_applicable,500000,short,typical,private,-5,0.8888888888888888,0.8388888888888888,1,1440.00,579.4560,,,,,,,9.00,provider-billed input + output tokens,3.6216,normalized input + visible output tokens,0.003240000000000000324000000000,0.001381484503311258424528159291,private
view_b,low,500000,short,typical,private,-5,0.8888888888888888,0.8388888888888888,1,1607.0080,746.4640,4.4640,32.400,72.00,3.1680,14.9760,40.00,10.0438,provider-billed input + output tokens,4.6654,normalized input + visible output tokens,0.003615768000000000361576800000,0.001779649271523178996519128108,private
view_b,typical,500000,short,typical,private,-5,0.8888888888888888,0.8388888888888888,1,1927.0080,1066.4640,4.4640,32.400,72.00,3.1680,14.9760,360.0,12.0438,provider-billed input + output tokens,6.6654,normalized input + visible output tokens,0.004335768000000000433576800000,0.002542563178807947289278217622,private
view_b,high,500000,short,typical,private,-5,0.8888888888888888,0.8388888888888888,1,4447.0080,3586.4640,4.4640,32.400,72.00,3.1680,14.9760,2880.0,27.7938,provider-billed input + output tokens,22.4154,normalized input + visible output tokens,0.01000576800000000100057680000,0.008550510198675497594756047542,private
view_a,not_applicable,500000,short,typical,measured,0,0.8888888888888888,0.8888888888888888,1,1440.00,579.4560,,,,,,,9.00,provider-billed input + output tokens,3.6216,normalized input + visible output tokens,0.003240000000000000324000000000,0.001303776000000000130377600000,private
view_b,low,500000,short,typical,measured,0,0.8888888888888888,0.8888888888888888,1,1607.0080,746.4640,4.4640,32.400,72.00,3.1680,14.9760,40.00,10.0438,provider-billed input + output tokens,4.6654,normalized input + visible output tokens,0.003615768000000000361576800000,0.001679544000000000167954400000,private
view_b,typical,500000,short,typical,measured,0,0.8888888888888888,0.8888888888888888,1,1927.0080,1066.4640,4.4640,32.400,72.00,3.1680,14.9760,360.0,12.0438,provider-billed input + output tokens,6.6654,normalized input + visible output tokens,0.004335768000000000433576800000,0.002399544000000000239954400000,private
view_b,high,500000,short,typical,measured,0,0.8888888888888888,0.8888888888888888,1,4447.0080,3586.4640,4.4640,32.400,72.00,3.1680,14.9760,2880.0,27.7938,provider-billed input + output tokens,22.4154,normalized input + visible output tokens,0.01000576800000000100057680000,0.008069544000000000806954400000,private
view_a,not_applicable,500000,short,typical,managed,5,0.9388888888888888,0.8888888888888888,1,1440.00,579.4560,,,,,,,9.00,provider-billed input + output tokens,3.6216,normalized input + visible output tokens,0.003067455621301775438338993733,0.001303776000000000130377600000,private
view_b,low,500000,short,typical,managed,5,0.9388888888888888,0.8888888888888888,1,1607.0080,746.4640,4.4640,32.400,72.00,3.1680,14.9760,40.00,10.0438,provider-billed input + output tokens,4.6654,normalized input + visible output tokens,0.003423212307692308016398798361,0.001679544000000000167954400000,private
view_b,typical,500000,short,typical,managed,5,0.9388888888888888,0.8888888888888888,1,1927.0080,1066.4640,4.4640,32.400,72.00,3.1680,14.9760,360.0,12.0438,provider-billed input + output tokens,6.6654,normalized input + visible output tokens,0.004104869112426035891585241413,0.002399544000000000239954400000,private
view_b,high,500000,short,typical,managed,5,0.9388888888888888,0.8888888888888888,1,4447.0080,3586.4640,4.4640,32.400,72.00,3.1680,14.9760,2880.0,27.7938,provider-billed input + output tokens,22.4154,normalized input + visible output tokens,0.009472916449704142908678480445,0.008069544000000000806954400000,private
view_a,not_applicable,500000,short,typical,private,5,0.8888888888888888,0.9388888888888888,1,1440.00,579.4560,,,,,,,9.00,provider-billed input + output tokens,3.6216,normalized input + visible output tokens,0.003240000000000000324000000000,0.001234344142011834436387611078,private
view_b,low,500000,short,typical,private,5,0.8888888888888888,0.9388888888888888,1,1607.0080,746.4640,4.4640,32.400,72.00,3.1680,14.9760,40.00,10.0438,provider-billed input + output tokens,4.6654,normalized input + visible output tokens,0.003615768000000000361576800000,0.001590100828402367014447415707,private
view_b,typical,500000,short,typical,private,5,0.8888888888888888,0.9388888888888888,1,1927.0080,1066.4640,4.4640,32.400,72.00,3.1680,14.9760,360.0,12.0438,provider-billed input + output tokens,6.6654,normalized input + visible output tokens,0.004335768000000000433576800000,0.002271757633136094889633858758,private
view_b,high,500000,short,typical,private,5,0.8888888888888888,0.9388888888888888,1,4447.0080,3586.4640,4.4640,32.400,72.00,3.1680,14.9760,2880.0,27.7938,provider-billed input + output tokens,22.4154,normalized input + visible output tokens,0.01000576800000000100057680000,0.007639804970414201906727097791,private
view_a,not_applicable,500000,short,high,managed,-5,0.8388888888888888,0.8888888888888888,1,1440.00,579.4560,,,,,,,9.00,provider-billed input + output tokens,3.6216,normalized input + visible output tokens,0.003433112582781457317415902811,0.001303776000000000130377600000,private
view_b,low,500000,short,high,managed,-5,0.8388888888888888,0.8888888888888888,1,1607.0080,746.4640,4.4640,32.400,72.00,3.1680,14.9760,40.00,10.0438,provider-billed input + output tokens,4.6654,normalized input + visible output tokens,0.003831277350993377889406871628,0.001679544000000000167954400000,private
view_b,typical,500000,short,high,managed,-5,0.8388888888888888,0.8888888888888888,1,1927.0080,1066.4640,4.4640,32.400,72.00,3.1680,14.9760,360.0,12.0438,provider-billed input + output tokens,6.6654,normalized input + visible output tokens,0.004594191258278146182165961142,0.002399544000000000239954400000,private
view_b,high,500000,short,high,managed,-5,0.8388888888888888,0.8888888888888888,1,4447.0080,3586.4640,4.4640,32.400,72.00,3.1680,14.9760,2880.0,27.7938,provider-billed input + output tokens,22.4154,normalized input + visible output tokens,0.01060213827814569648764379106,0.008069544000000000806954400000,private
view_a,not_applicable,500000,short,high,private,-5,0.8888888888888888,0.8388888888888888,1,1440.00,579.4560,,,,,,,9.00,provider-billed input + output tokens,3.6216,normalized input + visible output tokens,0.003240000000000000324000000000,0.001381484503311258424528159291,private
view_b,low,500000,short,high,private,-5,0.8888888888888888,0.8388888888888888,1,1607.0080,746.4640,4.4640,32.400,72.00,3.1680,14.9760,40.00,10.0438,provider-billed input + output tokens,4.6654,normalized input + visible output tokens,0.003615768000000000361576800000,0.001779649271523178996519128108,private
view_b,typical,500000,short,high,private,-5,0.8888888888888888,0.8388888888888888,1,1927.0080,1066.4640,4.4640,32.400,72.00,3.1680,14.9760,360.0,12.0438,provider-billed input + output tokens,6.6654,normalized input + visible output tokens,0.004335768000000000433576800000,0.002542563178807947289278217622,private
view_b,high,500000,short,high,private,-5,0.8888888888888888,0.8388888888888888,1,4447.0080,3586.4640,4.4640,32.400,72.00,3.1680,14.9760,2880.0,27.7938,provider-billed input + output tokens,22.4154,normalized input + visible output tokens,0.01000576800000000100057680000,0.008550510198675497594756047542,private
view_a,not_applicable,500000,short,high,measured,0,0.8888888888888888,0.8888888888888888,1,1440.00,579.4560,,,,,,,9.00,provider-billed input + output tokens,3.6216,normalized input + visible output tokens,0.003240000000000000324000000000,0.001303776000000000130377600000,private
view_b,low,500000,short,high,measured,0,0.8888888888888888,0.8888888888888888,1,1607.0080,746.4640,4.4640,32.400,72.00,3.1680,14.9760,40.00,10.0438,provider-billed input + output tokens,4.6654,normalized input + visible output tokens,0.003615768000000000361576800000,0.001679544000000000167954400000,private
view_b,typical,500000,short,high,measured,0,0.8888888888888888,0.8888888888888888,1,1927.0080,1066.4640,4.4640,32.400,72.00,3.1680,14.9760,360.0,12.0438,provider-billed input + output tokens,6.6654,normalized input + visible output tokens,0.004335768000000000433576800000,0.002399544000000000239954400000,private
view_b,high,500000,short,high,measured,0,0.8888888888888888,0.8888888888888888,1,4447.0080,3586.4640,4.4640,32.400,72.00,3.1680,14.9760,2880.0,27.7938,provider-billed input + output tokens,22.4154,normalized input + visible output tokens,0.01000576800000000100057680000,0.008069544000000000806954400000,private
view_a,not_applicable,500000,short,high,managed,5,0.9388888888888888,0.8888888888888888,1,1440.00,579.4560,,,,,,,9.00,provider-billed input + output tokens,3.6216,normalized input + visible output tokens,0.003067455621301775438338993733,0.001303776000000000130377600000,private
view_b,low,500000,short,high,managed,5,0.9388888888888888,0.8888888888888888,1,1607.0080,746.4640,4.4640,32.400,72.00,3.1680,14.9760,40.00,10.0438,provider-billed input + output tokens,4.6654,normalized input + visible output tokens,0.003423212307692308016398798361,0.001679544000000000167954400000,private
view_b,typical,500000,short,high,managed,5,0.9388888888888888,0.8888888888888888,1,1927.0080,1066.4640,4.4640,32.400,72.00,3.1680,14.9760,360.0,12.0438,provider-billed input + output tokens,6.6654,normalized input + visible output tokens,0.004104869112426035891585241413,0.002399544000000000239954400000,private
view_b,high,500000,short,high,managed,5,0.9388888888888888,0.8888888888888888,1,4447.0080,3586.4640,4.4640,32.400,72.00,3.1680,14.9760,2880.0,27.7938,provider-billed input + output tokens,22.4154,normalized input + visible output tokens,0.009472916449704142908678480445,0.008069544000000000806954400000,private
view_a,not_applicable,500000,short,high,private,5,0.8888888888888888,0.9388888888888888,1,1440.00,579.4560,,,,,,,9.00,provider-billed input + output tokens,3.6216,normalized input + visible output tokens,0.003240000000000000324000000000,0.001234344142011834436387611078,private
view_b,low,500000,short,high,private,5,0.8888888888888888,0.9388888888888888,1,1607.0080,746.4640,4.4640,32.400,72.00,3.1680,14.9760,40.00,10.0438,provider-billed input + output tokens,4.6654,normalized input + visible output tokens,0.003615768000000000361576800000,0.001590100828402367014447415707,private
view_b,typical,500000,short,high,private,5,0.8888888888888888,0.9388888888888888,1,1927.0080,1066.4640,4.4640,32.400,72.00,3.1680,14.9760,360.0,12.0438,provider-billed input + output tokens,6.6654,normalized input + visible output tokens,0.004335768000000000433576800000,0.002271757633136094889633858758,private
view_b,high,500000,short,high,private,5,0.8888888888888888,0.9388888888888888,1,4447.0080,3586.4640,4.4640,32.400,72.00,3.1680,14.9760,2880.0,27.7938,provider-billed input + output tokens,22.4154,normalized input + visible output tokens,0.01000576800000000100057680000,0.007639804970414201906727097791,private
view_a,not_applicable,500000,medium,low,managed,-5,0.8388888888888888,0.8888888888888888,5,5760.00,2897.2800,,,,,,,9.00,provider-billed input + output tokens,4.5270,normalized input + visible output tokens,0.01373245033112582926966361125,0.006518880000000000651888000000,private
view_b,low,500000,medium,low,managed,-5,0.8388888888888888,0.8888888888888888,5,5927.0080,3064.2880,4.4640,32.400,72.00,3.1680,14.9760,40.00,9.26095,provider-billed input + output tokens,4.78795,normalized input + visible output tokens,0.01413061509933774984165458006,0.006894648000000000689464800000,private
view_b,typical,500000,medium,low,managed,-5,0.8388888888888888,0.8888888888888888,5,6247.0080,3384.2880,4.4640,32.400,72.00,3.1680,14.9760,360.0,9.76095,provider-billed input + output tokens,5.28795,normalized input + visible output tokens,0.01489352900662251813441366958,0.007614648000000000761464800000,private
view_b,high,500000,medium,low,managed,-5,0.8388888888888888,0.8888888888888888,5,8767.0080,5904.2880,4.4640,32.400,72.00,3.1680,14.9760,2880.0,13.69845,provider-billed input + output tokens,9.22545,normalized input + visible output tokens,0.02090147602649006843989149950,0.01328464800000000132846480000,private
view_a,not_applicable,500000,medium,low,private,-5,0.8888888888888888,0.8388888888888888,5,5760.00,2897.2800,,,,,,,9.00,provider-billed input + output tokens,4.5270,normalized input + visible output tokens,0.01296000000000000129600000000,0.006907422516556292122640796456,private
view_b,low,500000,medium,low,private,-5,0.8888888888888888,0.8388888888888888,5,5927.0080,3064.2880,4.4640,32.400,72.00,3.1680,14.9760,40.00,9.26095,provider-billed input + output tokens,4.78795,normalized input + visible output tokens,0.01333576800000000133357680000,0.007305587284768212694631765273,private
view_b,typical,500000,medium,low,private,-5,0.8888888888888888,0.8388888888888888,5,6247.0080,3384.2880,4.4640,32.400,72.00,3.1680,14.9760,360.0,9.76095,provider-billed input + output tokens,5.28795,normalized input + visible output tokens,0.01405576800000000140557680000,0.008068501192052980987390854787,private
view_b,high,500000,medium,low,private,-5,0.8888888888888888,0.8388888888888888,5,8767.0080,5904.2880,4.4640,32.400,72.00,3.1680,14.9760,2880.0,13.69845,provider-billed input + output tokens,9.22545,normalized input + visible output tokens,0.01972576800000000197257680000,0.01407644821192053129286868471,private
view_a,not_applicable,500000,medium,low,measured,0,0.8888888888888888,0.8888888888888888,5,5760.00,2897.2800,,,,,,,9.00,provider-billed input + output tokens,4.5270,normalized input + visible output tokens,0.01296000000000000129600000000,0.006518880000000000651888000000,private
view_b,low,500000,medium,low,measured,0,0.8888888888888888,0.8888888888888888,5,5927.0080,3064.2880,4.4640,32.400,72.00,3.1680,14.9760,40.00,9.26095,provider-billed input + output tokens,4.78795,normalized input + visible output tokens,0.01333576800000000133357680000,0.006894648000000000689464800000,private
view_b,typical,500000,medium,low,measured,0,0.8888888888888888,0.8888888888888888,5,6247.0080,3384.2880,4.4640,32.400,72.00,3.1680,14.9760,360.0,9.76095,provider-billed input + output tokens,5.28795,normalized input + visible output tokens,0.01405576800000000140557680000,0.007614648000000000761464800000,private
view_b,high,500000,medium,low,measured,0,0.8888888888888888,0.8888888888888888,5,8767.0080,5904.2880,4.4640,32.400,72.00,3.1680,14.9760,2880.0,13.69845,provider-billed input + output tokens,9.22545,normalized input + visible output tokens,0.01972576800000000197257680000,0.01328464800000000132846480000,private
view_a,not_applicable,500000,medium,low,managed,5,0.9388888888888888,0.8888888888888888,5,5760.00,2897.2800,,,,,,,9.00,provider-billed input + output tokens,4.5270,normalized input + visible output tokens,0.01226982248520710175335597493,0.006518880000000000651888000000,private
view_b,low,500000,medium,low,managed,5,0.9388888888888888,0.8888888888888888,5,5927.0080,3064.2880,4.4640,32.400,72.00,3.1680,14.9760,40.00,9.26095,provider-billed input + output tokens,4.78795,normalized input + visible output tokens,0.01262557917159763433141577956,0.006894648000000000689464800000,private
view_b,typical,500000,medium,low,managed,5,0.9388888888888888,0.8888888888888888,5,6247.0080,3384.2880,4.4640,32.400,72.00,3.1680,14.9760,360.0,9.76095,provider-billed input + output tokens,5.28795,normalized input + visible output tokens,0.01330723597633136220660222261,0.007614648000000000761464800000,private
view_b,high,500000,medium,low,managed,5,0.9388888888888888,0.8888888888888888,5,8767.0080,5904.2880,4.4640,32.400,72.00,3.1680,14.9760,2880.0,13.69845,provider-billed input + output tokens,9.22545,normalized input + visible output tokens,0.01867528331360946922369546164,0.01328464800000000132846480000,private
view_a,not_applicable,500000,medium,low,private,5,0.8888888888888888,0.9388888888888888,5,5760.00,2897.2800,,,,,,,9.00,provider-billed input + output tokens,4.5270,normalized input + visible output tokens,0.01296000000000000129600000000,0.006171720710059172181938055390,private
view_b,low,500000,medium,low,private,5,0.8888888888888888,0.9388888888888888,5,5927.0080,3064.2880,4.4640,32.400,72.00,3.1680,14.9760,40.00,9.26095,provider-billed input + output tokens,4.78795,normalized input + visible output tokens,0.01333576800000000133357680000,0.006527477396449704759997860019,private
view_b,typical,500000,medium,low,private,5,0.8888888888888888,0.9388888888888888,5,6247.0080,3384.2880,4.4640,32.400,72.00,3.1680,14.9760,360.0,9.76095,provider-billed input + output tokens,5.28795,normalized input + visible output tokens,0.01405576800000000140557680000,0.007209134201183432635184303071,private
view_b,high,500000,medium,low,private,5,0.8888888888888888,0.9388888888888888,5,8767.0080,5904.2880,4.4640,32.400,72.00,3.1680,14.9760,2880.0,13.69845,provider-billed input + output tokens,9.22545,normalized input + visible output tokens,0.01972576800000000197257680000,0.01257718153846153965227754210,private
view_a,not_applicable,500000,medium,typical,managed,-5,0.8388888888888888,0.8888888888888888,1,5760.00,579.4560,,,,,,,9.00,provider-billed input + output tokens,0.9054,normalized input + visible output tokens,0.01373245033112582926966361125,0.001303776000000000130377600000,private
view_b,low,500000,medium,typical,managed,-5,0.8388888888888888,0.8888888888888888,1,5927.0080,746.4640,4.4640,32.400,72.00,3.1680,14.9760,40.00,9.26095,provider-billed input + output tokens,1.16635,normalized input + visible output tokens,0.01413061509933774984165458006,0.001679544000000000167954400000,private
view_b,typical,500000,medium,typical,managed,-5,0.8388888888888888,0.8888888888888888,1,6247.0080,1066.4640,4.4640,32.400,72.00,3.1680,14.9760,360.0,9.76095,provider-billed input + output tokens,1.66635,normalized input + visible output tokens,0.01489352900662251813441366958,0.002399544000000000239954400000,private
view_b,high,500000,medium,typical,managed,-5,0.8388888888888888,0.8888888888888888,1,8767.0080,3586.4640,4.4640,32.400,72.00,3.1680,14.9760,2880.0,13.69845,provider-billed input + output tokens,5.60385,normalized input + visible output tokens,0.02090147602649006843989149950,0.008069544000000000806954400000,private
view_a,not_applicable,500000,medium,typical,private,-5,0.8888888888888888,0.8388888888888888,1,5760.00,579.4560,,,,,,,9.00,provider-billed input + output tokens,0.9054,normalized input + visible output tokens,0.01296000000000000129600000000,0.001381484503311258424528159291,private
view_b,low,500000,medium,typical,private,-5,0.8888888888888888,0.8388888888888888,1,5927.0080,746.4640,4.4640,32.400,72.00,3.1680,14.9760,40.00,9.26095,provider-billed input + output tokens,1.16635,normalized input + visible output tokens,0.01333576800000000133357680000,0.001779649271523178996519128108,private
view_b,typical,500000,medium,typical,private,-5,0.8888888888888888,0.8388888888888888,1,6247.0080,1066.4640,4.4640,32.400,72.00,3.1680,14.9760,360.0,9.76095,provider-billed input + output tokens,1.66635,normalized input + visible output tokens,0.01405576800000000140557680000,0.002542563178807947289278217622,private
view_b,high,500000,medium,typical,private,-5,0.8888888888888888,0.8388888888888888,1,8767.0080,3586.4640,4.4640,32.400,72.00,3.1680,14.9760,2880.0,13.69845,provider-billed input + output tokens,5.60385,normalized input + visible output tokens,0.01972576800000000197257680000,0.008550510198675497594756047542,private
view_a,not_applicable,500000,medium,typical,measured,0,0.8888888888888888,0.8888888888888888,1,5760.00,579.4560,,,,,,,9.00,provider-billed input + output tokens,0.9054,normalized input + visible output tokens,0.01296000000000000129600000000,0.001303776000000000130377600000,private
view_b,low,500000,medium,typical,measured,0,0.8888888888888888,0.8888888888888888,1,5927.0080,746.4640,4.4640,32.400,72.00,3.1680,14.9760,40.00,9.26095,provider-billed input + output tokens,1.16635,normalized input + visible output tokens,0.01333576800000000133357680000,0.001679544000000000167954400000,private
view_b,typical,500000,medium,typical,measured,0,0.8888888888888888,0.8888888888888888,1,6247.0080,1066.4640,4.4640,32.400,72.00,3.1680,14.9760,360.0,9.76095,provider-billed input + output tokens,1.66635,normalized input + visible output tokens,0.01405576800000000140557680000,0.002399544000000000239954400000,private
view_b,high,500000,medium,typical,measured,0,0.8888888888888888,0.8888888888888888,1,8767.0080,3586.4640,4.4640,32.400,72.00,3.1680,14.9760,2880.0,13.69845,provider-billed input + output tokens,5.60385,normalized input + visible output tokens,0.01972576800000000197257680000,0.008069544000000000806954400000,private
view_a,not_applicable,500000,medium,typical,managed,5,0.9388888888888888,0.8888888888888888,1,5760.00,579.4560,,,,,,,9.00,provider-billed input + output tokens,0.9054,normalized input + visible output tokens,0.01226982248520710175335597493,0.001303776000000000130377600000,private
view_b,low,500000,medium,typical,managed,5,0.9388888888888888,0.8888888888888888,1,5927.0080,746.4640,4.4640,32.400,72.00,3.1680,14.9760,40.00,9.26095,provider-billed input + output tokens,1.16635,normalized input + visible output tokens,0.01262557917159763433141577956,0.001679544000000000167954400000,private
view_b,typical,500000,medium,typical,managed,5,0.9388888888888888,0.8888888888888888,1,6247.0080,1066.4640,4.4640,32.400,72.00,3.1680,14.9760,360.0,9.76095,provider-billed input + output tokens,1.66635,normalized input + visible output tokens,0.01330723597633136220660222261,0.002399544000000000239954400000,private
view_b,high,500000,medium,typical,managed,5,0.9388888888888888,0.8888888888888888,1,8767.0080,3586.4640,4.4640,32.400,72.00,3.1680,14.9760,2880.0,13.69845,provider-billed input + output tokens,5.60385,normalized input + visible output tokens,0.01867528331360946922369546164,0.008069544000000000806954400000,private
view_a,not_applicable,500000,medium,typical,private,5,0.8888888888888888,0.9388888888888888,1,5760.00,579.4560,,,,,,,9.00,provider-billed input + output tokens,0.9054,normalized input + visible output tokens,0.01296000000000000129600000000,0.001234344142011834436387611078,private
view_b,low,500000,medium,typical,private,5,0.8888888888888888,0.9388888888888888,1,5927.0080,746.4640,4.4640,32.400,72.00,3.1680,14.9760,40.00,9.26095,provider-billed input + output tokens,1.16635,normalized input + visible output tokens,0.01333576800000000133357680000,0.001590100828402367014447415707,private
view_b,typical,500000,medium,typical,private,5,0.8888888888888888,0.9388888888888888,1,6247.0080,1066.4640,4.4640,32.400,72.00,3.1680,14.9760,360.0,9.76095,provider-billed input + output tokens,1.66635,normalized input + visible output tokens,0.01405576800000000140557680000,0.002271757633136094889633858758,private
view_b,high,500000,medium,typical,private,5,0.8888888888888888,0.9388888888888888,1,8767.0080,3586.4640,4.4640,32.400,72.00,3.1680,14.9760,2880.0,13.69845,provider-billed input + output tokens,5.60385,normalized input + visible output tokens,0.01972576800000000197257680000,0.007639804970414201906727097791,private
view_a,not_applicable,500000,medium,high,managed,-5,0.8388888888888888,0.8888888888888888,1,5760.00,579.4560,,,,,,,9.00,provider-billed input + output tokens,0.9054,normalized input + visible output tokens,0.01373245033112582926966361125,0.001303776000000000130377600000,private
view_b,low,500000,medium,high,managed,-5,0.8388888888888888,0.8888888888888888,1,5927.0080,746.4640,4.4640,32.400,72.00,3.1680,14.9760,40.00,9.26095,provider-billed input + output tokens,1.16635,normalized input + visible output tokens,0.01413061509933774984165458006,0.001679544000000000167954400000,private
view_b,typical,500000,medium,high,managed,-5,0.8388888888888888,0.8888888888888888,1,6247.0080,1066.4640,4.4640,32.400,72.00,3.1680,14.9760,360.0,9.76095,provider-billed input + output tokens,1.66635,normalized input + visible output tokens,0.01489352900662251813441366958,0.002399544000000000239954400000,private
view_b,high,500000,medium,high,managed,-5,0.8388888888888888,0.8888888888888888,1,8767.0080,3586.4640,4.4640,32.400,72.00,3.1680,14.9760,2880.0,13.69845,provider-billed input + output tokens,5.60385,normalized input + visible output tokens,0.02090147602649006843989149950,0.008069544000000000806954400000,private
view_a,not_applicable,500000,medium,high,private,-5,0.8888888888888888,0.8388888888888888,1,5760.00,579.4560,,,,,,,9.00,provider-billed input + output tokens,0.9054,normalized input + visible output tokens,0.01296000000000000129600000000,0.001381484503311258424528159291,private
view_b,low,500000,medium,high,private,-5,0.8888888888888888,0.8388888888888888,1,5927.0080,746.4640,4.4640,32.400,72.00,3.1680,14.9760,40.00,9.26095,provider-billed input + output tokens,1.16635,normalized input + visible output tokens,0.01333576800000000133357680000,0.001779649271523178996519128108,private
view_b,typical,500000,medium,high,private,-5,0.8888888888888888,0.8388888888888888,1,6247.0080,1066.4640,4.4640,32.400,72.00,3.1680,14.9760,360.0,9.76095,provider-billed input + output tokens,1.66635,normalized input + visible output tokens,0.01405576800000000140557680000,0.002542563178807947289278217622,private
view_b,high,500000,medium,high,private,-5,0.8888888888888888,0.8388888888888888,1,8767.0080,3586.4640,4.4640,32.400,72.00,3.1680,14.9760,2880.0,13.69845,provider-billed input + output tokens,5.60385,normalized input + visible output tokens,0.01972576800000000197257680000,0.008550510198675497594756047542,private
view_a,not_applicable,500000,medium,high,measured,0,0.8888888888888888,0.8888888888888888,1,5760.00,579.4560,,,,,,,9.00,provider-billed input + output tokens,0.9054,normalized input + visible output tokens,0.01296000000000000129600000000,0.001303776000000000130377600000,private
view_b,low,500000,medium,high,measured,0,0.8888888888888888,0.8888888888888888,1,5927.0080,746.4640,4.4640,32.400,72.00,3.1680,14.9760,40.00,9.26095,provider-billed input + output tokens,1.16635,normalized input + visible output tokens,0.01333576800000000133357680000,0.001679544000000000167954400000,private
view_b,typical,500000,medium,high,measured,0,0.8888888888888888,0.8888888888888888,1,6247.0080,1066.4640,4.4640,32.400,72.00,3.1680,14.9760,360.0,9.76095,provider-billed input + output tokens,1.66635,normalized input + visible output tokens,0.01405576800000000140557680000,0.002399544000000000239954400000,private
view_b,high,500000,medium,high,measured,0,0.8888888888888888,0.8888888888888888,1,8767.0080,3586.4640,4.4640,32.400,72.00,3.1680,14.9760,2880.0,13.69845,provider-billed input + output tokens,5.60385,normalized input + visible output tokens,0.01972576800000000197257680000,0.008069544000000000806954400000,private
view_a,not_applicable,500000,medium,high,managed,5,0.9388888888888888,0.8888888888888888,1,5760.00,579.4560,,,,,,,9.00,provider-billed input + output tokens,0.9054,normalized input + visible output tokens,0.01226982248520710175335597493,0.001303776000000000130377600000,private
view_b,low,500000,medium,high,managed,5,0.9388888888888888,0.8888888888888888,1,5927.0080,746.4640,4.4640,32.400,72.00,3.1680,14.9760,40.00,9.26095,provider-billed input + output tokens,1.16635,normalized input + visible output tokens,0.01262557917159763433141577956,0.001679544000000000167954400000,private
view_b,typical,500000,medium,high,managed,5,0.9388888888888888,0.8888888888888888,1,6247.0080,1066.4640,4.4640,32.400,72.00,3.1680,14.9760,360.0,9.76095,provider-billed input + output tokens,1.66635,normalized input + visible output tokens,0.01330723597633136220660222261,0.002399544000000000239954400000,private
view_b,high,500000,medium,high,managed,5,0.9388888888888888,0.8888888888888888,1,8767.0080,3586.4640,4.4640,32.400,72.00,3.1680,14.9760,2880.0,13.69845,provider-billed input + output tokens,5.60385,normalized input + visible output tokens,0.01867528331360946922369546164,0.008069544000000000806954400000,private
view_a,not_applicable,500000,medium,high,private,5,0.8888888888888888,0.9388888888888888,1,5760.00,579.4560,,,,,,,9.00,provider-billed input + output tokens,0.9054,normalized input + visible output tokens,0.01296000000000000129600000000,0.001234344142011834436387611078,private
view_b,low,500000,medium,high,private,5,0.8888888888888888,0.9388888888888888,1,5927.0080,746.4640,4.4640,32.400,72.00,3.1680,14.9760,40.00,9.26095,provider-billed input + output tokens,1.16635,normalized input + visible output tokens,0.01333576800000000133357680000,0.001590100828402367014447415707,private
view_b,typical,500000,medium,high,private,5,0.8888888888888888,0.9388888888888888,1,6247.0080,1066.4640,4.4640,32.400,72.00,3.1680,14.9760,360.0,9.76095,provider-billed input + output tokens,1.66635,normalized input + visible output tokens,0.01405576800000000140557680000,0.002271757633136094889633858758,private
view_b,high,500000,medium,high,private,5,0.8888888888888888,0.9388888888888888,1,8767.0080,3586.4640,4.4640,32.400,72.00,3.1680,14.9760,2880.0,13.69845,provider-billed input + output tokens,5.60385,normalized input + visible output tokens,0.01972576800000000197257680000,0.007639804970414201906727097791,private
view_a,not_applicable,1000000,short,low,managed,-5,0.8388888888888888,0.8888888888888888,10,2880.00,5794.5600,,,,,,,9.00,provider-billed input + output tokens,18.1080,normalized input + visible output tokens,0.003433112582781457317415902811,0.006518880000000000651888000000,managed
view_b,low,1000000,short,low,managed,-5,0.8388888888888888,0.8888888888888888,10,3047.0080,5961.5680,4.4640,32.400,72.00,3.1680,14.9760,40.00,9.5219,provider-billed input + output tokens,18.6299,normalized input + visible output tokens,0.003632194966887417603411387220,0.006706764000000000670676400000,managed
view_b,typical,1000000,short,low,managed,-5,0.8388888888888888,0.8888888888888888,10,3367.0080,6281.5680,4.4640,32.400,72.00,3.1680,14.9760,360.0,10.5219,provider-billed input + output tokens,19.6299,normalized input + visible output tokens,0.004013651920529801749790931977,0.007066764000000000706676400000,managed
view_b,high,1000000,short,low,managed,-5,0.8388888888888888,0.8888888888888888,10,5887.0080,8801.5680,4.4640,32.400,72.00,3.1680,14.9760,2880.0,18.3969,provider-billed input + output tokens,27.5049,normalized input + visible output tokens,0.007017625430463576902529846937,0.009901764000000000990176400000,managed
view_a,not_applicable,1000000,short,low,private,-5,0.8888888888888888,0.8388888888888888,10,2880.00,5794.5600,,,,,,,9.00,provider-billed input + output tokens,18.1080,normalized input + visible output tokens,0.003240000000000000324000000000,0.006907422516556292122640796456,managed
view_b,low,1000000,short,low,private,-5,0.8888888888888888,0.8388888888888888,10,3047.0080,5961.5680,4.4640,32.400,72.00,3.1680,14.9760,40.00,9.5219,provider-billed input + output tokens,18.6299,normalized input + visible output tokens,0.003427884000000000342788400000,0.007106504900662252408636280865,managed
view_b,typical,1000000,short,low,private,-5,0.8888888888888888,0.8388888888888888,10,3367.0080,6281.5680,4.4640,32.400,72.00,3.1680,14.9760,360.0,10.5219,provider-billed input + output tokens,19.6299,normalized input + visible output tokens,0.003787884000000000378788400000,0.007487961854304636555015825622,managed
view_b,high,1000000,short,low,private,-5,0.8888888888888888,0.8388888888888888,10,5887.0080,8801.5680,4.4640,32.400,72.00,3.1680,14.9760,2880.0,18.3969,provider-billed input + output tokens,27.5049,normalized input + visible output tokens,0.006622884000000000662288400000,0.01049193536423841170775474058,managed
view_a,not_applicable,1000000,short,low,measured,0,0.8888888888888888,0.8888888888888888,10,2880.00,5794.5600,,,,,,,9.00,provider-billed input + output tokens,18.1080,normalized input + visible output tokens,0.003240000000000000324000000000,0.006518880000000000651888000000,managed
view_b,low,1000000,short,low,measured,0,0.8888888888888888,0.8888888888888888,10,3047.0080,5961.5680,4.4640,32.400,72.00,3.1680,14.9760,40.00,9.5219,provider-billed input + output tokens,18.6299,normalized input + visible output tokens,0.003427884000000000342788400000,0.006706764000000000670676400000,managed
view_b,typical,1000000,short,low,measured,0,0.8888888888888888,0.8888888888888888,10,3367.0080,6281.5680,4.4640,32.400,72.00,3.1680,14.9760,360.0,10.5219,provider-billed input + output tokens,19.6299,normalized input + visible output tokens,0.003787884000000000378788400000,0.007066764000000000706676400000,managed
view_b,high,1000000,short,low,measured,0,0.8888888888888888,0.8888888888888888,10,5887.0080,8801.5680,4.4640,32.400,72.00,3.1680,14.9760,2880.0,18.3969,provider-billed input + output tokens,27.5049,normalized input + visible output tokens,0.006622884000000000662288400000,0.009901764000000000990176400000,managed
view_a,not_applicable,1000000,short,low,managed,5,0.9388888888888888,0.8888888888888888,10,2880.00,5794.5600,,,,,,,9.00,provider-billed input + output tokens,18.1080,normalized input + visible output tokens,0.003067455621301775438338993733,0.006518880000000000651888000000,managed
view_b,low,1000000,short,low,managed,5,0.9388888888888888,0.8888888888888888,10,3047.0080,5961.5680,4.4640,32.400,72.00,3.1680,14.9760,40.00,9.5219,provider-billed input + output tokens,18.6299,normalized input + visible output tokens,0.003245333964497041727368896047,0.006706764000000000670676400000,managed
view_b,typical,1000000,short,low,managed,5,0.9388888888888888,0.8888888888888888,10,3367.0080,6281.5680,4.4640,32.400,72.00,3.1680,14.9760,360.0,10.5219,provider-billed input + output tokens,19.6299,normalized input + visible output tokens,0.003586162366863905664962117573,0.007066764000000000706676400000,managed
view_b,high,1000000,short,low,managed,5,0.9388888888888888,0.8888888888888888,10,5887.0080,8801.5680,4.4640,32.400,72.00,3.1680,14.9760,2880.0,18.3969,provider-billed input + output tokens,27.5049,normalized input + visible output tokens,0.006270186035502959173508737089,0.009901764000000000990176400000,managed
view_a,not_applicable,1000000,short,low,private,5,0.8888888888888888,0.9388888888888888,10,2880.00,5794.5600,,,,,,,9.00,provider-billed input + output tokens,18.1080,normalized input + visible output tokens,0.003240000000000000324000000000,0.006171720710059172181938055390,managed
view_b,low,1000000,short,low,private,5,0.8888888888888888,0.9388888888888888,10,3047.0080,5961.5680,4.4640,32.400,72.00,3.1680,14.9760,40.00,9.5219,provider-billed input + output tokens,18.6299,normalized input + visible output tokens,0.003427884000000000342788400000,0.006349599053254438470967957705,managed
view_b,typical,1000000,short,low,private,5,0.8888888888888888,0.9388888888888888,10,3367.0080,6281.5680,4.4640,32.400,72.00,3.1680,14.9760,360.0,10.5219,provider-billed input + output tokens,19.6299,normalized input + visible output tokens,0.003787884000000000378788400000,0.006690427455621302408561179230,managed
view_b,high,1000000,short,low,private,5,0.8888888888888888,0.9388888888888888,10,5887.0080,8801.5680,4.4640,32.400,72.00,3.1680,14.9760,2880.0,18.3969,provider-billed input + output tokens,27.5049,normalized input + visible output tokens,0.006622884000000000662288400000,0.009374451124260355917107798747,managed
view_a,not_applicable,1000000,short,typical,managed,-5,0.8388888888888888,0.8888888888888888,2,2880.00,1158.9120,,,,,,,9.00,provider-billed input + output tokens,3.6216,normalized input + visible output tokens,0.003433112582781457317415902811,0.001303776000000000130377600000,private
view_b,low,1000000,short,typical,managed,-5,0.8388888888888888,0.8888888888888888,2,3047.0080,1325.9200,4.4640,32.400,72.00,3.1680,14.9760,40.00,9.5219,provider-billed input + output tokens,4.1435,normalized input + visible output tokens,0.003632194966887417603411387220,0.001491660000000000149166000000,private
view_b,typical,1000000,short,typical,managed,-5,0.8388888888888888,0.8888888888888888,2,3367.0080,1645.9200,4.4640,32.400,72.00,3.1680,14.9760,360.0,10.5219,provider-billed input + output tokens,5.1435,normalized input + visible output tokens,0.004013651920529801749790931977,0.001851660000000000185166000000,private
view_b,high,1000000,short,typical,managed,-5,0.8388888888888888,0.8888888888888888,2,5887.0080,4165.9200,4.4640,32.400,72.00,3.1680,14.9760,2880.0,18.3969,provider-billed input + output tokens,13.0185,normalized input + visible output tokens,0.007017625430463576902529846937,0.004686660000000000468666000000,private
view_a,not_applicable,1000000,short,typical,private,-5,0.8888888888888888,0.8388888888888888,2,2880.00,1158.9120,,,,,,,9.00,provider-billed input + output tokens,3.6216,normalized input + visible output tokens,0.003240000000000000324000000000,0.001381484503311258424528159291,private
view_b,low,1000000,short,typical,private,-5,0.8888888888888888,0.8388888888888888,2,3047.0080,1325.9200,4.4640,32.400,72.00,3.1680,14.9760,40.00,9.5219,provider-billed input + output tokens,4.1435,normalized input + visible output tokens,0.003427884000000000342788400000,0.001580566887417218710523643700,private
view_b,typical,1000000,short,typical,private,-5,0.8888888888888888,0.8388888888888888,2,3367.0080,1645.9200,4.4640,32.400,72.00,3.1680,14.9760,360.0,10.5219,provider-billed input + output tokens,5.1435,normalized input + visible output tokens,0.003787884000000000378788400000,0.001962023841059602856903188457,private
view_b,high,1000000,short,typical,private,-5,0.8888888888888888,0.8388888888888888,2,5887.0080,4165.9200,4.4640,32.400,72.00,3.1680,14.9760,2880.0,18.3969,provider-billed input + output tokens,13.0185,normalized input + visible output tokens,0.006622884000000000662288400000,0.004965997350993378009642103417,private
view_a,not_applicable,1000000,short,typical,measured,0,0.8888888888888888,0.8888888888888888,2,2880.00,1158.9120,,,,,,,9.00,provider-billed input + output tokens,3.6216,normalized input + visible output tokens,0.003240000000000000324000000000,0.001303776000000000130377600000,private
view_b,low,1000000,short,typical,measured,0,0.8888888888888888,0.8888888888888888,2,3047.0080,1325.9200,4.4640,32.400,72.00,3.1680,14.9760,40.00,9.5219,provider-billed input + output tokens,4.1435,normalized input + visible output tokens,0.003427884000000000342788400000,0.001491660000000000149166000000,private
view_b,typical,1000000,short,typical,measured,0,0.8888888888888888,0.8888888888888888,2,3367.0080,1645.9200,4.4640,32.400,72.00,3.1680,14.9760,360.0,10.5219,provider-billed input + output tokens,5.1435,normalized input + visible output tokens,0.003787884000000000378788400000,0.001851660000000000185166000000,private
view_b,high,1000000,short,typical,measured,0,0.8888888888888888,0.8888888888888888,2,5887.0080,4165.9200,4.4640,32.400,72.00,3.1680,14.9760,2880.0,18.3969,provider-billed input + output tokens,13.0185,normalized input + visible output tokens,0.006622884000000000662288400000,0.004686660000000000468666000000,private
view_a,not_applicable,1000000,short,typical,managed,5,0.9388888888888888,0.8888888888888888,2,2880.00,1158.9120,,,,,,,9.00,provider-billed input + output tokens,3.6216,normalized input + visible output tokens,0.003067455621301775438338993733,0.001303776000000000130377600000,private
view_b,low,1000000,short,typical,managed,5,0.9388888888888888,0.8888888888888888,2,3047.0080,1325.9200,4.4640,32.400,72.00,3.1680,14.9760,40.00,9.5219,provider-billed input + output tokens,4.1435,normalized input + visible output tokens,0.003245333964497041727368896047,0.001491660000000000149166000000,private
view_b,typical,1000000,short,typical,managed,5,0.9388888888888888,0.8888888888888888,2,3367.0080,1645.9200,4.4640,32.400,72.00,3.1680,14.9760,360.0,10.5219,provider-billed input + output tokens,5.1435,normalized input + visible output tokens,0.003586162366863905664962117573,0.001851660000000000185166000000,private
view_b,high,1000000,short,typical,managed,5,0.9388888888888888,0.8888888888888888,2,5887.0080,4165.9200,4.4640,32.400,72.00,3.1680,14.9760,2880.0,18.3969,provider-billed input + output tokens,13.0185,normalized input + visible output tokens,0.006270186035502959173508737089,0.004686660000000000468666000000,private
view_a,not_applicable,1000000,short,typical,private,5,0.8888888888888888,0.9388888888888888,2,2880.00,1158.9120,,,,,,,9.00,provider-billed input + output tokens,3.6216,normalized input + visible output tokens,0.003240000000000000324000000000,0.001234344142011834436387611078,private
view_b,low,1000000,short,typical,private,5,0.8888888888888888,0.9388888888888888,2,3047.0080,1325.9200,4.4640,32.400,72.00,3.1680,14.9760,40.00,9.5219,provider-billed input + output tokens,4.1435,normalized input + visible output tokens,0.003427884000000000342788400000,0.001412222485207100725417513392,private
view_b,typical,1000000,short,typical,private,5,0.8888888888888888,0.9388888888888888,2,3367.0080,1645.9200,4.4640,32.400,72.00,3.1680,14.9760,360.0,10.5219,provider-billed input + output tokens,5.1435,normalized input + visible output tokens,0.003787884000000000378788400000,0.001753050887573964663010734918,private
view_b,high,1000000,short,typical,private,5,0.8888888888888888,0.9388888888888888,2,5887.0080,4165.9200,4.4640,32.400,72.00,3.1680,14.9760,2880.0,18.3969,provider-billed input + output tokens,13.0185,normalized input + visible output tokens,0.006622884000000000662288400000,0.004437074556213018171557354434,private
view_a,not_applicable,1000000,short,high,managed,-5,0.8388888888888888,0.8888888888888888,1,2880.00,579.4560,,,,,,,9.00,provider-billed input + output tokens,1.8108,normalized input + visible output tokens,0.003433112582781457317415902811,0.0006518880000000000651888000000,private
view_b,low,1000000,short,high,managed,-5,0.8388888888888888,0.8888888888888888,1,3047.0080,746.4640,4.4640,32.400,72.00,3.1680,14.9760,40.00,9.5219,provider-billed input + output tokens,2.3327,normalized input + visible output tokens,0.003632194966887417603411387220,0.0008397720000000000839772000000,private
view_b,typical,1000000,short,high,managed,-5,0.8388888888888888,0.8888888888888888,1,3367.0080,1066.4640,4.4640,32.400,72.00,3.1680,14.9760,360.0,10.5219,provider-billed input + output tokens,3.3327,normalized input + visible output tokens,0.004013651920529801749790931977,0.001199772000000000119977200000,private
view_b,high,1000000,short,high,managed,-5,0.8388888888888888,0.8888888888888888,1,5887.0080,3586.4640,4.4640,32.400,72.00,3.1680,14.9760,2880.0,18.3969,provider-billed input + output tokens,11.2077,normalized input + visible output tokens,0.007017625430463576902529846937,0.004034772000000000403477200000,private
view_a,not_applicable,1000000,short,high,private,-5,0.8888888888888888,0.8388888888888888,1,2880.00,579.4560,,,,,,,9.00,provider-billed input + output tokens,1.8108,normalized input + visible output tokens,0.003240000000000000324000000000,0.0006907422516556292122640796456,private
view_b,low,1000000,short,high,private,-5,0.8888888888888888,0.8388888888888888,1,3047.0080,746.4640,4.4640,32.400,72.00,3.1680,14.9760,40.00,9.5219,provider-billed input + output tokens,2.3327,normalized input + visible output tokens,0.003427884000000000342788400000,0.0008898246357615894982595640542,private
view_b,typical,1000000,short,high,private,-5,0.8888888888888888,0.8388888888888888,1,3367.0080,1066.4640,4.4640,32.400,72.00,3.1680,14.9760,360.0,10.5219,provider-billed input + output tokens,3.3327,normalized input + visible output tokens,0.003787884000000000378788400000,0.001271281589403973644639108811,private
view_b,high,1000000,short,high,private,-5,0.8888888888888888,0.8388888888888888,1,5887.0080,3586.4640,4.4640,32.400,72.00,3.1680,14.9760,2880.0,18.3969,provider-billed input + output tokens,11.2077,normalized input + visible output tokens,0.006622884000000000662288400000,0.004275255099337748797378023771,private
view_a,not_applicable,1000000,short,high,measured,0,0.8888888888888888,0.8888888888888888,1,2880.00,579.4560,,,,,,,9.00,provider-billed input + output tokens,1.8108,normalized input + visible output tokens,0.003240000000000000324000000000,0.0006518880000000000651888000000,private
view_b,low,1000000,short,high,measured,0,0.8888888888888888,0.8888888888888888,1,3047.0080,746.4640,4.4640,32.400,72.00,3.1680,14.9760,40.00,9.5219,provider-billed input + output tokens,2.3327,normalized input + visible output tokens,0.003427884000000000342788400000,0.0008397720000000000839772000000,private
view_b,typical,1000000,short,high,measured,0,0.8888888888888888,0.8888888888888888,1,3367.0080,1066.4640,4.4640,32.400,72.00,3.1680,14.9760,360.0,10.5219,provider-billed input + output tokens,3.3327,normalized input + visible output tokens,0.003787884000000000378788400000,0.001199772000000000119977200000,private
view_b,high,1000000,short,high,measured,0,0.8888888888888888,0.8888888888888888,1,5887.0080,3586.4640,4.4640,32.400,72.00,3.1680,14.9760,2880.0,18.3969,provider-billed input + output tokens,11.2077,normalized input + visible output tokens,0.006622884000000000662288400000,0.004034772000000000403477200000,private
view_a,not_applicable,1000000,short,high,managed,5,0.9388888888888888,0.8888888888888888,1,2880.00,579.4560,,,,,,,9.00,provider-billed input + output tokens,1.8108,normalized input + visible output tokens,0.003067455621301775438338993733,0.0006518880000000000651888000000,private
view_b,low,1000000,short,high,managed,5,0.9388888888888888,0.8888888888888888,1,3047.0080,746.4640,4.4640,32.400,72.00,3.1680,14.9760,40.00,9.5219,provider-billed input + output tokens,2.3327,normalized input + visible output tokens,0.003245333964497041727368896047,0.0008397720000000000839772000000,private
view_b,typical,1000000,short,high,managed,5,0.9388888888888888,0.8888888888888888,1,3367.0080,1066.4640,4.4640,32.400,72.00,3.1680,14.9760,360.0,10.5219,provider-billed input + output tokens,3.3327,normalized input + visible output tokens,0.003586162366863905664962117573,0.001199772000000000119977200000,private
view_b,high,1000000,short,high,managed,5,0.9388888888888888,0.8888888888888888,1,5887.0080,3586.4640,4.4640,32.400,72.00,3.1680,14.9760,2880.0,18.3969,provider-billed input + output tokens,11.2077,normalized input + visible output tokens,0.006270186035502959173508737089,0.004034772000000000403477200000,private
view_a,not_applicable,1000000,short,high,private,5,0.8888888888888888,0.9388888888888888,1,2880.00,579.4560,,,,,,,9.00,provider-billed input + output tokens,1.8108,normalized input + visible output tokens,0.003240000000000000324000000000,0.0006171720710059172181938055390,private
view_b,low,1000000,short,high,private,5,0.8888888888888888,0.9388888888888888,1,3047.0080,746.4640,4.4640,32.400,72.00,3.1680,14.9760,40.00,9.5219,provider-billed input + output tokens,2.3327,normalized input + visible output tokens,0.003427884000000000342788400000,0.0007950504142011835072237078534,private
view_b,typical,1000000,short,high,private,5,0.8888888888888888,0.9388888888888888,1,3367.0080,1066.4640,4.4640,32.400,72.00,3.1680,14.9760,360.0,10.5219,provider-billed input + output tokens,3.3327,normalized input + visible output tokens,0.003787884000000000378788400000,0.001135878816568047444816929379,private
view_b,high,1000000,short,high,private,5,0.8888888888888888,0.9388888888888888,1,5887.0080,3586.4640,4.4640,32.400,72.00,3.1680,14.9760,2880.0,18.3969,provider-billed input + output tokens,11.2077,normalized input + visible output tokens,0.006622884000000000662288400000,0.003819902485207100953363548895,private
view_a,not_applicable,1000000,medium,low,managed,-5,0.8388888888888888,0.8888888888888888,10,11520.00,5794.5600,,,,,,,9.00,provider-billed input + output tokens,4.5270,normalized input + visible output tokens,0.01373245033112582926966361125,0.006518880000000000651888000000,private
view_b,low,1000000,medium,low,managed,-5,0.8388888888888888,0.8888888888888888,10,11687.0080,5961.5680,4.4640,32.400,72.00,3.1680,14.9760,40.00,9.130475,provider-billed input + output tokens,4.657475,normalized input + visible output tokens,0.01393153271523178955565909565,0.006706764000000000670676400000,private
view_b,typical,1000000,medium,low,managed,-5,0.8388888888888888,0.8888888888888888,10,12007.0080,6281.5680,4.4640,32.400,72.00,3.1680,14.9760,360.0,9.380475,provider-billed input + output tokens,4.907475,normalized input + visible output tokens,0.01431298966887417370203864041,0.007066764000000000706676400000,private
view_b,high,1000000,medium,low,managed,-5,0.8388888888888888,0.8888888888888888,10,14527.0080,8801.5680,4.4640,32.400,72.00,3.1680,14.9760,2880.0,11.349225,provider-billed input + output tokens,6.876225,normalized input + visible output tokens,0.01731696317880794885477755537,0.009901764000000000990176400000,private
view_a,not_applicable,1000000,medium,low,private,-5,0.8888888888888888,0.8388888888888888,10,11520.00,5794.5600,,,,,,,9.00,provider-billed input + output tokens,4.5270,normalized input + visible output tokens,0.01296000000000000129600000000,0.006907422516556292122640796456,private
view_b,low,1000000,medium,low,private,-5,0.8888888888888888,0.8388888888888888,10,11687.0080,5961.5680,4.4640,32.400,72.00,3.1680,14.9760,40.00,9.130475,provider-billed input + output tokens,4.657475,normalized input + visible output tokens,0.01314788400000000131478840000,0.007106504900662252408636280865,private
view_b,typical,1000000,medium,low,private,-5,0.8888888888888888,0.8388888888888888,10,12007.0080,6281.5680,4.4640,32.400,72.00,3.1680,14.9760,360.0,9.380475,provider-billed input + output tokens,4.907475,normalized input + visible output tokens,0.01350788400000000135078840000,0.007487961854304636555015825622,private
view_b,high,1000000,medium,low,private,-5,0.8888888888888888,0.8388888888888888,10,14527.0080,8801.5680,4.4640,32.400,72.00,3.1680,14.9760,2880.0,11.349225,provider-billed input + output tokens,6.876225,normalized input + visible output tokens,0.01634288400000000163428840000,0.01049193536423841170775474058,private
view_a,not_applicable,1000000,medium,low,measured,0,0.8888888888888888,0.8888888888888888,10,11520.00,5794.5600,,,,,,,9.00,provider-billed input + output tokens,4.5270,normalized input + visible output tokens,0.01296000000000000129600000000,0.006518880000000000651888000000,private
view_b,low,1000000,medium,low,measured,0,0.8888888888888888,0.8888888888888888,10,11687.0080,5961.5680,4.4640,32.400,72.00,3.1680,14.9760,40.00,9.130475,provider-billed input + output tokens,4.657475,normalized input + visible output tokens,0.01314788400000000131478840000,0.006706764000000000670676400000,private
view_b,typical,1000000,medium,low,measured,0,0.8888888888888888,0.8888888888888888,10,12007.0080,6281.5680,4.4640,32.400,72.00,3.1680,14.9760,360.0,9.380475,provider-billed input + output tokens,4.907475,normalized input + visible output tokens,0.01350788400000000135078840000,0.007066764000000000706676400000,private
view_b,high,1000000,medium,low,measured,0,0.8888888888888888,0.8888888888888888,10,14527.0080,8801.5680,4.4640,32.400,72.00,3.1680,14.9760,2880.0,11.349225,provider-billed input + output tokens,6.876225,normalized input + visible output tokens,0.01634288400000000163428840000,0.009901764000000000990176400000,private
view_a,not_applicable,1000000,medium,low,managed,5,0.9388888888888888,0.8888888888888888,10,11520.00,5794.5600,,,,,,,9.00,provider-billed input + output tokens,4.5270,normalized input + visible output tokens,0.01226982248520710175335597493,0.006518880000000000651888000000,private
view_b,low,1000000,medium,low,managed,5,0.9388888888888888,0.8888888888888888,10,11687.0080,5961.5680,4.4640,32.400,72.00,3.1680,14.9760,40.00,9.130475,provider-billed input + output tokens,4.657475,normalized input + visible output tokens,0.01244770082840236804238587725,0.006706764000000000670676400000,private
view_b,typical,1000000,medium,low,managed,5,0.9388888888888888,0.8888888888888888,10,12007.0080,6281.5680,4.4640,32.400,72.00,3.1680,14.9760,360.0,9.380475,provider-billed input + output tokens,4.907475,normalized input + visible output tokens,0.01278852923076923197997909877,0.007066764000000000706676400000,private
view_b,high,1000000,medium,low,managed,5,0.9388888888888888,0.8888888888888888,10,14527.0080,8801.5680,4.4640,32.400,72.00,3.1680,14.9760,2880.0,11.349225,provider-billed input + output tokens,6.876225,normalized input + visible output tokens,0.01547255289940828548852571829,0.009901764000000000990176400000,private
view_a,not_applicable,1000000,medium,low,private,5,0.8888888888888888,0.9388888888888888,10,11520.00,5794.5600,,,,,,,9.00,provider-billed input + output tokens,4.5270,normalized input + visible output tokens,0.01296000000000000129600000000,0.006171720710059172181938055390,private
view_b,low,1000000,medium,low,private,5,0.8888888888888888,0.9388888888888888,10,11687.0080,5961.5680,4.4640,32.400,72.00,3.1680,14.9760,40.00,9.130475,provider-billed input + output tokens,4.657475,normalized input + visible output tokens,0.01314788400000000131478840000,0.006349599053254438470967957705,private
view_b,typical,1000000,medium,low,private,5,0.8888888888888888,0.9388888888888888,10,12007.0080,6281.5680,4.4640,32.400,72.00,3.1680,14.9760,360.0,9.380475,provider-billed input + output tokens,4.907475,normalized input + visible output tokens,0.01350788400000000135078840000,0.006690427455621302408561179230,private
view_b,high,1000000,medium,low,private,5,0.8888888888888888,0.9388888888888888,10,14527.0080,8801.5680,4.4640,32.400,72.00,3.1680,14.9760,2880.0,11.349225,provider-billed input + output tokens,6.876225,normalized input + visible output tokens,0.01634288400000000163428840000,0.009374451124260355917107798747,private
view_a,not_applicable,1000000,medium,typical,managed,-5,0.8388888888888888,0.8888888888888888,2,11520.00,1158.9120,,,,,,,9.00,provider-billed input + output tokens,0.9054,normalized input + visible output tokens,0.01373245033112582926966361125,0.001303776000000000130377600000,private
view_b,low,1000000,medium,typical,managed,-5,0.8388888888888888,0.8888888888888888,2,11687.0080,1325.9200,4.4640,32.400,72.00,3.1680,14.9760,40.00,9.130475,provider-billed input + output tokens,1.035875,normalized input + visible output tokens,0.01393153271523178955565909565,0.001491660000000000149166000000,private
view_b,typical,1000000,medium,typical,managed,-5,0.8388888888888888,0.8888888888888888,2,12007.0080,1645.9200,4.4640,32.400,72.00,3.1680,14.9760,360.0,9.380475,provider-billed input + output tokens,1.285875,normalized input + visible output tokens,0.01431298966887417370203864041,0.001851660000000000185166000000,private
view_b,high,1000000,medium,typical,managed,-5,0.8388888888888888,0.8888888888888888,2,14527.0080,4165.9200,4.4640,32.400,72.00,3.1680,14.9760,2880.0,11.349225,provider-billed input + output tokens,3.254625,normalized input + visible output tokens,0.01731696317880794885477755537,0.004686660000000000468666000000,private
view_a,not_applicable,1000000,medium,typical,private,-5,0.8888888888888888,0.8388888888888888,2,11520.00,1158.9120,,,,,,,9.00,provider-billed input + output tokens,0.9054,normalized input + visible output tokens,0.01296000000000000129600000000,0.001381484503311258424528159291,private
view_b,low,1000000,medium,typical,private,-5,0.8888888888888888,0.8388888888888888,2,11687.0080,1325.9200,4.4640,32.400,72.00,3.1680,14.9760,40.00,9.130475,provider-billed input + output tokens,1.035875,normalized input + visible output tokens,0.01314788400000000131478840000,0.001580566887417218710523643700,private
view_b,typical,1000000,medium,typical,private,-5,0.8888888888888888,0.8388888888888888,2,12007.0080,1645.9200,4.4640,32.400,72.00,3.1680,14.9760,360.0,9.380475,provider-billed input + output tokens,1.285875,normalized input + visible output tokens,0.01350788400000000135078840000,0.001962023841059602856903188457,private
view_b,high,1000000,medium,typical,private,-5,0.8888888888888888,0.8388888888888888,2,14527.0080,4165.9200,4.4640,32.400,72.00,3.1680,14.9760,2880.0,11.349225,provider-billed input + output tokens,3.254625,normalized input + visible output tokens,0.01634288400000000163428840000,0.004965997350993378009642103417,private
view_a,not_applicable,1000000,medium,typical,measured,0,0.8888888888888888,0.8888888888888888,2,11520.00,1158.9120,,,,,,,9.00,provider-billed input + output tokens,0.9054,normalized input + visible output tokens,0.01296000000000000129600000000,0.001303776000000000130377600000,private
view_b,low,1000000,medium,typical,measured,0,0.8888888888888888,0.8888888888888888,2,11687.0080,1325.9200,4.4640,32.400,72.00,3.1680,14.9760,40.00,9.130475,provider-billed input + output tokens,1.035875,normalized input + visible output tokens,0.01314788400000000131478840000,0.001491660000000000149166000000,private
view_b,typical,1000000,medium,typical,measured,0,0.8888888888888888,0.8888888888888888,2,12007.0080,1645.9200,4.4640,32.400,72.00,3.1680,14.9760,360.0,9.380475,provider-billed input + output tokens,1.285875,normalized input + visible output tokens,0.01350788400000000135078840000,0.001851660000000000185166000000,private
view_b,high,1000000,medium,typical,measured,0,0.8888888888888888,0.8888888888888888,2,14527.0080,4165.9200,4.4640,32.400,72.00,3.1680,14.9760,2880.0,11.349225,provider-billed input + output tokens,3.254625,normalized input + visible output tokens,0.01634288400000000163428840000,0.004686660000000000468666000000,private
view_a,not_applicable,1000000,medium,typical,managed,5,0.9388888888888888,0.8888888888888888,2,11520.00,1158.9120,,,,,,,9.00,provider-billed input + output tokens,0.9054,normalized input + visible output tokens,0.01226982248520710175335597493,0.001303776000000000130377600000,private
view_b,low,1000000,medium,typical,managed,5,0.9388888888888888,0.8888888888888888,2,11687.0080,1325.9200,4.4640,32.400,72.00,3.1680,14.9760,40.00,9.130475,provider-billed input + output tokens,1.035875,normalized input + visible output tokens,0.01244770082840236804238587725,0.001491660000000000149166000000,private
view_b,typical,1000000,medium,typical,managed,5,0.9388888888888888,0.8888888888888888,2,12007.0080,1645.9200,4.4640,32.400,72.00,3.1680,14.9760,360.0,9.380475,provider-billed input + output tokens,1.285875,normalized input + visible output tokens,0.01278852923076923197997909877,0.001851660000000000185166000000,private
view_b,high,1000000,medium,typical,managed,5,0.9388888888888888,0.8888888888888888,2,14527.0080,4165.9200,4.4640,32.400,72.00,3.1680,14.9760,2880.0,11.349225,provider-billed input + output tokens,3.254625,normalized input + visible output tokens,0.01547255289940828548852571829,0.004686660000000000468666000000,private
view_a,not_applicable,1000000,medium,typical,private,5,0.8888888888888888,0.9388888888888888,2,11520.00,1158.9120,,,,,,,9.00,provider-billed input + output tokens,0.9054,normalized input + visible output tokens,0.01296000000000000129600000000,0.001234344142011834436387611078,private
view_b,low,1000000,medium,typical,private,5,0.8888888888888888,0.9388888888888888,2,11687.0080,1325.9200,4.4640,32.400,72.00,3.1680,14.9760,40.00,9.130475,provider-billed input + output tokens,1.035875,normalized input + visible output tokens,0.01314788400000000131478840000,0.001412222485207100725417513392,private
view_b,typical,1000000,medium,typical,private,5,0.8888888888888888,0.9388888888888888,2,12007.0080,1645.9200,4.4640,32.400,72.00,3.1680,14.9760,360.0,9.380475,provider-billed input + output tokens,1.285875,normalized input + visible output tokens,0.01350788400000000135078840000,0.001753050887573964663010734918,private
view_b,high,1000000,medium,typical,private,5,0.8888888888888888,0.9388888888888888,2,14527.0080,4165.9200,4.4640,32.400,72.00,3.1680,14.9760,2880.0,11.349225,provider-billed input + output tokens,3.254625,normalized input + visible output tokens,0.01634288400000000163428840000,0.004437074556213018171557354434,private
view_a,not_applicable,1000000,medium,high,managed,-5,0.8388888888888888,0.8888888888888888,1,11520.00,579.4560,,,,,,,9.00,provider-billed input + output tokens,0.4527,normalized input + visible output tokens,0.01373245033112582926966361125,0.0006518880000000000651888000000,private
view_b,low,1000000,medium,high,managed,-5,0.8388888888888888,0.8888888888888888,1,11687.0080,746.4640,4.4640,32.400,72.00,3.1680,14.9760,40.00,9.130475,provider-billed input + output tokens,0.583175,normalized input + visible output tokens,0.01393153271523178955565909565,0.0008397720000000000839772000000,private
view_b,typical,1000000,medium,high,managed,-5,0.8388888888888888,0.8888888888888888,1,12007.0080,1066.4640,4.4640,32.400,72.00,3.1680,14.9760,360.0,9.380475,provider-billed input + output tokens,0.833175,normalized input + visible output tokens,0.01431298966887417370203864041,0.001199772000000000119977200000,private
view_b,high,1000000,medium,high,managed,-5,0.8388888888888888,0.8888888888888888,1,14527.0080,3586.4640,4.4640,32.400,72.00,3.1680,14.9760,2880.0,11.349225,provider-billed input + output tokens,2.801925,normalized input + visible output tokens,0.01731696317880794885477755537,0.004034772000000000403477200000,private
view_a,not_applicable,1000000,medium,high,private,-5,0.8888888888888888,0.8388888888888888,1,11520.00,579.4560,,,,,,,9.00,provider-billed input + output tokens,0.4527,normalized input + visible output tokens,0.01296000000000000129600000000,0.0006907422516556292122640796456,private
view_b,low,1000000,medium,high,private,-5,0.8888888888888888,0.8388888888888888,1,11687.0080,746.4640,4.4640,32.400,72.00,3.1680,14.9760,40.00,9.130475,provider-billed input + output tokens,0.583175,normalized input + visible output tokens,0.01314788400000000131478840000,0.0008898246357615894982595640542,private
view_b,typical,1000000,medium,high,private,-5,0.8888888888888888,0.8388888888888888,1,12007.0080,1066.4640,4.4640,32.400,72.00,3.1680,14.9760,360.0,9.380475,provider-billed input + output tokens,0.833175,normalized input + visible output tokens,0.01350788400000000135078840000,0.001271281589403973644639108811,private
view_b,high,1000000,medium,high,private,-5,0.8888888888888888,0.8388888888888888,1,14527.0080,3586.4640,4.4640,32.400,72.00,3.1680,14.9760,2880.0,11.349225,provider-billed input + output tokens,2.801925,normalized input + visible output tokens,0.01634288400000000163428840000,0.004275255099337748797378023771,private
view_a,not_applicable,1000000,medium,high,measured,0,0.8888888888888888,0.8888888888888888,1,11520.00,579.4560,,,,,,,9.00,provider-billed input + output tokens,0.4527,normalized input + visible output tokens,0.01296000000000000129600000000,0.0006518880000000000651888000000,private
view_b,low,1000000,medium,high,measured,0,0.8888888888888888,0.8888888888888888,1,11687.0080,746.4640,4.4640,32.400,72.00,3.1680,14.9760,40.00,9.130475,provider-billed input + output tokens,0.583175,normalized input + visible output tokens,0.01314788400000000131478840000,0.0008397720000000000839772000000,private
view_b,typical,1000000,medium,high,measured,0,0.8888888888888888,0.8888888888888888,1,12007.0080,1066.4640,4.4640,32.400,72.00,3.1680,14.9760,360.0,9.380475,provider-billed input + output tokens,0.833175,normalized input + visible output tokens,0.01350788400000000135078840000,0.001199772000000000119977200000,private
view_b,high,1000000,medium,high,measured,0,0.8888888888888888,0.8888888888888888,1,14527.0080,3586.4640,4.4640,32.400,72.00,3.1680,14.9760,2880.0,11.349225,provider-billed input + output tokens,2.801925,normalized input + visible output tokens,0.01634288400000000163428840000,0.004034772000000000403477200000,private
view_a,not_applicable,1000000,medium,high,managed,5,0.9388888888888888,0.8888888888888888,1,11520.00,579.4560,,,,,,,9.00,provider-billed input + output tokens,0.4527,normalized input + visible output tokens,0.01226982248520710175335597493,0.0006518880000000000651888000000,private
view_b,low,1000000,medium,high,managed,5,0.9388888888888888,0.8888888888888888,1,11687.0080,746.4640,4.4640,32.400,72.00,3.1680,14.9760,40.00,9.130475,provider-billed input + output tokens,0.583175,normalized input + visible output tokens,0.01244770082840236804238587725,0.0008397720000000000839772000000,private
view_b,typical,1000000,medium,high,managed,5,0.9388888888888888,0.8888888888888888,1,12007.0080,1066.4640,4.4640,32.400,72.00,3.1680,14.9760,360.0,9.380475,provider-billed input + output tokens,0.833175,normalized input + visible output tokens,0.01278852923076923197997909877,0.001199772000000000119977200000,private
view_b,high,1000000,medium,high,managed,5,0.9388888888888888,0.8888888888888888,1,14527.0080,3586.4640,4.4640,32.400,72.00,3.1680,14.9760,2880.0,11.349225,provider-billed input + output tokens,2.801925,normalized input + visible output tokens,0.01547255289940828548852571829,0.004034772000000000403477200000,private
view_a,not_applicable,1000000,medium,high,private,5,0.8888888888888888,0.9388888888888888,1,11520.00,579.4560,,,,,,,9.00,provider-billed input + output tokens,0.4527,normalized input + visible output tokens,0.01296000000000000129600000000,0.0006171720710059172181938055390,private
view_b,low,1000000,medium,high,private,5,0.8888888888888888,0.9388888888888888,1,11687.0080,746.4640,4.4640,32.400,72.00,3.1680,14.9760,40.00,9.130475,provider-billed input + output tokens,0.583175,normalized input + visible output tokens,0.01314788400000000131478840000,0.0007950504142011835072237078534,private
view_b,typical,1000000,medium,high,private,5,0.8888888888888888,0.9388888888888888,1,12007.0080,1066.4640,4.4640,32.400,72.00,3.1680,14.9760,360.0,9.380475,provider-billed input + output tokens,0.833175,normalized input + visible output tokens,0.01350788400000000135078840000,0.001135878816568047444816929379,private
view_b,high,1000000,medium,high,private,5,0.8888888888888888,0.9388888888888888,1,14527.0080,3586.4640,4.4640,32.400,72.00,3.1680,14.9760,2880.0,11.349225,provider-billed input + output tokens,2.801925,normalized input + visible output tokens,0.01634288400000000163428840000,0.003819902485207100953363548895,private
