view,operations_sensitivity,monthly_requests,token_profile,utilization_tier,quality_sensitivity_path,quality_delta_points,managed_quality_rate,private_quality_rate,replicas,managed_total_usd,private_total_usd,gateway_runtime_usd,network_nat_usd,control_plane_usd,shared_storage_usd,observability_usd,operations_engineering_allocation_usd,managed_cost_per_1m_provider_billed_tokens_usd,managed_token_definition,private_cost_per_1m_normalized_tokens_usd,private_token_definition,managed_cost_per_correct_task_usd,private_cost_per_correct_task_usd,lower_cost_path
view_a,not_applicable,10000,short,low,managed,-5,0.7277777777777778,0.7777777777777778,1,28.80,579.4560,,,,,,,9.00,provider-billed input + output tokens,181.0800,normalized input + visible output tokens,0.003957251908396946444053376843,0.07450148571428571215710040816,managed
view_b,low,10000,short,low,managed,-5,0.7277777777777778,0.7777777777777778,1,195.8080,746.4640,4.4640,32.400,72.00,3.1680,14.9760,40.00,61.1900,provider-billed input + output tokens,233.2700,normalized input + visible output tokens,0.02690491603053435032351401433,0.09597394285714285440074448980,managed
view_b,typical,10000,short,low,managed,-5,0.7277777777777778,0.7777777777777778,1,515.8080,1066.4640,4.4640,32.400,72.00,3.1680,14.9760,360.0,161.1900,provider-billed input + output tokens,333.2700,normalized input + visible output tokens,0.07087438167938931081299597926,0.1371167999999999960823771429,managed
view_b,high,10000,short,low,managed,-5,0.7277777777777778,0.7777777777777778,1,3035.8080,3586.4640,4.4640,32.400,72.00,3.1680,14.9760,2880.0,948.6900,provider-billed input + output tokens,1120.7700,normalized input + visible output tokens,0.4171339236641221246676664530,0.4611167999999999868252342857,managed
view_a,not_applicable,10000,short,low,private,-5,0.7777777777777778,0.7277777777777778,1,28.80,579.4560,,,,,,,9.00,provider-billed input + output tokens,181.0800,normalized input + visible output tokens,0.003702857142857142751346938776,0.07961990839694656245435394208,managed
view_b,low,10000,short,low,private,-5,0.7777777777777778,0.7277777777777778,1,195.8080,746.4640,4.4640,32.400,72.00,3.1680,14.9760,40.00,61.1900,provider-billed input + output tokens,233.2700,normalized input + visible output tokens,0.02517531428571428499499102041,0.1025675725190839663338145796,managed
view_b,typical,10000,short,low,private,-5,0.7777777777777778,0.7277777777777778,1,515.8080,1066.4640,4.4640,32.400,72.00,3.1680,14.9760,360.0,161.1900,provider-billed input + output tokens,333.2700,normalized input + visible output tokens,0.06631817142857142667662367347,0.1465370381679389268232965445,managed
view_b,high,10000,short,low,private,-5,0.7777777777777778,0.7277777777777778,1,3035.8080,3586.4640,4.4640,32.400,72.00,3.1680,14.9760,2880.0,948.6900,provider-billed input + output tokens,1120.7700,normalized input + visible output tokens,0.3903181714285714174194808163,0.4927965801526717406779670182,managed
view_a,not_applicable,10000,short,low,measured,0,0.7777777777777778,0.7777777777777778,1,28.80,579.4560,,,,,,,9.00,provider-billed input + output tokens,181.0800,normalized input + visible output tokens,0.003702857142857142751346938776,0.07450148571428571215710040816,managed
view_b,low,10000,short,low,measured,0,0.7777777777777778,0.7777777777777778,1,195.8080,746.4640,4.4640,32.400,72.00,3.1680,14.9760,40.00,61.1900,provider-billed input + output tokens,233.2700,normalized input + visible output tokens,0.02517531428571428499499102041,0.09597394285714285440074448980,managed
view_b,typical,10000,short,low,measured,0,0.7777777777777778,0.7777777777777778,1,515.8080,1066.4640,4.4640,32.400,72.00,3.1680,14.9760,360.0,161.1900,provider-billed input + output tokens,333.2700,normalized input + visible output tokens,0.06631817142857142667662367347,0.1371167999999999960823771429,managed
view_b,high,10000,short,low,measured,0,0.7777777777777778,0.7777777777777778,1,3035.8080,3586.4640,4.4640,32.400,72.00,3.1680,14.9760,2880.0,948.6900,provider-billed input + output tokens,1120.7700,normalized input + visible output tokens,0.3903181714285714174194808163,0.4611167999999999868252342857,managed
view_a,not_applicable,10000,short,low,managed,5,0.8277777777777778,0.7777777777777778,1,28.80,579.4560,,,,,,,9.00,provider-billed input + output tokens,181.0800,normalized input + visible output tokens,0.003479194630872483128075311923,0.07450148571428571215710040816,managed
view_b,low,10000,short,low,managed,5,0.8277777777777778,0.7777777777777778,1,195.8080,746.4640,4.4640,32.400,72.00,3.1680,14.9760,40.00,61.1900,provider-billed input + output tokens,233.2700,normalized input + visible output tokens,0.02365465771812080473410314851,0.09597394285714285440074448980,managed
view_b,typical,10000,short,low,managed,5,0.8277777777777778,0.7777777777777778,1,515.8080,1066.4640,4.4640,32.400,72.00,3.1680,14.9760,360.0,161.1900,provider-billed input + output tokens,333.2700,normalized input + visible output tokens,0.06231237583892617282382883654,0.1371167999999999960823771429,managed
view_b,high,10000,short,low,managed,5,0.8277777777777778,0.7777777777777778,1,3035.8080,3586.4640,4.4640,32.400,72.00,3.1680,14.9760,2880.0,948.6900,provider-billed input + output tokens,1120.7700,normalized input + visible output tokens,0.3667419060402684465304186298,0.4611167999999999868252342857,managed
view_a,not_applicable,10000,short,low,private,5,0.7777777777777778,0.8277777777777778,1,28.80,579.4560,,,,,,,9.00,provider-billed input + output tokens,181.0800,normalized input + visible output tokens,0.003702857142857142751346938776,0.07000139597315436053687527589,managed
view_b,low,10000,short,low,private,5,0.7777777777777778,0.8277777777777778,1,195.8080,746.4640,4.4640,32.400,72.00,3.1680,14.9760,40.00,61.1900,provider-billed input + output tokens,233.2700,normalized input + visible output tokens,0.02517531428571428499499102041,0.09017685906040268214290311247,managed
view_b,typical,10000,short,low,private,5,0.7777777777777778,0.8277777777777778,1,515.8080,1066.4640,4.4640,32.400,72.00,3.1680,14.9760,360.0,161.1900,provider-billed input + output tokens,333.2700,normalized input + visible output tokens,0.06631817142857142667662367347,0.1288345771812080502326288005,managed
view_b,high,10000,short,low,private,5,0.7777777777777778,0.8277777777777778,1,3035.8080,3586.4640,4.4640,32.400,72.00,3.1680,14.9760,2880.0,948.6900,provider-billed input + output tokens,1120.7700,normalized input + visible output tokens,0.3903181714285714174194808163,0.4332641073825503239392185938,managed
view_a,not_applicable,10000,short,typical,managed,-5,0.7277777777777778,0.7777777777777778,1,28.80,579.4560,,,,,,,9.00,provider-billed input + output tokens,181.0800,normalized input + visible output tokens,0.003957251908396946444053376843,0.07450148571428571215710040816,managed
view_b,low,10000,short,typical,managed,-5,0.7277777777777778,0.7777777777777778,1,195.8080,746.4640,4.4640,32.400,72.00,3.1680,14.9760,40.00,61.1900,provider-billed input + output tokens,233.2700,normalized input + visible output tokens,0.02690491603053435032351401433,0.09597394285714285440074448980,managed
view_b,typical,10000,short,typical,managed,-5,0.7277777777777778,0.7777777777777778,1,515.8080,1066.4640,4.4640,32.400,72.00,3.1680,14.9760,360.0,161.1900,provider-billed input + output tokens,333.2700,normalized input + visible output tokens,0.07087438167938931081299597926,0.1371167999999999960823771429,managed
view_b,high,10000,short,typical,managed,-5,0.7277777777777778,0.7777777777777778,1,3035.8080,3586.4640,4.4640,32.400,72.00,3.1680,14.9760,2880.0,948.6900,provider-billed input + output tokens,1120.7700,normalized input + visible output tokens,0.4171339236641221246676664530,0.4611167999999999868252342857,managed
view_a,not_applicable,10000,short,typical,private,-5,0.7777777777777778,0.7277777777777778,1,28.80,579.4560,,,,,,,9.00,provider-billed input + output tokens,181.0800,normalized input + visible output tokens,0.003702857142857142751346938776,0.07961990839694656245435394208,managed
view_b,low,10000,short,typical,private,-5,0.7777777777777778,0.7277777777777778,1,195.8080,746.4640,4.4640,32.400,72.00,3.1680,14.9760,40.00,61.1900,provider-billed input + output tokens,233.2700,normalized input + visible output tokens,0.02517531428571428499499102041,0.1025675725190839663338145796,managed
view_b,typical,10000,short,typical,private,-5,0.7777777777777778,0.7277777777777778,1,515.8080,1066.4640,4.4640,32.400,72.00,3.1680,14.9760,360.0,161.1900,provider-billed input + output tokens,333.2700,normalized input + visible output tokens,0.06631817142857142667662367347,0.1465370381679389268232965445,managed
view_b,high,10000,short,typical,private,-5,0.7777777777777778,0.7277777777777778,1,3035.8080,3586.4640,4.4640,32.400,72.00,3.1680,14.9760,2880.0,948.6900,provider-billed input + output tokens,1120.7700,normalized input + visible output tokens,0.3903181714285714174194808163,0.4927965801526717406779670182,managed
view_a,not_applicable,10000,short,typical,measured,0,0.7777777777777778,0.7777777777777778,1,28.80,579.4560,,,,,,,9.00,provider-billed input + output tokens,181.0800,normalized input + visible output tokens,0.003702857142857142751346938776,0.07450148571428571215710040816,managed
view_b,low,10000,short,typical,measured,0,0.7777777777777778,0.7777777777777778,1,195.8080,746.4640,4.4640,32.400,72.00,3.1680,14.9760,40.00,61.1900,provider-billed input + output tokens,233.2700,normalized input + visible output tokens,0.02517531428571428499499102041,0.09597394285714285440074448980,managed
view_b,typical,10000,short,typical,measured,0,0.7777777777777778,0.7777777777777778,1,515.8080,1066.4640,4.4640,32.400,72.00,3.1680,14.9760,360.0,161.1900,provider-billed input + output tokens,333.2700,normalized input + visible output tokens,0.06631817142857142667662367347,0.1371167999999999960823771429,managed
view_b,high,10000,short,typical,measured,0,0.7777777777777778,0.7777777777777778,1,3035.8080,3586.4640,4.4640,32.400,72.00,3.1680,14.9760,2880.0,948.6900,provider-billed input + output tokens,1120.7700,normalized input + visible output tokens,0.3903181714285714174194808163,0.4611167999999999868252342857,managed
view_a,not_applicable,10000,short,typical,managed,5,0.8277777777777778,0.7777777777777778,1,28.80,579.4560,,,,,,,9.00,provider-billed input + output tokens,181.0800,normalized input + visible output tokens,0.003479194630872483128075311923,0.07450148571428571215710040816,managed
view_b,low,10000,short,typical,managed,5,0.8277777777777778,0.7777777777777778,1,195.8080,746.4640,4.4640,32.400,72.00,3.1680,14.9760,40.00,61.1900,provider-billed input + output tokens,233.2700,normalized input + visible output tokens,0.02365465771812080473410314851,0.09597394285714285440074448980,managed
view_b,typical,10000,short,typical,managed,5,0.8277777777777778,0.7777777777777778,1,515.8080,1066.4640,4.4640,32.400,72.00,3.1680,14.9760,360.0,161.1900,provider-billed input + output tokens,333.2700,normalized input + visible output tokens,0.06231237583892617282382883654,0.1371167999999999960823771429,managed
view_b,high,10000,short,typical,managed,5,0.8277777777777778,0.7777777777777778,1,3035.8080,3586.4640,4.4640,32.400,72.00,3.1680,14.9760,2880.0,948.6900,provider-billed input + output tokens,1120.7700,normalized input + visible output tokens,0.3667419060402684465304186298,0.4611167999999999868252342857,managed
view_a,not_applicable,10000,short,typical,private,5,0.7777777777777778,0.8277777777777778,1,28.80,579.4560,,,,,,,9.00,provider-billed input + output tokens,181.0800,normalized input + visible output tokens,0.003702857142857142751346938776,0.07000139597315436053687527589,managed
view_b,low,10000,short,typical,private,5,0.7777777777777778,0.8277777777777778,1,195.8080,746.4640,4.4640,32.400,72.00,3.1680,14.9760,40.00,61.1900,provider-billed input + output tokens,233.2700,normalized input + visible output tokens,0.02517531428571428499499102041,0.09017685906040268214290311247,managed
view_b,typical,10000,short,typical,private,5,0.7777777777777778,0.8277777777777778,1,515.8080,1066.4640,4.4640,32.400,72.00,3.1680,14.9760,360.0,161.1900,provider-billed input + output tokens,333.2700,normalized input + visible output tokens,0.06631817142857142667662367347,0.1288345771812080502326288005,managed
view_b,high,10000,short,typical,private,5,0.7777777777777778,0.8277777777777778,1,3035.8080,3586.4640,4.4640,32.400,72.00,3.1680,14.9760,2880.0,948.6900,provider-billed input + output tokens,1120.7700,normalized input + visible output tokens,0.3903181714285714174194808163,0.4332641073825503239392185938,managed
view_a,not_applicable,10000,short,high,managed,-5,0.7277777777777778,0.7777777777777778,1,28.80,579.4560,,,,,,,9.00,provider-billed input + output tokens,181.0800,normalized input + visible output tokens,0.003957251908396946444053376843,0.07450148571428571215710040816,managed
view_b,low,10000,short,high,managed,-5,0.7277777777777778,0.7777777777777778,1,195.8080,746.4640,4.4640,32.400,72.00,3.1680,14.9760,40.00,61.1900,provider-billed input + output tokens,233.2700,normalized input + visible output tokens,0.02690491603053435032351401433,0.09597394285714285440074448980,managed
view_b,typical,10000,short,high,managed,-5,0.7277777777777778,0.7777777777777778,1,515.8080,1066.4640,4.4640,32.400,72.00,3.1680,14.9760,360.0,161.1900,provider-billed input + output tokens,333.2700,normalized input + visible output tokens,0.07087438167938931081299597926,0.1371167999999999960823771429,managed
view_b,high,10000,short,high,managed,-5,0.7277777777777778,0.7777777777777778,1,3035.8080,3586.4640,4.4640,32.400,72.00,3.1680,14.9760,2880.0,948.6900,provider-billed input + output tokens,1120.7700,normalized input + visible output tokens,0.4171339236641221246676664530,0.4611167999999999868252342857,managed
view_a,not_applicable,10000,short,high,private,-5,0.7777777777777778,0.7277777777777778,1,28.80,579.4560,,,,,,,9.00,provider-billed input + output tokens,181.0800,normalized input + visible output tokens,0.003702857142857142751346938776,0.07961990839694656245435394208,managed
view_b,low,10000,short,high,private,-5,0.7777777777777778,0.7277777777777778,1,195.8080,746.4640,4.4640,32.400,72.00,3.1680,14.9760,40.00,61.1900,provider-billed input + output tokens,233.2700,normalized input + visible output tokens,0.02517531428571428499499102041,0.1025675725190839663338145796,managed
view_b,typical,10000,short,high,private,-5,0.7777777777777778,0.7277777777777778,1,515.8080,1066.4640,4.4640,32.400,72.00,3.1680,14.9760,360.0,161.1900,provider-billed input + output tokens,333.2700,normalized input + visible output tokens,0.06631817142857142667662367347,0.1465370381679389268232965445,managed
view_b,high,10000,short,high,private,-5,0.7777777777777778,0.7277777777777778,1,3035.8080,3586.4640,4.4640,32.400,72.00,3.1680,14.9760,2880.0,948.6900,provider-billed input + output tokens,1120.7700,normalized input + visible output tokens,0.3903181714285714174194808163,0.4927965801526717406779670182,managed
view_a,not_applicable,10000,short,high,measured,0,0.7777777777777778,0.7777777777777778,1,28.80,579.4560,,,,,,,9.00,provider-billed input + output tokens,181.0800,normalized input + visible output tokens,0.003702857142857142751346938776,0.07450148571428571215710040816,managed
view_b,low,10000,short,high,measured,0,0.7777777777777778,0.7777777777777778,1,195.8080,746.4640,4.4640,32.400,72.00,3.1680,14.9760,40.00,61.1900,provider-billed input + output tokens,233.2700,normalized input + visible output tokens,0.02517531428571428499499102041,0.09597394285714285440074448980,managed
view_b,typical,10000,short,high,measured,0,0.7777777777777778,0.7777777777777778,1,515.8080,1066.4640,4.4640,32.400,72.00,3.1680,14.9760,360.0,161.1900,provider-billed input + output tokens,333.2700,normalized input + visible output tokens,0.06631817142857142667662367347,0.1371167999999999960823771429,managed
view_b,high,10000,short,high,measured,0,0.7777777777777778,0.7777777777777778,1,3035.8080,3586.4640,4.4640,32.400,72.00,3.1680,14.9760,2880.0,948.6900,provider-billed input + output tokens,1120.7700,normalized input + visible output tokens,0.3903181714285714174194808163,0.4611167999999999868252342857,managed
view_a,not_applicable,10000,short,high,managed,5,0.8277777777777778,0.7777777777777778,1,28.80,579.4560,,,,,,,9.00,provider-billed input + output tokens,181.0800,normalized input + visible output tokens,0.003479194630872483128075311923,0.07450148571428571215710040816,managed
view_b,low,10000,short,high,managed,5,0.8277777777777778,0.7777777777777778,1,195.8080,746.4640,4.4640,32.400,72.00,3.1680,14.9760,40.00,61.1900,provider-billed input + output tokens,233.2700,normalized input + visible output tokens,0.02365465771812080473410314851,0.09597394285714285440074448980,managed
view_b,typical,10000,short,high,managed,5,0.8277777777777778,0.7777777777777778,1,515.8080,1066.4640,4.4640,32.400,72.00,3.1680,14.9760,360.0,161.1900,provider-billed input + output tokens,333.2700,normalized input + visible output tokens,0.06231237583892617282382883654,0.1371167999999999960823771429,managed
view_b,high,10000,short,high,managed,5,0.8277777777777778,0.7777777777777778,1,3035.8080,3586.4640,4.4640,32.400,72.00,3.1680,14.9760,2880.0,948.6900,provider-billed input + output tokens,1120.7700,normalized input + visible output tokens,0.3667419060402684465304186298,0.4611167999999999868252342857,managed
view_a,not_applicable,10000,short,high,private,5,0.7777777777777778,0.8277777777777778,1,28.80,579.4560,,,,,,,9.00,provider-billed input + output tokens,181.0800,normalized input + visible output tokens,0.003702857142857142751346938776,0.07000139597315436053687527589,managed
view_b,low,10000,short,high,private,5,0.7777777777777778,0.8277777777777778,1,195.8080,746.4640,4.4640,32.400,72.00,3.1680,14.9760,40.00,61.1900,provider-billed input + output tokens,233.2700,normalized input + visible output tokens,0.02517531428571428499499102041,0.09017685906040268214290311247,managed
view_b,typical,10000,short,high,private,5,0.7777777777777778,0.8277777777777778,1,515.8080,1066.4640,4.4640,32.400,72.00,3.1680,14.9760,360.0,161.1900,provider-billed input + output tokens,333.2700,normalized input + visible output tokens,0.06631817142857142667662367347,0.1288345771812080502326288005,managed
view_b,high,10000,short,high,private,5,0.7777777777777778,0.8277777777777778,1,3035.8080,3586.4640,4.4640,32.400,72.00,3.1680,14.9760,2880.0,948.6900,provider-billed input + output tokens,1120.7700,normalized input + visible output tokens,0.3903181714285714174194808163,0.4332641073825503239392185938,managed
view_a,not_applicable,10000,medium,low,managed,-5,0.7277777777777778,0.7777777777777778,1,115.20,579.4560,,,,,,,9.00,provider-billed input + output tokens,45.2700,normalized input + visible output tokens,0.01582900763358778577621350737,0.07450148571428571215710040816,managed
view_b,low,10000,medium,low,managed,-5,0.7277777777777778,0.7777777777777778,1,282.2080,746.4640,4.4640,32.400,72.00,3.1680,14.9760,40.00,22.0475,provider-billed input + output tokens,58.3175,normalized input + visible output tokens,0.03877667175572518965567414486,0.09597394285714285440074448980,managed
view_b,typical,10000,medium,low,managed,-5,0.7277777777777778,0.7777777777777778,1,602.2080,1066.4640,4.4640,32.400,72.00,3.1680,14.9760,360.0,47.0475,provider-billed input + output tokens,83.3175,normalized input + visible output tokens,0.08274613740458015014515610978,0.1371167999999999960823771429,managed
view_b,high,10000,medium,low,managed,-5,0.7277777777777778,0.7777777777777778,1,3122.2080,3586.4640,4.4640,32.400,72.00,3.1680,14.9760,2880.0,243.9225,provider-billed input + output tokens,280.1925,normalized input + visible output tokens,0.4290056793893129639998265835,0.4611167999999999868252342857,managed
view_a,not_applicable,10000,medium,low,private,-5,0.7777777777777778,0.7277777777777778,1,115.20,579.4560,,,,,,,9.00,provider-billed input + output tokens,45.2700,normalized input + visible output tokens,0.01481142857142857100538775510,0.07961990839694656245435394208,managed
view_b,low,10000,medium,low,private,-5,0.7777777777777778,0.7277777777777778,1,282.2080,746.4640,4.4640,32.400,72.00,3.1680,14.9760,40.00,22.0475,provider-billed input + output tokens,58.3175,normalized input + visible output tokens,0.03628388571428571324903183673,0.1025675725190839663338145796,managed
view_b,typical,10000,medium,low,private,-5,0.7777777777777778,0.7277777777777778,1,602.2080,1066.4640,4.4640,32.400,72.00,3.1680,14.9760,360.0,47.0475,provider-billed input + output tokens,83.3175,normalized input + visible output tokens,0.07742674285714285493066448980,0.1465370381679389268232965445,managed
view_b,high,10000,medium,low,private,-5,0.7777777777777778,0.7277777777777778,1,3122.2080,3586.4640,4.4640,32.400,72.00,3.1680,14.9760,2880.0,243.9225,provider-billed input + output tokens,280.1925,normalized input + visible output tokens,0.4014267428571428456735216327,0.4927965801526717406779670182,managed
view_a,not_applicable,10000,medium,low,measured,0,0.7777777777777778,0.7777777777777778,1,115.20,579.4560,,,,,,,9.00,provider-billed input + output tokens,45.2700,normalized input + visible output tokens,0.01481142857142857100538775510,0.07450148571428571215710040816,managed
view_b,low,10000,medium,low,measured,0,0.7777777777777778,0.7777777777777778,1,282.2080,746.4640,4.4640,32.400,72.00,3.1680,14.9760,40.00,22.0475,provider-billed input + output tokens,58.3175,normalized input + visible output tokens,0.03628388571428571324903183673,0.09597394285714285440074448980,managed
view_b,typical,10000,medium,low,measured,0,0.7777777777777778,0.7777777777777778,1,602.2080,1066.4640,4.4640,32.400,72.00,3.1680,14.9760,360.0,47.0475,provider-billed input + output tokens,83.3175,normalized input + visible output tokens,0.07742674285714285493066448980,0.1371167999999999960823771429,managed
view_b,high,10000,medium,low,measured,0,0.7777777777777778,0.7777777777777778,1,3122.2080,3586.4640,4.4640,32.400,72.00,3.1680,14.9760,2880.0,243.9225,provider-billed input + output tokens,280.1925,normalized input + visible output tokens,0.4014267428571428456735216327,0.4611167999999999868252342857,managed
view_a,not_applicable,10000,medium,low,managed,5,0.8277777777777778,0.7777777777777778,1,115.20,579.4560,,,,,,,9.00,provider-billed input + output tokens,45.2700,normalized input + visible output tokens,0.01391677852348993251230124769,0.07450148571428571215710040816,managed
view_b,low,10000,medium,low,managed,5,0.8277777777777778,0.7777777777777778,1,282.2080,746.4640,4.4640,32.400,72.00,3.1680,14.9760,40.00,22.0475,provider-billed input + output tokens,58.3175,normalized input + visible output tokens,0.03409224161073825411832908428,0.09597394285714285440074448980,managed
view_b,typical,10000,medium,low,managed,5,0.8277777777777778,0.7777777777777778,1,602.2080,1066.4640,4.4640,32.400,72.00,3.1680,14.9760,360.0,47.0475,provider-billed input + output tokens,83.3175,normalized input + visible output tokens,0.07274995973154362220805477231,0.1371167999999999960823771429,managed
view_b,high,10000,medium,low,managed,5,0.8277777777777778,0.7777777777777778,1,3122.2080,3586.4640,4.4640,32.400,72.00,3.1680,14.9760,2880.0,243.9225,provider-billed input + output tokens,280.1925,normalized input + visible output tokens,0.3771794899328858959146445656,0.4611167999999999868252342857,managed
view_a,not_applicable,10000,medium,low,private,5,0.7777777777777778,0.8277777777777778,1,115.20,579.4560,,,,,,,9.00,provider-billed input + output tokens,45.2700,normalized input + visible output tokens,0.01481142857142857100538775510,0.07000139597315436053687527589,managed
view_b,low,10000,medium,low,private,5,0.7777777777777778,0.8277777777777778,1,282.2080,746.4640,4.4640,32.400,72.00,3.1680,14.9760,40.00,22.0475,provider-billed input + output tokens,58.3175,normalized input + visible output tokens,0.03628388571428571324903183673,0.09017685906040268214290311247,managed
view_b,typical,10000,medium,low,private,5,0.7777777777777778,0.8277777777777778,1,602.2080,1066.4640,4.4640,32.400,72.00,3.1680,14.9760,360.0,47.0475,provider-billed input + output tokens,83.3175,normalized input + visible output tokens,0.07742674285714285493066448980,0.1288345771812080502326288005,managed
view_b,high,10000,medium,low,private,5,0.7777777777777778,0.8277777777777778,1,3122.2080,3586.4640,4.4640,32.400,72.00,3.1680,14.9760,2880.0,243.9225,provider-billed input + output tokens,280.1925,normalized input + visible output tokens,0.4014267428571428456735216327,0.4332641073825503239392185938,managed
view_a,not_applicable,10000,medium,typical,managed,-5,0.7277777777777778,0.7777777777777778,1,115.20,579.4560,,,,,,,9.00,provider-billed input + output tokens,45.2700,normalized input + visible output tokens,0.01582900763358778577621350737,0.07450148571428571215710040816,managed
view_b,low,10000,medium,typical,managed,-5,0.7277777777777778,0.7777777777777778,1,282.2080,746.4640,4.4640,32.400,72.00,3.1680,14.9760,40.00,22.0475,provider-billed input + output tokens,58.3175,normalized input + visible output tokens,0.03877667175572518965567414486,0.09597394285714285440074448980,managed
view_b,typical,10000,medium,typical,managed,-5,0.7277777777777778,0.7777777777777778,1,602.2080,1066.4640,4.4640,32.400,72.00,3.1680,14.9760,360.0,47.0475,provider-billed input + output tokens,83.3175,normalized input + visible output tokens,0.08274613740458015014515610978,0.1371167999999999960823771429,managed
view_b,high,10000,medium,typical,managed,-5,0.7277777777777778,0.7777777777777778,1,3122.2080,3586.4640,4.4640,32.400,72.00,3.1680,14.9760,2880.0,243.9225,provider-billed input + output tokens,280.1925,normalized input + visible output tokens,0.4290056793893129639998265835,0.4611167999999999868252342857,managed
view_a,not_applicable,10000,medium,typical,private,-5,0.7777777777777778,0.7277777777777778,1,115.20,579.4560,,,,,,,9.00,provider-billed input + output tokens,45.2700,normalized input + visible output tokens,0.01481142857142857100538775510,0.07961990839694656245435394208,managed
view_b,low,10000,medium,typical,private,-5,0.7777777777777778,0.7277777777777778,1,282.2080,746.4640,4.4640,32.400,72.00,3.1680,14.9760,40.00,22.0475,provider-billed input + output tokens,58.3175,normalized input + visible output tokens,0.03628388571428571324903183673,0.1025675725190839663338145796,managed
view_b,typical,10000,medium,typical,private,-5,0.7777777777777778,0.7277777777777778,1,602.2080,1066.4640,4.4640,32.400,72.00,3.1680,14.9760,360.0,47.0475,provider-billed input + output tokens,83.3175,normalized input + visible output tokens,0.07742674285714285493066448980,0.1465370381679389268232965445,managed
view_b,high,10000,medium,typical,private,-5,0.7777777777777778,0.7277777777777778,1,3122.2080,3586.4640,4.4640,32.400,72.00,3.1680,14.9760,2880.0,243.9225,provider-billed input + output tokens,280.1925,normalized input + visible output tokens,0.4014267428571428456735216327,0.4927965801526717406779670182,managed
view_a,not_applicable,10000,medium,typical,measured,0,0.7777777777777778,0.7777777777777778,1,115.20,579.4560,,,,,,,9.00,provider-billed input + output tokens,45.2700,normalized input + visible output tokens,0.01481142857142857100538775510,0.07450148571428571215710040816,managed
view_b,low,10000,medium,typical,measured,0,0.7777777777777778,0.7777777777777778,1,282.2080,746.4640,4.4640,32.400,72.00,3.1680,14.9760,40.00,22.0475,provider-billed input + output tokens,58.3175,normalized input + visible output tokens,0.03628388571428571324903183673,0.09597394285714285440074448980,managed
view_b,typical,10000,medium,typical,measured,0,0.7777777777777778,0.7777777777777778,1,602.2080,1066.4640,4.4640,32.400,72.00,3.1680,14.9760,360.0,47.0475,provider-billed input + output tokens,83.3175,normalized input + visible output tokens,0.07742674285714285493066448980,0.1371167999999999960823771429,managed
view_b,high,10000,medium,typical,measured,0,0.7777777777777778,0.7777777777777778,1,3122.2080,3586.4640,4.4640,32.400,72.00,3.1680,14.9760,2880.0,243.9225,provider-billed input + output tokens,280.1925,normalized input + visible output tokens,0.4014267428571428456735216327,0.4611167999999999868252342857,managed
view_a,not_applicable,10000,medium,typical,managed,5,0.8277777777777778,0.7777777777777778,1,115.20,579.4560,,,,,,,9.00,provider-billed input + output tokens,45.2700,normalized input + visible output tokens,0.01391677852348993251230124769,0.07450148571428571215710040816,managed
view_b,low,10000,medium,typical,managed,5,0.8277777777777778,0.7777777777777778,1,282.2080,746.4640,4.4640,32.400,72.00,3.1680,14.9760,40.00,22.0475,provider-billed input + output tokens,58.3175,normalized input + visible output tokens,0.03409224161073825411832908428,0.09597394285714285440074448980,managed
view_b,typical,10000,medium,typical,managed,5,0.8277777777777778,0.7777777777777778,1,602.2080,1066.4640,4.4640,32.400,72.00,3.1680,14.9760,360.0,47.0475,provider-billed input + output tokens,83.3175,normalized input + visible output tokens,0.07274995973154362220805477231,0.1371167999999999960823771429,managed
view_b,high,10000,medium,typical,managed,5,0.8277777777777778,0.7777777777777778,1,3122.2080,3586.4640,4.4640,32.400,72.00,3.1680,14.9760,2880.0,243.9225,provider-billed input + output tokens,280.1925,normalized input + visible output tokens,0.3771794899328858959146445656,0.4611167999999999868252342857,managed
view_a,not_applicable,10000,medium,typical,private,5,0.7777777777777778,0.8277777777777778,1,115.20,579.4560,,,,,,,9.00,provider-billed input + output tokens,45.2700,normalized input + visible output tokens,0.01481142857142857100538775510,0.07000139597315436053687527589,managed
view_b,low,10000,medium,typical,private,5,0.7777777777777778,0.8277777777777778,1,282.2080,746.4640,4.4640,32.400,72.00,3.1680,14.9760,40.00,22.0475,provider-billed input + output tokens,58.3175,normalized input + visible output tokens,0.03628388571428571324903183673,0.09017685906040268214290311247,managed
view_b,typical,10000,medium,typical,private,5,0.7777777777777778,0.8277777777777778,1,602.2080,1066.4640,4.4640,32.400,72.00,3.1680,14.9760,360.0,47.0475,provider-billed input + output tokens,83.3175,normalized input + visible output tokens,0.07742674285714285493066448980,0.1288345771812080502326288005,managed
view_b,high,10000,medium,typical,private,5,0.7777777777777778,0.8277777777777778,1,3122.2080,3586.4640,4.4640,32.400,72.00,3.1680,14.9760,2880.0,243.9225,provider-billed input + output tokens,280.1925,normalized input + visible output tokens,0.4014267428571428456735216327,0.4332641073825503239392185938,managed
view_a,not_applicable,10000,medium,high,managed,-5,0.7277777777777778,0.7777777777777778,1,115.20,579.4560,,,,,,,9.00,provider-billed input + output tokens,45.2700,normalized input + visible output tokens,0.01582900763358778577621350737,0.07450148571428571215710040816,managed
view_b,low,10000,medium,high,managed,-5,0.7277777777777778,0.7777777777777778,1,282.2080,746.4640,4.4640,32.400,72.00,3.1680,14.9760,40.00,22.0475,provider-billed input + output tokens,58.3175,normalized input + visible output tokens,0.03877667175572518965567414486,0.09597394285714285440074448980,managed
view_b,typical,10000,medium,high,managed,-5,0.7277777777777778,0.7777777777777778,1,602.2080,1066.4640,4.4640,32.400,72.00,3.1680,14.9760,360.0,47.0475,provider-billed input + output tokens,83.3175,normalized input + visible output tokens,0.08274613740458015014515610978,0.1371167999999999960823771429,managed
view_b,high,10000,medium,high,managed,-5,0.7277777777777778,0.7777777777777778,1,3122.2080,3586.4640,4.4640,32.400,72.00,3.1680,14.9760,2880.0,243.9225,provider-billed input + output tokens,280.1925,normalized input + visible output tokens,0.4290056793893129639998265835,0.4611167999999999868252342857,managed
view_a,not_applicable,10000,medium,high,private,-5,0.7777777777777778,0.7277777777777778,1,115.20,579.4560,,,,,,,9.00,provider-billed input + output tokens,45.2700,normalized input + visible output tokens,0.01481142857142857100538775510,0.07961990839694656245435394208,managed
view_b,low,10000,medium,high,private,-5,0.7777777777777778,0.7277777777777778,1,282.2080,746.4640,4.4640,32.400,72.00,3.1680,14.9760,40.00,22.0475,provider-billed input + output tokens,58.3175,normalized input + visible output tokens,0.03628388571428571324903183673,0.1025675725190839663338145796,managed
view_b,typical,10000,medium,high,private,-5,0.7777777777777778,0.7277777777777778,1,602.2080,1066.4640,4.4640,32.400,72.00,3.1680,14.9760,360.0,47.0475,provider-billed input + output tokens,83.3175,normalized input + visible output tokens,0.07742674285714285493066448980,0.1465370381679389268232965445,managed
view_b,high,10000,medium,high,private,-5,0.7777777777777778,0.7277777777777778,1,3122.2080,3586.4640,4.4640,32.400,72.00,3.1680,14.9760,2880.0,243.9225,provider-billed input + output tokens,280.1925,normalized input + visible output tokens,0.4014267428571428456735216327,0.4927965801526717406779670182,managed
view_a,not_applicable,10000,medium,high,measured,0,0.7777777777777778,0.7777777777777778,1,115.20,579.4560,,,,,,,9.00,provider-billed input + output tokens,45.2700,normalized input + visible output tokens,0.01481142857142857100538775510,0.07450148571428571215710040816,managed
view_b,low,10000,medium,high,measured,0,0.7777777777777778,0.7777777777777778,1,282.2080,746.4640,4.4640,32.400,72.00,3.1680,14.9760,40.00,22.0475,provider-billed input + output tokens,58.3175,normalized input + visible output tokens,0.03628388571428571324903183673,0.09597394285714285440074448980,managed
view_b,typical,10000,medium,high,measured,0,0.7777777777777778,0.7777777777777778,1,602.2080,1066.4640,4.4640,32.400,72.00,3.1680,14.9760,360.0,47.0475,provider-billed input + output tokens,83.3175,normalized input + visible output tokens,0.07742674285714285493066448980,0.1371167999999999960823771429,managed
view_b,high,10000,medium,high,measured,0,0.7777777777777778,0.7777777777777778,1,3122.2080,3586.4640,4.4640,32.400,72.00,3.1680,14.9760,2880.0,243.9225,provider-billed input + output tokens,280.1925,normalized input + visible output tokens,0.4014267428571428456735216327,0.4611167999999999868252342857,managed
view_a,not_applicable,10000,medium,high,managed,5,0.8277777777777778,0.7777777777777778,1,115.20,579.4560,,,,,,,9.00,provider-billed input + output tokens,45.2700,normalized input + visible output tokens,0.01391677852348993251230124769,0.07450148571428571215710040816,managed
view_b,low,10000,medium,high,managed,5,0.8277777777777778,0.7777777777777778,1,282.2080,746.4640,4.4640,32.400,72.00,3.1680,14.9760,40.00,22.0475,provider-billed input + output tokens,58.3175,normalized input + visible output tokens,0.03409224161073825411832908428,0.09597394285714285440074448980,managed
view_b,typical,10000,medium,high,managed,5,0.8277777777777778,0.7777777777777778,1,602.2080,1066.4640,4.4640,32.400,72.00,3.1680,14.9760,360.0,47.0475,provider-billed input + output tokens,83.3175,normalized input + visible output tokens,0.07274995973154362220805477231,0.1371167999999999960823771429,managed
view_b,high,10000,medium,high,managed,5,0.8277777777777778,0.7777777777777778,1,3122.2080,3586.4640,4.4640,32.400,72.00,3.1680,14.9760,2880.0,243.9225,provider-billed input + output tokens,280.1925,normalized input + visible output tokens,0.3771794899328858959146445656,0.4611167999999999868252342857,managed
view_a,not_applicable,10000,medium,high,private,5,0.7777777777777778,0.8277777777777778,1,115.20,579.4560,,,,,,,9.00,provider-billed input + output tokens,45.2700,normalized input + visible output tokens,0.01481142857142857100538775510,0.07000139597315436053687527589,managed
view_b,low,10000,medium,high,private,5,0.7777777777777778,0.8277777777777778,1,282.2080,746.4640,4.4640,32.400,72.00,3.1680,14.9760,40.00,22.0475,provider-billed input + output tokens,58.3175,normalized input + visible output tokens,0.03628388571428571324903183673,0.09017685906040268214290311247,managed
view_b,typical,10000,medium,high,private,5,0.7777777777777778,0.8277777777777778,1,602.2080,1066.4640,4.4640,32.400,72.00,3.1680,14.9760,360.0,47.0475,provider-billed input + output tokens,83.3175,normalized input + visible output tokens,0.07742674285714285493066448980,0.1288345771812080502326288005,managed
view_b,high,10000,medium,high,private,5,0.7777777777777778,0.8277777777777778,1,3122.2080,3586.4640,4.4640,32.400,72.00,3.1680,14.9760,2880.0,243.9225,provider-billed input + output tokens,280.1925,normalized input + visible output tokens,0.4014267428571428456735216327,0.4332641073825503239392185938,managed
view_a,not_applicable,50000,short,low,managed,-5,0.7277777777777778,0.7777777777777778,1,144.00,579.4560,,,,,,,9.00,provider-billed input + output tokens,36.2160,normalized input + visible output tokens,0.003957251908396946444053376843,0.01490029714285714243142008163,managed
view_b,low,50000,short,low,managed,-5,0.7277777777777778,0.7777777777777778,1,311.0080,746.4640,4.4640,32.400,72.00,3.1680,14.9760,40.00,19.4380,provider-billed input + output tokens,46.6540,normalized input + visible output tokens,0.008546784732824427219945504341,0.01919478857142857088014889796,managed
view_b,typical,50000,short,low,managed,-5,0.7277777777777778,0.7777777777777778,1,631.0080,1066.4640,4.4640,32.400,72.00,3.1680,14.9760,360.0,39.4380,provider-billed input + output tokens,66.6540,normalized input + visible output tokens,0.01734067786259541931784189733,0.02742335999999999921647542857,managed
view_b,high,50000,short,low,managed,-5,0.7277777777777778,0.7777777777777778,1,3151.0080,3586.4640,4.4640,32.400,72.00,3.1680,14.9760,2880.0,196.9380,provider-billed input + output tokens,224.1540,normalized input + visible output tokens,0.08659258625954198208877599208,0.09222335999999999736504685714,managed
view_a,not_applicable,50000,short,low,private,-5,0.7777777777777778,0.7277777777777778,1,144.00,579.4560,,,,,,,9.00,provider-billed input + output tokens,36.2160,normalized input + visible output tokens,0.003702857142857142751346938776,0.01592398167938931249087078842,managed
view_b,low,50000,short,low,private,-5,0.7777777777777778,0.7277777777777778,1,311.0080,746.4640,4.4640,32.400,72.00,3.1680,14.9760,40.00,19.4380,provider-billed input + output tokens,46.6540,normalized input + visible output tokens,0.007997348571428571200075755102,0.02051351450381679326676291591,managed
view_b,typical,50000,short,low,private,-5,0.7777777777777778,0.7277777777777778,1,631.0080,1066.4640,4.4640,32.400,72.00,3.1680,14.9760,360.0,39.4380,provider-billed input + output tokens,66.6540,normalized input + visible output tokens,0.01622591999999999953640228571,0.02930740763358778536465930890,managed
view_b,high,50000,short,low,private,-5,0.7777777777777778,0.7277777777777778,1,3151.0080,3586.4640,4.4640,32.400,72.00,3.1680,14.9760,2880.0,196.9380,provider-billed input + output tokens,224.1540,normalized input + visible output tokens,0.08102591999999999768497371429,0.09855931603053434813559340365,managed
view_a,not_applicable,50000,short,low,measured,0,0.7777777777777778,0.7777777777777778,1,144.00,579.4560,,,,,,,9.00,provider-billed input + output tokens,36.2160,normalized input + visible output tokens,0.003702857142857142751346938776,0.01490029714285714243142008163,managed
view_b,low,50000,short,low,measured,0,0.7777777777777778,0.7777777777777778,1,311.0080,746.4640,4.4640,32.400,72.00,3.1680,14.9760,40.00,19.4380,provider-billed input + output tokens,46.6540,normalized input + visible output tokens,0.007997348571428571200075755102,0.01919478857142857088014889796,managed
view_b,typical,50000,short,low,measured,0,0.7777777777777778,0.7777777777777778,1,631.0080,1066.4640,4.4640,32.400,72.00,3.1680,14.9760,360.0,39.4380,provider-billed input + output tokens,66.6540,normalized input + visible output tokens,0.01622591999999999953640228571,0.02742335999999999921647542857,managed
view_b,high,50000,short,low,measured,0,0.7777777777777778,0.7777777777777778,1,3151.0080,3586.4640,4.4640,32.400,72.00,3.1680,14.9760,2880.0,196.9380,provider-billed input + output tokens,224.1540,normalized input + visible output tokens,0.08102591999999999768497371429,0.09222335999999999736504685714,managed
view_a,not_applicable,50000,short,low,managed,5,0.8277777777777778,0.7777777777777778,1,144.00,579.4560,,,,,,,9.00,provider-billed input + output tokens,36.2160,normalized input + visible output tokens,0.003479194630872483128075311923,0.01490029714285714243142008163,managed
view_b,low,50000,short,low,managed,5,0.8277777777777778,0.7777777777777778,1,311.0080,746.4640,4.4640,32.400,72.00,3.1680,14.9760,40.00,19.4380,provider-billed input + output tokens,46.6540,normalized input + visible output tokens,0.007514287248322147449280879240,0.01919478857142857088014889796,managed
view_b,typical,50000,short,low,managed,5,0.8277777777777778,0.7777777777777778,1,631.0080,1066.4640,4.4640,32.400,72.00,3.1680,14.9760,360.0,39.4380,provider-billed input + output tokens,66.6540,normalized input + visible output tokens,0.01524583087248322106722601685,0.02742335999999999921647542857,managed
view_b,high,50000,short,low,managed,5,0.8277777777777778,0.7777777777777778,1,3151.0080,3586.4640,4.4640,32.400,72.00,3.1680,14.9760,2880.0,196.9380,provider-billed input + output tokens,224.1540,normalized input + visible output tokens,0.07613173691275167580854397550,0.09222335999999999736504685714,managed
view_a,not_applicable,50000,short,low,private,5,0.7777777777777778,0.8277777777777778,1,144.00,579.4560,,,,,,,9.00,provider-billed input + output tokens,36.2160,normalized input + visible output tokens,0.003702857142857142751346938776,0.01400027919463087210737505518,managed
view_b,low,50000,short,low,private,5,0.7777777777777778,0.8277777777777778,1,311.0080,746.4640,4.4640,32.400,72.00,3.1680,14.9760,40.00,19.4380,provider-billed input + output tokens,46.6540,normalized input + visible output tokens,0.007997348571428571200075755102,0.01803537181208053642858062249,managed
view_b,typical,50000,short,low,private,5,0.7777777777777778,0.8277777777777778,1,631.0080,1066.4640,4.4640,32.400,72.00,3.1680,14.9760,360.0,39.4380,provider-billed input + output tokens,66.6540,normalized input + visible output tokens,0.01622591999999999953640228571,0.02576691543624161004652576010,managed
view_b,high,50000,short,low,private,5,0.7777777777777778,0.8277777777777778,1,3151.0080,3586.4640,4.4640,32.400,72.00,3.1680,14.9760,2880.0,196.9380,provider-billed input + output tokens,224.1540,normalized input + visible output tokens,0.08102591999999999768497371429,0.08665282147651006478784371875,managed
view_a,not_applicable,50000,short,typical,managed,-5,0.7277777777777778,0.7777777777777778,1,144.00,579.4560,,,,,,,9.00,provider-billed input + output tokens,36.2160,normalized input + visible output tokens,0.003957251908396946444053376843,0.01490029714285714243142008163,managed
view_b,low,50000,short,typical,managed,-5,0.7277777777777778,0.7777777777777778,1,311.0080,746.4640,4.4640,32.400,72.00,3.1680,14.9760,40.00,19.4380,provider-billed input + output tokens,46.6540,normalized input + visible output tokens,0.008546784732824427219945504341,0.01919478857142857088014889796,managed
view_b,typical,50000,short,typical,managed,-5,0.7277777777777778,0.7777777777777778,1,631.0080,1066.4640,4.4640,32.400,72.00,3.1680,14.9760,360.0,39.4380,provider-billed input + output tokens,66.6540,normalized input + visible output tokens,0.01734067786259541931784189733,0.02742335999999999921647542857,managed
view_b,high,50000,short,typical,managed,-5,0.7277777777777778,0.7777777777777778,1,3151.0080,3586.4640,4.4640,32.400,72.00,3.1680,14.9760,2880.0,196.9380,provider-billed input + output tokens,224.1540,normalized input + visible output tokens,0.08659258625954198208877599208,0.09222335999999999736504685714,managed
view_a,not_applicable,50000,short,typical,private,-5,0.7777777777777778,0.7277777777777778,1,144.00,579.4560,,,,,,,9.00,provider-billed input + output tokens,36.2160,normalized input + visible output tokens,0.003702857142857142751346938776,0.01592398167938931249087078842,managed
view_b,low,50000,short,typical,private,-5,0.7777777777777778,0.7277777777777778,1,311.0080,746.4640,4.4640,32.400,72.00,3.1680,14.9760,40.00,19.4380,provider-billed input + output tokens,46.6540,normalized input + visible output tokens,0.007997348571428571200075755102,0.02051351450381679326676291591,managed
view_b,typical,50000,short,typical,private,-5,0.7777777777777778,0.7277777777777778,1,631.0080,1066.4640,4.4640,32.400,72.00,3.1680,14.9760,360.0,39.4380,provider-billed input + output tokens,66.6540,normalized input + visible output tokens,0.01622591999999999953640228571,0.02930740763358778536465930890,managed
view_b,high,50000,short,typical,private,-5,0.7777777777777778,0.7277777777777778,1,3151.0080,3586.4640,4.4640,32.400,72.00,3.1680,14.9760,2880.0,196.9380,provider-billed input + output tokens,224.1540,normalized input + visible output tokens,0.08102591999999999768497371429,0.09855931603053434813559340365,managed
view_a,not_applicable,50000,short,typical,measured,0,0.7777777777777778,0.7777777777777778,1,144.00,579.4560,,,,,,,9.00,provider-billed input + output tokens,36.2160,normalized input + visible output tokens,0.003702857142857142751346938776,0.01490029714285714243142008163,managed
view_b,low,50000,short,typical,measured,0,0.7777777777777778,0.7777777777777778,1,311.0080,746.4640,4.4640,32.400,72.00,3.1680,14.9760,40.00,19.4380,provider-billed input + output tokens,46.6540,normalized input + visible output tokens,0.007997348571428571200075755102,0.01919478857142857088014889796,managed
view_b,typical,50000,short,typical,measured,0,0.7777777777777778,0.7777777777777778,1,631.0080,1066.4640,4.4640,32.400,72.00,3.1680,14.9760,360.0,39.4380,provider-billed input + output tokens,66.6540,normalized input + visible output tokens,0.01622591999999999953640228571,0.02742335999999999921647542857,managed
view_b,high,50000,short,typical,measured,0,0.7777777777777778,0.7777777777777778,1,3151.0080,3586.4640,4.4640,32.400,72.00,3.1680,14.9760,2880.0,196.9380,provider-billed input + output tokens,224.1540,normalized input + visible output tokens,0.08102591999999999768497371429,0.09222335999999999736504685714,managed
view_a,not_applicable,50000,short,typical,managed,5,0.8277777777777778,0.7777777777777778,1,144.00,579.4560,,,,,,,9.00,provider-billed input + output tokens,36.2160,normalized input + visible output tokens,0.003479194630872483128075311923,0.01490029714285714243142008163,managed
view_b,low,50000,short,typical,managed,5,0.8277777777777778,0.7777777777777778,1,311.0080,746.4640,4.4640,32.400,72.00,3.1680,14.9760,40.00,19.4380,provider-billed input + output tokens,46.6540,normalized input + visible output tokens,0.007514287248322147449280879240,0.01919478857142857088014889796,managed
view_b,typical,50000,short,typical,managed,5,0.8277777777777778,0.7777777777777778,1,631.0080,1066.4640,4.4640,32.400,72.00,3.1680,14.9760,360.0,39.4380,provider-billed input + output tokens,66.6540,normalized input + visible output tokens,0.01524583087248322106722601685,0.02742335999999999921647542857,managed
view_b,high,50000,short,typical,managed,5,0.8277777777777778,0.7777777777777778,1,3151.0080,3586.4640,4.4640,32.400,72.00,3.1680,14.9760,2880.0,196.9380,provider-billed input + output tokens,224.1540,normalized input + visible output tokens,0.07613173691275167580854397550,0.09222335999999999736504685714,managed
view_a,not_applicable,50000,short,typical,private,5,0.7777777777777778,0.8277777777777778,1,144.00,579.4560,,,,,,,9.00,provider-billed input + output tokens,36.2160,normalized input + visible output tokens,0.003702857142857142751346938776,0.01400027919463087210737505518,managed
view_b,low,50000,short,typical,private,5,0.7777777777777778,0.8277777777777778,1,311.0080,746.4640,4.4640,32.400,72.00,3.1680,14.9760,40.00,19.4380,provider-billed input + output tokens,46.6540,normalized input + visible output tokens,0.007997348571428571200075755102,0.01803537181208053642858062249,managed
view_b,typical,50000,short,typical,private,5,0.7777777777777778,0.8277777777777778,1,631.0080,1066.4640,4.4640,32.400,72.00,3.1680,14.9760,360.0,39.4380,provider-billed input + output tokens,66.6540,normalized input + visible output tokens,0.01622591999999999953640228571,0.02576691543624161004652576010,managed
view_b,high,50000,short,typical,private,5,0.7777777777777778,0.8277777777777778,1,3151.0080,3586.4640,4.4640,32.400,72.00,3.1680,14.9760,2880.0,196.9380,provider-billed input + output tokens,224.1540,normalized input + visible output tokens,0.08102591999999999768497371429,0.08665282147651006478784371875,managed
view_a,not_applicable,50000,short,high,managed,-5,0.7277777777777778,0.7777777777777778,1,144.00,579.4560,,,,,,,9.00,provider-billed input + output tokens,36.2160,normalized input + visible output tokens,0.003957251908396946444053376843,0.01490029714285714243142008163,managed
view_b,low,50000,short,high,managed,-5,0.7277777777777778,0.7777777777777778,1,311.0080,746.4640,4.4640,32.400,72.00,3.1680,14.9760,40.00,19.4380,provider-billed input + output tokens,46.6540,normalized input + visible output tokens,0.008546784732824427219945504341,0.01919478857142857088014889796,managed
view_b,typical,50000,short,high,managed,-5,0.7277777777777778,0.7777777777777778,1,631.0080,1066.4640,4.4640,32.400,72.00,3.1680,14.9760,360.0,39.4380,provider-billed input + output tokens,66.6540,normalized input + visible output tokens,0.01734067786259541931784189733,0.02742335999999999921647542857,managed
view_b,high,50000,short,high,managed,-5,0.7277777777777778,0.7777777777777778,1,3151.0080,3586.4640,4.4640,32.400,72.00,3.1680,14.9760,2880.0,196.9380,provider-billed input + output tokens,224.1540,normalized input + visible output tokens,0.08659258625954198208877599208,0.09222335999999999736504685714,managed
view_a,not_applicable,50000,short,high,private,-5,0.7777777777777778,0.7277777777777778,1,144.00,579.4560,,,,,,,9.00,provider-billed input + output tokens,36.2160,normalized input + visible output tokens,0.003702857142857142751346938776,0.01592398167938931249087078842,managed
view_b,low,50000,short,high,private,-5,0.7777777777777778,0.7277777777777778,1,311.0080,746.4640,4.4640,32.400,72.00,3.1680,14.9760,40.00,19.4380,provider-billed input + output tokens,46.6540,normalized input + visible output tokens,0.007997348571428571200075755102,0.02051351450381679326676291591,managed
view_b,typical,50000,short,high,private,-5,0.7777777777777778,0.7277777777777778,1,631.0080,1066.4640,4.4640,32.400,72.00,3.1680,14.9760,360.0,39.4380,provider-billed input + output tokens,66.6540,normalized input + visible output tokens,0.01622591999999999953640228571,0.02930740763358778536465930890,managed
view_b,high,50000,short,high,private,-5,0.7777777777777778,0.7277777777777778,1,3151.0080,3586.4640,4.4640,32.400,72.00,3.1680,14.9760,2880.0,196.9380,provider-billed input + output tokens,224.1540,normalized input + visible output tokens,0.08102591999999999768497371429,0.09855931603053434813559340365,managed
view_a,not_applicable,50000,short,high,measured,0,0.7777777777777778,0.7777777777777778,1,144.00,579.4560,,,,,,,9.00,provider-billed input + output tokens,36.2160,normalized input + visible output tokens,0.003702857142857142751346938776,0.01490029714285714243142008163,managed
view_b,low,50000,short,high,measured,0,0.7777777777777778,0.7777777777777778,1,311.0080,746.4640,4.4640,32.400,72.00,3.1680,14.9760,40.00,19.4380,provider-billed input + output tokens,46.6540,normalized input + visible output tokens,0.007997348571428571200075755102,0.01919478857142857088014889796,managed
view_b,typical,50000,short,high,measured,0,0.7777777777777778,0.7777777777777778,1,631.0080,1066.4640,4.4640,32.400,72.00,3.1680,14.9760,360.0,39.4380,provider-billed input + output tokens,66.6540,normalized input + visible output tokens,0.01622591999999999953640228571,0.02742335999999999921647542857,managed
view_b,high,50000,short,high,measured,0,0.7777777777777778,0.7777777777777778,1,3151.0080,3586.4640,4.4640,32.400,72.00,3.1680,14.9760,2880.0,196.9380,provider-billed input + output tokens,224.1540,normalized input + visible output tokens,0.08102591999999999768497371429,0.09222335999999999736504685714,managed
view_a,not_applicable,50000,short,high,managed,5,0.8277777777777778,0.7777777777777778,1,144.00,579.4560,,,,,,,9.00,provider-billed input + output tokens,36.2160,normalized input + visible output tokens,0.003479194630872483128075311923,0.01490029714285714243142008163,managed
view_b,low,50000,short,high,managed,5,0.8277777777777778,0.7777777777777778,1,311.0080,746.4640,4.4640,32.400,72.00,3.1680,14.9760,40.00,19.4380,provider-billed input + output tokens,46.6540,normalized input + visible output tokens,0.007514287248322147449280879240,0.01919478857142857088014889796,managed
view_b,typical,50000,short,high,managed,5,0.8277777777777778,0.7777777777777778,1,631.0080,1066.4640,4.4640,32.400,72.00,3.1680,14.9760,360.0,39.4380,provider-billed input + output tokens,66.6540,normalized input + visible output tokens,0.01524583087248322106722601685,0.02742335999999999921647542857,managed
view_b,high,50000,short,high,managed,5,0.8277777777777778,0.7777777777777778,1,3151.0080,3586.4640,4.4640,32.400,72.00,3.1680,14.9760,2880.0,196.9380,provider-billed input + output tokens,224.1540,normalized input + visible output tokens,0.07613173691275167580854397550,0.09222335999999999736504685714,managed
view_a,not_applicable,50000,short,high,private,5,0.7777777777777778,0.8277777777777778,1,144.00,579.4560,,,,,,,9.00,provider-billed input + output tokens,36.2160,normalized input + visible output tokens,0.003702857142857142751346938776,0.01400027919463087210737505518,managed
view_b,low,50000,short,high,private,5,0.7777777777777778,0.8277777777777778,1,311.0080,746.4640,4.4640,32.400,72.00,3.1680,14.9760,40.00,19.4380,provider-billed input + output tokens,46.6540,normalized input + visible output tokens,0.007997348571428571200075755102,0.01803537181208053642858062249,managed
view_b,typical,50000,short,high,private,5,0.7777777777777778,0.8277777777777778,1,631.0080,1066.4640,4.4640,32.400,72.00,3.1680,14.9760,360.0,39.4380,provider-billed input + output tokens,66.6540,normalized input + visible output tokens,0.01622591999999999953640228571,0.02576691543624161004652576010,managed
view_b,high,50000,short,high,private,5,0.7777777777777778,0.8277777777777778,1,3151.0080,3586.4640,4.4640,32.400,72.00,3.1680,14.9760,2880.0,196.9380,provider-billed input + output tokens,224.1540,normalized input + visible output tokens,0.08102591999999999768497371429,0.08665282147651006478784371875,managed
view_a,not_applicable,50000,medium,low,managed,-5,0.7277777777777778,0.7777777777777778,1,576.00,579.4560,,,,,,,9.00,provider-billed input + output tokens,9.0540,normalized input + visible output tokens,0.01582900763358778577621350737,0.01490029714285714243142008163,private
view_b,low,50000,medium,low,managed,-5,0.7277777777777778,0.7777777777777778,1,743.0080,746.4640,4.4640,32.400,72.00,3.1680,14.9760,40.00,11.6095,provider-billed input + output tokens,11.6635,normalized input + visible output tokens,0.02041854045801526655210563487,0.01919478857142857088014889796,private
view_b,typical,50000,medium,low,managed,-5,0.7277777777777778,0.7777777777777778,1,1063.0080,1066.4640,4.4640,32.400,72.00,3.1680,14.9760,360.0,16.6095,provider-billed input + output tokens,16.6635,normalized input + visible output tokens,0.02921243358778625865000202785,0.02742335999999999921647542857,private
view_b,high,50000,medium,low,managed,-5,0.7277777777777778,0.7777777777777778,1,3583.0080,3586.4640,4.4640,32.400,72.00,3.1680,14.9760,2880.0,55.9845,provider-billed input + output tokens,56.0385,normalized input + visible output tokens,0.09846434198473282142093612260,0.09222335999999999736504685714,private
view_a,not_applicable,50000,medium,low,private,-5,0.7777777777777778,0.7277777777777778,1,576.00,579.4560,,,,,,,9.00,provider-billed input + output tokens,9.0540,normalized input + visible output tokens,0.01481142857142857100538775510,0.01592398167938931249087078842,managed
view_b,low,50000,medium,low,private,-5,0.7777777777777778,0.7277777777777778,1,743.0080,746.4640,4.4640,32.400,72.00,3.1680,14.9760,40.00,11.6095,provider-billed input + output tokens,11.6635,normalized input + visible output tokens,0.01910591999999999945411657143,0.02051351450381679326676291591,managed
view_b,typical,50000,medium,low,private,-5,0.7777777777777778,0.7277777777777778,1,1063.0080,1066.4640,4.4640,32.400,72.00,3.1680,14.9760,360.0,16.6095,provider-billed input + output tokens,16.6635,normalized input + visible output tokens,0.02733449142857142779044310204,0.02930740763358778536465930890,managed
view_b,high,50000,medium,low,private,-5,0.7777777777777778,0.7277777777777778,1,3583.0080,3586.4640,4.4640,32.400,72.00,3.1680,14.9760,2880.0,55.9845,provider-billed input + output tokens,56.0385,normalized input + visible output tokens,0.09213449142857142593901453061,0.09855931603053434813559340365,managed
view_a,not_applicable,50000,medium,low,measured,0,0.7777777777777778,0.7777777777777778,1,576.00,579.4560,,,,,,,9.00,provider-billed input + output tokens,9.0540,normalized input + visible output tokens,0.01481142857142857100538775510,0.01490029714285714243142008163,managed
view_b,low,50000,medium,low,measured,0,0.7777777777777778,0.7777777777777778,1,743.0080,746.4640,4.4640,32.400,72.00,3.1680,14.9760,40.00,11.6095,provider-billed input + output tokens,11.6635,normalized input + visible output tokens,0.01910591999999999945411657143,0.01919478857142857088014889796,managed
view_b,typical,50000,medium,low,measured,0,0.7777777777777778,0.7777777777777778,1,1063.0080,1066.4640,4.4640,32.400,72.00,3.1680,14.9760,360.0,16.6095,provider-billed input + output tokens,16.6635,normalized input + visible output tokens,0.02733449142857142779044310204,0.02742335999999999921647542857,managed
view_b,high,50000,medium,low,measured,0,0.7777777777777778,0.7777777777777778,1,3583.0080,3586.4640,4.4640,32.400,72.00,3.1680,14.9760,2880.0,55.9845,provider-billed input + output tokens,56.0385,normalized input + visible output tokens,0.09213449142857142593901453061,0.09222335999999999736504685714,managed
view_a,not_applicable,50000,medium,low,managed,5,0.8277777777777778,0.7777777777777778,1,576.00,579.4560,,,,,,,9.00,provider-billed input + output tokens,9.0540,normalized input + visible output tokens,0.01391677852348993251230124769,0.01490029714285714243142008163,managed
view_b,low,50000,medium,low,managed,5,0.8277777777777778,0.7777777777777778,1,743.0080,746.4640,4.4640,32.400,72.00,3.1680,14.9760,40.00,11.6095,provider-billed input + output tokens,11.6635,normalized input + visible output tokens,0.01795187114093959683350681501,0.01919478857142857088014889796,managed
view_b,typical,50000,medium,low,managed,5,0.8277777777777778,0.7777777777777778,1,1063.0080,1066.4640,4.4640,32.400,72.00,3.1680,14.9760,360.0,16.6095,provider-billed input + output tokens,16.6635,normalized input + visible output tokens,0.02568341476510067045145195261,0.02742335999999999921647542857,managed
view_b,high,50000,medium,low,managed,5,0.8277777777777778,0.7777777777777778,1,3583.0080,3586.4640,4.4640,32.400,72.00,3.1680,14.9760,2880.0,55.9845,provider-billed input + output tokens,56.0385,normalized input + visible output tokens,0.08656932080536912519276991127,0.09222335999999999736504685714,managed
view_a,not_applicable,50000,medium,low,private,5,0.7777777777777778,0.8277777777777778,1,576.00,579.4560,,,,,,,9.00,provider-billed input + output tokens,9.0540,normalized input + visible output tokens,0.01481142857142857100538775510,0.01400027919463087210737505518,private
view_b,low,50000,medium,low,private,5,0.7777777777777778,0.8277777777777778,1,743.0080,746.4640,4.4640,32.400,72.00,3.1680,14.9760,40.00,11.6095,provider-billed input + output tokens,11.6635,normalized input + visible output tokens,0.01910591999999999945411657143,0.01803537181208053642858062249,private
view_b,typical,50000,medium,low,private,5,0.7777777777777778,0.8277777777777778,1,1063.0080,1066.4640,4.4640,32.400,72.00,3.1680,14.9760,360.0,16.6095,provider-billed input + output tokens,16.6635,normalized input + visible output tokens,0.02733449142857142779044310204,0.02576691543624161004652576010,private
view_b,high,50000,medium,low,private,5,0.7777777777777778,0.8277777777777778,1,3583.0080,3586.4640,4.4640,32.400,72.00,3.1680,14.9760,2880.0,55.9845,provider-billed input + output tokens,56.0385,normalized input + visible output tokens,0.09213449142857142593901453061,0.08665282147651006478784371875,private
view_a,not_applicable,50000,medium,typical,managed,-5,0.7277777777777778,0.7777777777777778,1,576.00,579.4560,,,,,,,9.00,provider-billed input + output tokens,9.0540,normalized input + visible output tokens,0.01582900763358778577621350737,0.01490029714285714243142008163,private
view_b,low,50000,medium,typical,managed,-5,0.7277777777777778,0.7777777777777778,1,743.0080,746.4640,4.4640,32.400,72.00,3.1680,14.9760,40.00,11.6095,provider-billed input + output tokens,11.6635,normalized input + visible output tokens,0.02041854045801526655210563487,0.01919478857142857088014889796,private
view_b,typical,50000,medium,typical,managed,-5,0.7277777777777778,0.7777777777777778,1,1063.0080,1066.4640,4.4640,32.400,72.00,3.1680,14.9760,360.0,16.6095,provider-billed input + output tokens,16.6635,normalized input + visible output tokens,0.02921243358778625865000202785,0.02742335999999999921647542857,private
view_b,high,50000,medium,typical,managed,-5,0.7277777777777778,0.7777777777777778,1,3583.0080,3586.4640,4.4640,32.400,72.00,3.1680,14.9760,2880.0,55.9845,provider-billed input + output tokens,56.0385,normalized input + visible output tokens,0.09846434198473282142093612260,0.09222335999999999736504685714,private
view_a,not_applicable,50000,medium,typical,private,-5,0.7777777777777778,0.7277777777777778,1,576.00,579.4560,,,,,,,9.00,provider-billed input + output tokens,9.0540,normalized input + visible output tokens,0.01481142857142857100538775510,0.01592398167938931249087078842,managed
view_b,low,50000,medium,typical,private,-5,0.7777777777777778,0.7277777777777778,1,743.0080,746.4640,4.4640,32.400,72.00,3.1680,14.9760,40.00,11.6095,provider-billed input + output tokens,11.6635,normalized input + visible output tokens,0.01910591999999999945411657143,0.02051351450381679326676291591,managed
view_b,typical,50000,medium,typical,private,-5,0.7777777777777778,0.7277777777777778,1,1063.0080,1066.4640,4.4640,32.400,72.00,3.1680,14.9760,360.0,16.6095,provider-billed input + output tokens,16.6635,normalized input + visible output tokens,0.02733449142857142779044310204,0.02930740763358778536465930890,managed
view_b,high,50000,medium,typical,private,-5,0.7777777777777778,0.7277777777777778,1,3583.0080,3586.4640,4.4640,32.400,72.00,3.1680,14.9760,2880.0,55.9845,provider-billed input + output tokens,56.0385,normalized input + visible output tokens,0.09213449142857142593901453061,0.09855931603053434813559340365,managed
view_a,not_applicable,50000,medium,typical,measured,0,0.7777777777777778,0.7777777777777778,1,576.00,579.4560,,,,,,,9.00,provider-billed input + output tokens,9.0540,normalized input + visible output tokens,0.01481142857142857100538775510,0.01490029714285714243142008163,managed
view_b,low,50000,medium,typical,measured,0,0.7777777777777778,0.7777777777777778,1,743.0080,746.4640,4.4640,32.400,72.00,3.1680,14.9760,40.00,11.6095,provider-billed input + output tokens,11.6635,normalized input + visible output tokens,0.01910591999999999945411657143,0.01919478857142857088014889796,managed
view_b,typical,50000,medium,typical,measured,0,0.7777777777777778,0.7777777777777778,1,1063.0080,1066.4640,4.4640,32.400,72.00,3.1680,14.9760,360.0,16.6095,provider-billed input + output tokens,16.6635,normalized input + visible output tokens,0.02733449142857142779044310204,0.02742335999999999921647542857,managed
view_b,high,50000,medium,typical,measured,0,0.7777777777777778,0.7777777777777778,1,3583.0080,3586.4640,4.4640,32.400,72.00,3.1680,14.9760,2880.0,55.9845,provider-billed input + output tokens,56.0385,normalized input + visible output tokens,0.09213449142857142593901453061,0.09222335999999999736504685714,managed
view_a,not_applicable,50000,medium,typical,managed,5,0.8277777777777778,0.7777777777777778,1,576.00,579.4560,,,,,,,9.00,provider-billed input + output tokens,9.0540,normalized input + visible output tokens,0.01391677852348993251230124769,0.01490029714285714243142008163,managed
view_b,low,50000,medium,typical,managed,5,0.8277777777777778,0.7777777777777778,1,743.0080,746.4640,4.4640,32.400,72.00,3.1680,14.9760,40.00,11.6095,provider-billed input + output tokens,11.6635,normalized input + visible output tokens,0.01795187114093959683350681501,0.01919478857142857088014889796,managed
view_b,typical,50000,medium,typical,managed,5,0.8277777777777778,0.7777777777777778,1,1063.0080,1066.4640,4.4640,32.400,72.00,3.1680,14.9760,360.0,16.6095,provider-billed input + output tokens,16.6635,normalized input + visible output tokens,0.02568341476510067045145195261,0.02742335999999999921647542857,managed
view_b,high,50000,medium,typical,managed,5,0.8277777777777778,0.7777777777777778,1,3583.0080,3586.4640,4.4640,32.400,72.00,3.1680,14.9760,2880.0,55.9845,provider-billed input + output tokens,56.0385,normalized input + visible output tokens,0.08656932080536912519276991127,0.09222335999999999736504685714,managed
view_a,not_applicable,50000,medium,typical,private,5,0.7777777777777778,0.8277777777777778,1,576.00,579.4560,,,,,,,9.00,provider-billed input + output tokens,9.0540,normalized input + visible output tokens,0.01481142857142857100538775510,0.01400027919463087210737505518,private
view_b,low,50000,medium,typical,private,5,0.7777777777777778,0.8277777777777778,1,743.0080,746.4640,4.4640,32.400,72.00,3.1680,14.9760,40.00,11.6095,provider-billed input + output tokens,11.6635,normalized input + visible output tokens,0.01910591999999999945411657143,0.01803537181208053642858062249,private
view_b,typical,50000,medium,typical,private,5,0.7777777777777778,0.8277777777777778,1,1063.0080,1066.4640,4.4640,32.400,72.00,3.1680,14.9760,360.0,16.6095,provider-billed input + output tokens,16.6635,normalized input + visible output tokens,0.02733449142857142779044310204,0.02576691543624161004652576010,private
view_b,high,50000,medium,typical,private,5,0.7777777777777778,0.8277777777777778,1,3583.0080,3586.4640,4.4640,32.400,72.00,3.1680,14.9760,2880.0,55.9845,provider-billed input + output tokens,56.0385,normalized input + visible output tokens,0.09213449142857142593901453061,0.08665282147651006478784371875,private
view_a,not_applicable,50000,medium,high,managed,-5,0.7277777777777778,0.7777777777777778,1,576.00,579.4560,,,,,,,9.00,provider-billed input + output tokens,9.0540,normalized input + visible output tokens,0.01582900763358778577621350737,0.01490029714285714243142008163,private
view_b,low,50000,medium,high,managed,-5,0.7277777777777778,0.7777777777777778,1,743.0080,746.4640,4.4640,32.400,72.00,3.1680,14.9760,40.00,11.6095,provider-billed input + output tokens,11.6635,normalized input + visible output tokens,0.02041854045801526655210563487,0.01919478857142857088014889796,private
view_b,typical,50000,medium,high,managed,-5,0.7277777777777778,0.7777777777777778,1,1063.0080,1066.4640,4.4640,32.400,72.00,3.1680,14.9760,360.0,16.6095,provider-billed input + output tokens,16.6635,normalized input + visible output tokens,0.02921243358778625865000202785,0.02742335999999999921647542857,private
view_b,high,50000,medium,high,managed,-5,0.7277777777777778,0.7777777777777778,1,3583.0080,3586.4640,4.4640,32.400,72.00,3.1680,14.9760,2880.0,55.9845,provider-billed input + output tokens,56.0385,normalized input + visible output tokens,0.09846434198473282142093612260,0.09222335999999999736504685714,private
view_a,not_applicable,50000,medium,high,private,-5,0.7777777777777778,0.7277777777777778,1,576.00,579.4560,,,,,,,9.00,provider-billed input + output tokens,9.0540,normalized input + visible output tokens,0.01481142857142857100538775510,0.01592398167938931249087078842,managed
view_b,low,50000,medium,high,private,-5,0.7777777777777778,0.7277777777777778,1,743.0080,746.4640,4.4640,32.400,72.00,3.1680,14.9760,40.00,11.6095,provider-billed input + output tokens,11.6635,normalized input + visible output tokens,0.01910591999999999945411657143,0.02051351450381679326676291591,managed
view_b,typical,50000,medium,high,private,-5,0.7777777777777778,0.7277777777777778,1,1063.0080,1066.4640,4.4640,32.400,72.00,3.1680,14.9760,360.0,16.6095,provider-billed input + output tokens,16.6635,normalized input + visible output tokens,0.02733449142857142779044310204,0.02930740763358778536465930890,managed
view_b,high,50000,medium,high,private,-5,0.7777777777777778,0.7277777777777778,1,3583.0080,3586.4640,4.4640,32.400,72.00,3.1680,14.9760,2880.0,55.9845,provider-billed input + output tokens,56.0385,normalized input + visible output tokens,0.09213449142857142593901453061,0.09855931603053434813559340365,managed
view_a,not_applicable,50000,medium,high,measured,0,0.7777777777777778,0.7777777777777778,1,576.00,579.4560,,,,,,,9.00,provider-billed input + output tokens,9.0540,normalized input + visible output tokens,0.01481142857142857100538775510,0.01490029714285714243142008163,managed
view_b,low,50000,medium,high,measured,0,0.7777777777777778,0.7777777777777778,1,743.0080,746.4640,4.4640,32.400,72.00,3.1680,14.9760,40.00,11.6095,provider-billed input + output tokens,11.6635,normalized input + visible output tokens,0.01910591999999999945411657143,0.01919478857142857088014889796,managed
view_b,typical,50000,medium,high,measured,0,0.7777777777777778,0.7777777777777778,1,1063.0080,1066.4640,4.4640,32.400,72.00,3.1680,14.9760,360.0,16.6095,provider-billed input + output tokens,16.6635,normalized input + visible output tokens,0.02733449142857142779044310204,0.02742335999999999921647542857,managed
view_b,high,50000,medium,high,measured,0,0.7777777777777778,0.7777777777777778,1,3583.0080,3586.4640,4.4640,32.400,72.00,3.1680,14.9760,2880.0,55.9845,provider-billed input + output tokens,56.0385,normalized input + visible output tokens,0.09213449142857142593901453061,0.09222335999999999736504685714,managed
view_a,not_applicable,50000,medium,high,managed,5,0.8277777777777778,0.7777777777777778,1,576.00,579.4560,,,,,,,9.00,provider-billed input + output tokens,9.0540,normalized input + visible output tokens,0.01391677852348993251230124769,0.01490029714285714243142008163,managed
view_b,low,50000,medium,high,managed,5,0.8277777777777778,0.7777777777777778,1,743.0080,746.4640,4.4640,32.400,72.00,3.1680,14.9760,40.00,11.6095,provider-billed input + output tokens,11.6635,normalized input + visible output tokens,0.01795187114093959683350681501,0.01919478857142857088014889796,managed
view_b,typical,50000,medium,high,managed,5,0.8277777777777778,0.7777777777777778,1,1063.0080,1066.4640,4.4640,32.400,72.00,3.1680,14.9760,360.0,16.6095,provider-billed input + output tokens,16.6635,normalized input + visible output tokens,0.02568341476510067045145195261,0.02742335999999999921647542857,managed
view_b,high,50000,medium,high,managed,5,0.8277777777777778,0.7777777777777778,1,3583.0080,3586.4640,4.4640,32.400,72.00,3.1680,14.9760,2880.0,55.9845,provider-billed input + output tokens,56.0385,normalized input + visible output tokens,0.08656932080536912519276991127,0.09222335999999999736504685714,managed
view_a,not_applicable,50000,medium,high,private,5,0.7777777777777778,0.8277777777777778,1,576.00,579.4560,,,,,,,9.00,provider-billed input + output tokens,9.0540,normalized input + visible output tokens,0.01481142857142857100538775510,0.01400027919463087210737505518,private
view_b,low,50000,medium,high,private,5,0.7777777777777778,0.8277777777777778,1,743.0080,746.4640,4.4640,32.400,72.00,3.1680,14.9760,40.00,11.6095,provider-billed input + output tokens,11.6635,normalized input + visible output tokens,0.01910591999999999945411657143,0.01803537181208053642858062249,private
view_b,typical,50000,medium,high,private,5,0.7777777777777778,0.8277777777777778,1,1063.0080,1066.4640,4.4640,32.400,72.00,3.1680,14.9760,360.0,16.6095,provider-billed input + output tokens,16.6635,normalized input + visible output tokens,0.02733449142857142779044310204,0.02576691543624161004652576010,private
view_b,high,50000,medium,high,private,5,0.7777777777777778,0.8277777777777778,1,3583.0080,3586.4640,4.4640,32.400,72.00,3.1680,14.9760,2880.0,55.9845,provider-billed input + output tokens,56.0385,normalized input + visible output tokens,0.09213449142857142593901453061,0.08665282147651006478784371875,private
view_a,not_applicable,100000,short,low,managed,-5,0.7277777777777778,0.7777777777777778,1,288.00,579.4560,,,,,,,9.00,provider-billed input + output tokens,18.1080,normalized input + visible output tokens,0.003957251908396946444053376843,0.007450148571428571215710040816,managed
view_b,low,100000,short,low,managed,-5,0.7277777777777778,0.7777777777777778,1,455.0080,746.4640,4.4640,32.400,72.00,3.1680,14.9760,40.00,14.2190,provider-billed input + output tokens,23.3270,normalized input + visible output tokens,0.006252018320610686831999440592,0.009597394285714285440074448980,managed
view_b,typical,100000,short,low,managed,-5,0.7277777777777778,0.7777777777777778,1,775.0080,1066.4640,4.4640,32.400,72.00,3.1680,14.9760,360.0,24.2190,provider-billed input + output tokens,33.3270,normalized input + visible output tokens,0.01064896488549618288094763708,0.01371167999999999960823771429,managed
view_b,high,100000,short,low,managed,-5,0.7277777777777778,0.7777777777777778,1,3295.0080,3586.4640,4.4640,32.400,72.00,3.1680,14.9760,2880.0,102.9690,provider-billed input + output tokens,112.0770,normalized input + visible output tokens,0.04527491908396946426641468446,0.04611167999999999868252342857,managed
view_a,not_applicable,100000,short,low,private,-5,0.7777777777777778,0.7277777777777778,1,288.00,579.4560,,,,,,,9.00,provider-billed input + output tokens,18.1080,normalized input + visible output tokens,0.003702857142857142751346938776,0.007961990839694656245435394208,managed
view_b,low,100000,short,low,private,-5,0.7777777777777778,0.7277777777777778,1,455.0080,746.4640,4.4640,32.400,72.00,3.1680,14.9760,40.00,14.2190,provider-billed input + output tokens,23.3270,normalized input + visible output tokens,0.005850102857142856975711346939,0.01025675725190839663338145796,managed
view_b,typical,100000,short,low,private,-5,0.7777777777777778,0.7277777777777778,1,775.0080,1066.4640,4.4640,32.400,72.00,3.1680,14.9760,360.0,24.2190,provider-billed input + output tokens,33.3270,normalized input + visible output tokens,0.009964388571428571143874612245,0.01465370381679389268232965445,managed
view_b,high,100000,short,low,private,-5,0.7777777777777778,0.7277777777777778,1,3295.0080,3586.4640,4.4640,32.400,72.00,3.1680,14.9760,2880.0,102.9690,provider-billed input + output tokens,112.0770,normalized input + visible output tokens,0.04236438857142857021816032653,0.04927965801526717406779670182,managed
view_a,not_applicable,100000,short,low,measured,0,0.7777777777777778,0.7777777777777778,1,288.00,579.4560,,,,,,,9.00,provider-billed input + output tokens,18.1080,normalized input + visible output tokens,0.003702857142857142751346938776,0.007450148571428571215710040816,managed
view_b,low,100000,short,low,measured,0,0.7777777777777778,0.7777777777777778,1,455.0080,746.4640,4.4640,32.400,72.00,3.1680,14.9760,40.00,14.2190,provider-billed input + output tokens,23.3270,normalized input + visible output tokens,0.005850102857142856975711346939,0.009597394285714285440074448980,managed
view_b,typical,100000,short,low,measured,0,0.7777777777777778,0.7777777777777778,1,775.0080,1066.4640,4.4640,32.400,72.00,3.1680,14.9760,360.0,24.2190,provider-billed input + output tokens,33.3270,normalized input + visible output tokens,0.009964388571428571143874612245,0.01371167999999999960823771429,managed
view_b,high,100000,short,low,measured,0,0.7777777777777778,0.7777777777777778,1,3295.0080,3586.4640,4.4640,32.400,72.00,3.1680,14.9760,2880.0,102.9690,provider-billed input + output tokens,112.0770,normalized input + visible output tokens,0.04236438857142857021816032653,0.04611167999999999868252342857,managed
view_a,not_applicable,100000,short,low,managed,5,0.8277777777777778,0.7777777777777778,1,288.00,579.4560,,,,,,,9.00,provider-billed input + output tokens,18.1080,normalized input + visible output tokens,0.003479194630872483128075311923,0.007450148571428571215710040816,managed
view_b,low,100000,short,low,managed,5,0.8277777777777778,0.7777777777777778,1,455.0080,746.4640,4.4640,32.400,72.00,3.1680,14.9760,40.00,14.2190,provider-billed input + output tokens,23.3270,normalized input + visible output tokens,0.005496740939597315288678095581,0.009597394285714285440074448980,managed
view_b,typical,100000,short,low,managed,5,0.8277777777777778,0.7777777777777778,1,775.0080,1066.4640,4.4640,32.400,72.00,3.1680,14.9760,360.0,24.2190,provider-billed input + output tokens,33.3270,normalized input + visible output tokens,0.009362512751677852097650664384,0.01371167999999999960823771429,managed
view_b,high,100000,short,low,managed,5,0.8277777777777778,0.7777777777777778,1,3295.0080,3586.4640,4.4640,32.400,72.00,3.1680,14.9760,2880.0,102.9690,provider-billed input + output tokens,112.0770,normalized input + visible output tokens,0.03980546577181207946830964371,0.04611167999999999868252342857,managed
view_a,not_applicable,100000,short,low,private,5,0.7777777777777778,0.8277777777777778,1,288.00,579.4560,,,,,,,9.00,provider-billed input + output tokens,18.1080,normalized input + visible output tokens,0.003702857142857142751346938776,0.007000139597315436053687527589,managed
view_b,low,100000,short,low,private,5,0.7777777777777778,0.8277777777777778,1,455.0080,746.4640,4.4640,32.400,72.00,3.1680,14.9760,40.00,14.2190,provider-billed input + output tokens,23.3270,normalized input + visible output tokens,0.005850102857142856975711346939,0.009017685906040268214290311247,managed
view_b,typical,100000,short,low,private,5,0.7777777777777778,0.8277777777777778,1,775.0080,1066.4640,4.4640,32.400,72.00,3.1680,14.9760,360.0,24.2190,provider-billed input + output tokens,33.3270,normalized input + visible output tokens,0.009964388571428571143874612245,0.01288345771812080502326288005,managed
view_b,high,100000,short,low,private,5,0.7777777777777778,0.8277777777777778,1,3295.0080,3586.4640,4.4640,32.400,72.00,3.1680,14.9760,2880.0,102.9690,provider-billed input + output tokens,112.0770,normalized input + visible output tokens,0.04236438857142857021816032653,0.04332641073825503239392185938,managed
view_a,not_applicable,100000,short,typical,managed,-5,0.7277777777777778,0.7777777777777778,1,288.00,579.4560,,,,,,,9.00,provider-billed input + output tokens,18.1080,normalized input + visible output tokens,0.003957251908396946444053376843,0.007450148571428571215710040816,managed
view_b,low,100000,short,typical,managed,-5,0.7277777777777778,0.7777777777777778,1,455.0080,746.4640,4.4640,32.400,72.00,3.1680,14.9760,40.00,14.2190,provider-billed input + output tokens,23.3270,normalized input + visible output tokens,0.006252018320610686831999440592,0.009597394285714285440074448980,managed
view_b,typical,100000,short,typical,managed,-5,0.7277777777777778,0.7777777777777778,1,775.0080,1066.4640,4.4640,32.400,72.00,3.1680,14.9760,360.0,24.2190,provider-billed input + output tokens,33.3270,normalized input + visible output tokens,0.01064896488549618288094763708,0.01371167999999999960823771429,managed
view_b,high,100000,short,typical,managed,-5,0.7277777777777778,0.7777777777777778,1,3295.0080,3586.4640,4.4640,32.400,72.00,3.1680,14.9760,2880.0,102.9690,provider-billed input + output tokens,112.0770,normalized input + visible output tokens,0.04527491908396946426641468446,0.04611167999999999868252342857,managed
view_a,not_applicable,100000,short,typical,private,-5,0.7777777777777778,0.7277777777777778,1,288.00,579.4560,,,,,,,9.00,provider-billed input + output tokens,18.1080,normalized input + visible output tokens,0.003702857142857142751346938776,0.007961990839694656245435394208,managed
view_b,low,100000,short,typical,private,-5,0.7777777777777778,0.7277777777777778,1,455.0080,746.4640,4.4640,32.400,72.00,3.1680,14.9760,40.00,14.2190,provider-billed input + output tokens,23.3270,normalized input + visible output tokens,0.005850102857142856975711346939,0.01025675725190839663338145796,managed
view_b,typical,100000,short,typical,private,-5,0.7777777777777778,0.7277777777777778,1,775.0080,1066.4640,4.4640,32.400,72.00,3.1680,14.9760,360.0,24.2190,provider-billed input + output tokens,33.3270,normalized input + visible output tokens,0.009964388571428571143874612245,0.01465370381679389268232965445,managed
view_b,high,100000,short,typical,private,-5,0.7777777777777778,0.7277777777777778,1,3295.0080,3586.4640,4.4640,32.400,72.00,3.1680,14.9760,2880.0,102.9690,provider-billed input + output tokens,112.0770,normalized input + visible output tokens,0.04236438857142857021816032653,0.04927965801526717406779670182,managed
view_a,not_applicable,100000,short,typical,measured,0,0.7777777777777778,0.7777777777777778,1,288.00,579.4560,,,,,,,9.00,provider-billed input + output tokens,18.1080,normalized input + visible output tokens,0.003702857142857142751346938776,0.007450148571428571215710040816,managed
view_b,low,100000,short,typical,measured,0,0.7777777777777778,0.7777777777777778,1,455.0080,746.4640,4.4640,32.400,72.00,3.1680,14.9760,40.00,14.2190,provider-billed input + output tokens,23.3270,normalized input + visible output tokens,0.005850102857142856975711346939,0.009597394285714285440074448980,managed
view_b,typical,100000,short,typical,measured,0,0.7777777777777778,0.7777777777777778,1,775.0080,1066.4640,4.4640,32.400,72.00,3.1680,14.9760,360.0,24.2190,provider-billed input + output tokens,33.3270,normalized input + visible output tokens,0.009964388571428571143874612245,0.01371167999999999960823771429,managed
view_b,high,100000,short,typical,measured,0,0.7777777777777778,0.7777777777777778,1,3295.0080,3586.4640,4.4640,32.400,72.00,3.1680,14.9760,2880.0,102.9690,provider-billed input + output tokens,112.0770,normalized input + visible output tokens,0.04236438857142857021816032653,0.04611167999999999868252342857,managed
view_a,not_applicable,100000,short,typical,managed,5,0.8277777777777778,0.7777777777777778,1,288.00,579.4560,,,,,,,9.00,provider-billed input + output tokens,18.1080,normalized input + visible output tokens,0.003479194630872483128075311923,0.007450148571428571215710040816,managed
view_b,low,100000,short,typical,managed,5,0.8277777777777778,0.7777777777777778,1,455.0080,746.4640,4.4640,32.400,72.00,3.1680,14.9760,40.00,14.2190,provider-billed input + output tokens,23.3270,normalized input + visible output tokens,0.005496740939597315288678095581,0.009597394285714285440074448980,managed
view_b,typical,100000,short,typical,managed,5,0.8277777777777778,0.7777777777777778,1,775.0080,1066.4640,4.4640,32.400,72.00,3.1680,14.9760,360.0,24.2190,provider-billed input + output tokens,33.3270,normalized input + visible output tokens,0.009362512751677852097650664384,0.01371167999999999960823771429,managed
view_b,high,100000,short,typical,managed,5,0.8277777777777778,0.7777777777777778,1,3295.0080,3586.4640,4.4640,32.400,72.00,3.1680,14.9760,2880.0,102.9690,provider-billed input + output tokens,112.0770,normalized input + visible output tokens,0.03980546577181207946830964371,0.04611167999999999868252342857,managed
view_a,not_applicable,100000,short,typical,private,5,0.7777777777777778,0.8277777777777778,1,288.00,579.4560,,,,,,,9.00,provider-billed input + output tokens,18.1080,normalized input + visible output tokens,0.003702857142857142751346938776,0.007000139597315436053687527589,managed
view_b,low,100000,short,typical,private,5,0.7777777777777778,0.8277777777777778,1,455.0080,746.4640,4.4640,32.400,72.00,3.1680,14.9760,40.00,14.2190,provider-billed input + output tokens,23.3270,normalized input + visible output tokens,0.005850102857142856975711346939,0.009017685906040268214290311247,managed
view_b,typical,100000,short,typical,private,5,0.7777777777777778,0.8277777777777778,1,775.0080,1066.4640,4.4640,32.400,72.00,3.1680,14.9760,360.0,24.2190,provider-billed input + output tokens,33.3270,normalized input + visible output tokens,0.009964388571428571143874612245,0.01288345771812080502326288005,managed
view_b,high,100000,short,typical,private,5,0.7777777777777778,0.8277777777777778,1,3295.0080,3586.4640,4.4640,32.400,72.00,3.1680,14.9760,2880.0,102.9690,provider-billed input + output tokens,112.0770,normalized input + visible output tokens,0.04236438857142857021816032653,0.04332641073825503239392185938,managed
view_a,not_applicable,100000,short,high,managed,-5,0.7277777777777778,0.7777777777777778,1,288.00,579.4560,,,,,,,9.00,provider-billed input + output tokens,18.1080,normalized input + visible output tokens,0.003957251908396946444053376843,0.007450148571428571215710040816,managed
view_b,low,100000,short,high,managed,-5,0.7277777777777778,0.7777777777777778,1,455.0080,746.4640,4.4640,32.400,72.00,3.1680,14.9760,40.00,14.2190,provider-billed input + output tokens,23.3270,normalized input + visible output tokens,0.006252018320610686831999440592,0.009597394285714285440074448980,managed
view_b,typical,100000,short,high,managed,-5,0.7277777777777778,0.7777777777777778,1,775.0080,1066.4640,4.4640,32.400,72.00,3.1680,14.9760,360.0,24.2190,provider-billed input + output tokens,33.3270,normalized input + visible output tokens,0.01064896488549618288094763708,0.01371167999999999960823771429,managed
view_b,high,100000,short,high,managed,-5,0.7277777777777778,0.7777777777777778,1,3295.0080,3586.4640,4.4640,32.400,72.00,3.1680,14.9760,2880.0,102.9690,provider-billed input + output tokens,112.0770,normalized input + visible output tokens,0.04527491908396946426641468446,0.04611167999999999868252342857,managed
view_a,not_applicable,100000,short,high,private,-5,0.7777777777777778,0.7277777777777778,1,288.00,579.4560,,,,,,,9.00,provider-billed input + output tokens,18.1080,normalized input + visible output tokens,0.003702857142857142751346938776,0.007961990839694656245435394208,managed
view_b,low,100000,short,high,private,-5,0.7777777777777778,0.7277777777777778,1,455.0080,746.4640,4.4640,32.400,72.00,3.1680,14.9760,40.00,14.2190,provider-billed input + output tokens,23.3270,normalized input + visible output tokens,0.005850102857142856975711346939,0.01025675725190839663338145796,managed
view_b,typical,100000,short,high,private,-5,0.7777777777777778,0.7277777777777778,1,775.0080,1066.4640,4.4640,32.400,72.00,3.1680,14.9760,360.0,24.2190,provider-billed input + output tokens,33.3270,normalized input + visible output tokens,0.009964388571428571143874612245,0.01465370381679389268232965445,managed
view_b,high,100000,short,high,private,-5,0.7777777777777778,0.7277777777777778,1,3295.0080,3586.4640,4.4640,32.400,72.00,3.1680,14.9760,2880.0,102.9690,provider-billed input + output tokens,112.0770,normalized input + visible output tokens,0.04236438857142857021816032653,0.04927965801526717406779670182,managed
view_a,not_applicable,100000,short,high,measured,0,0.7777777777777778,0.7777777777777778,1,288.00,579.4560,,,,,,,9.00,provider-billed input + output tokens,18.1080,normalized input + visible output tokens,0.003702857142857142751346938776,0.007450148571428571215710040816,managed
view_b,low,100000,short,high,measured,0,0.7777777777777778,0.7777777777777778,1,455.0080,746.4640,4.4640,32.400,72.00,3.1680,14.9760,40.00,14.2190,provider-billed input + output tokens,23.3270,normalized input + visible output tokens,0.005850102857142856975711346939,0.009597394285714285440074448980,managed
view_b,typical,100000,short,high,measured,0,0.7777777777777778,0.7777777777777778,1,775.0080,1066.4640,4.4640,32.400,72.00,3.1680,14.9760,360.0,24.2190,provider-billed input + output tokens,33.3270,normalized input + visible output tokens,0.009964388571428571143874612245,0.01371167999999999960823771429,managed
view_b,high,100000,short,high,measured,0,0.7777777777777778,0.7777777777777778,1,3295.0080,3586.4640,4.4640,32.400,72.00,3.1680,14.9760,2880.0,102.9690,provider-billed input + output tokens,112.0770,normalized input + visible output tokens,0.04236438857142857021816032653,0.04611167999999999868252342857,managed
view_a,not_applicable,100000,short,high,managed,5,0.8277777777777778,0.7777777777777778,1,288.00,579.4560,,,,,,,9.00,provider-billed input + output tokens,18.1080,normalized input + visible output tokens,0.003479194630872483128075311923,0.007450148571428571215710040816,managed
view_b,low,100000,short,high,managed,5,0.8277777777777778,0.7777777777777778,1,455.0080,746.4640,4.4640,32.400,72.00,3.1680,14.9760,40.00,14.2190,provider-billed input + output tokens,23.3270,normalized input + visible output tokens,0.005496740939597315288678095581,0.009597394285714285440074448980,managed
view_b,typical,100000,short,high,managed,5,0.8277777777777778,0.7777777777777778,1,775.0080,1066.4640,4.4640,32.400,72.00,3.1680,14.9760,360.0,24.2190,provider-billed input + output tokens,33.3270,normalized input + visible output tokens,0.009362512751677852097650664384,0.01371167999999999960823771429,managed
view_b,high,100000,short,high,managed,5,0.8277777777777778,0.7777777777777778,1,3295.0080,3586.4640,4.4640,32.400,72.00,3.1680,14.9760,2880.0,102.9690,provider-billed input + output tokens,112.0770,normalized input + visible output tokens,0.03980546577181207946830964371,0.04611167999999999868252342857,managed
view_a,not_applicable,100000,short,high,private,5,0.7777777777777778,0.8277777777777778,1,288.00,579.4560,,,,,,,9.00,provider-billed input + output tokens,18.1080,normalized input + visible output tokens,0.003702857142857142751346938776,0.007000139597315436053687527589,managed
view_b,low,100000,short,high,private,5,0.7777777777777778,0.8277777777777778,1,455.0080,746.4640,4.4640,32.400,72.00,3.1680,14.9760,40.00,14.2190,provider-billed input + output tokens,23.3270,normalized input + visible output tokens,0.005850102857142856975711346939,0.009017685906040268214290311247,managed
view_b,typical,100000,short,high,private,5,0.7777777777777778,0.8277777777777778,1,775.0080,1066.4640,4.4640,32.400,72.00,3.1680,14.9760,360.0,24.2190,provider-billed input + output tokens,33.3270,normalized input + visible output tokens,0.009964388571428571143874612245,0.01288345771812080502326288005,managed
view_b,high,100000,short,high,private,5,0.7777777777777778,0.8277777777777778,1,3295.0080,3586.4640,4.4640,32.400,72.00,3.1680,14.9760,2880.0,102.9690,provider-billed input + output tokens,112.0770,normalized input + visible output tokens,0.04236438857142857021816032653,0.04332641073825503239392185938,managed
view_a,not_applicable,100000,medium,low,managed,-5,0.7277777777777778,0.7777777777777778,1,1152.00,579.4560,,,,,,,9.00,provider-billed input + output tokens,4.5270,normalized input + visible output tokens,0.01582900763358778577621350737,0.007450148571428571215710040816,private
view_b,low,100000,medium,low,managed,-5,0.7277777777777778,0.7777777777777778,1,1319.0080,746.4640,4.4640,32.400,72.00,3.1680,14.9760,40.00,10.30475,provider-billed input + output tokens,5.83175,normalized input + visible output tokens,0.01812377404580152616415957112,0.009597394285714285440074448980,private
view_b,typical,100000,medium,low,managed,-5,0.7277777777777778,0.7777777777777778,1,1639.0080,1066.4640,4.4640,32.400,72.00,3.1680,14.9760,360.0,12.80475,provider-billed input + output tokens,8.33175,normalized input + visible output tokens,0.02252072061068702221310776761,0.01371167999999999960823771429,private
view_b,high,100000,medium,low,managed,-5,0.7277777777777778,0.7777777777777778,1,4159.0080,3586.4640,4.4640,32.400,72.00,3.1680,14.9760,2880.0,32.49225,provider-billed input + output tokens,28.01925,normalized input + visible output tokens,0.05714667480916030359857481499,0.04611167999999999868252342857,private
view_a,not_applicable,100000,medium,low,private,-5,0.7777777777777778,0.7277777777777778,1,1152.00,579.4560,,,,,,,9.00,provider-billed input + output tokens,4.5270,normalized input + visible output tokens,0.01481142857142857100538775510,0.007961990839694656245435394208,private
view_b,low,100000,medium,low,private,-5,0.7777777777777778,0.7277777777777778,1,1319.0080,746.4640,4.4640,32.400,72.00,3.1680,14.9760,40.00,10.30475,provider-billed input + output tokens,5.83175,normalized input + visible output tokens,0.01695867428571428522975216327,0.01025675725190839663338145796,private
view_b,typical,100000,medium,low,private,-5,0.7777777777777778,0.7277777777777778,1,1639.0080,1066.4640,4.4640,32.400,72.00,3.1680,14.9760,360.0,12.80475,provider-billed input + output tokens,8.33175,normalized input + visible output tokens,0.02107295999999999939791542857,0.01465370381679389268232965445,private
view_b,high,100000,medium,low,private,-5,0.7777777777777778,0.7277777777777778,1,4159.0080,3586.4640,4.4640,32.400,72.00,3.1680,14.9760,2880.0,32.49225,provider-billed input + output tokens,28.01925,normalized input + visible output tokens,0.05347295999999999847220114286,0.04927965801526717406779670182,private
view_a,not_applicable,100000,medium,low,measured,0,0.7777777777777778,0.7777777777777778,1,1152.00,579.4560,,,,,,,9.00,provider-billed input + output tokens,4.5270,normalized input + visible output tokens,0.01481142857142857100538775510,0.007450148571428571215710040816,private
view_b,low,100000,medium,low,measured,0,0.7777777777777778,0.7777777777777778,1,1319.0080,746.4640,4.4640,32.400,72.00,3.1680,14.9760,40.00,10.30475,provider-billed input + output tokens,5.83175,normalized input + visible output tokens,0.01695867428571428522975216327,0.009597394285714285440074448980,private
view_b,typical,100000,medium,low,measured,0,0.7777777777777778,0.7777777777777778,1,1639.0080,1066.4640,4.4640,32.400,72.00,3.1680,14.9760,360.0,12.80475,provider-billed input + output tokens,8.33175,normalized input + visible output tokens,0.02107295999999999939791542857,0.01371167999999999960823771429,private
view_b,high,100000,medium,low,measured,0,0.7777777777777778,0.7777777777777778,1,4159.0080,3586.4640,4.4640,32.400,72.00,3.1680,14.9760,2880.0,32.49225,provider-billed input + output tokens,28.01925,normalized input + visible output tokens,0.05347295999999999847220114286,0.04611167999999999868252342857,private
view_a,not_applicable,100000,medium,low,managed,5,0.8277777777777778,0.7777777777777778,1,1152.00,579.4560,,,,,,,9.00,provider-billed input + output tokens,4.5270,normalized input + visible output tokens,0.01391677852348993251230124769,0.007450148571428571215710040816,private
view_b,low,100000,medium,low,managed,5,0.8277777777777778,0.7777777777777778,1,1319.0080,746.4640,4.4640,32.400,72.00,3.1680,14.9760,40.00,10.30475,provider-billed input + output tokens,5.83175,normalized input + visible output tokens,0.01593432483221476467290403135,0.009597394285714285440074448980,private
view_b,typical,100000,medium,low,managed,5,0.8277777777777778,0.7777777777777778,1,1639.0080,1066.4640,4.4640,32.400,72.00,3.1680,14.9760,360.0,12.80475,provider-billed input + output tokens,8.33175,normalized input + visible output tokens,0.01980009664429530148187660015,0.01371167999999999960823771429,private
view_b,high,100000,medium,low,managed,5,0.8277777777777778,0.7777777777777778,1,4159.0080,3586.4640,4.4640,32.400,72.00,3.1680,14.9760,2880.0,32.49225,provider-billed input + output tokens,28.01925,normalized input + visible output tokens,0.05024304966442952885253557948,0.04611167999999999868252342857,private
view_a,not_applicable,100000,medium,low,private,5,0.7777777777777778,0.8277777777777778,1,1152.00,579.4560,,,,,,,9.00,provider-billed input + output tokens,4.5270,normalized input + visible output tokens,0.01481142857142857100538775510,0.007000139597315436053687527589,private
view_b,low,100000,medium,low,private,5,0.7777777777777778,0.8277777777777778,1,1319.0080,746.4640,4.4640,32.400,72.00,3.1680,14.9760,40.00,10.30475,provider-billed input + output tokens,5.83175,normalized input + visible output tokens,0.01695867428571428522975216327,0.009017685906040268214290311247,private
view_b,typical,100000,medium,low,private,5,0.7777777777777778,0.8277777777777778,1,1639.0080,1066.4640,4.4640,32.400,72.00,3.1680,14.9760,360.0,12.80475,provider-billed input + output tokens,8.33175,normalized input + visible output tokens,0.02107295999999999939791542857,0.01288345771812080502326288005,private
view_b,high,100000,medium,low,private,5,0.7777777777777778,0.8277777777777778,1,4159.0080,3586.4640,4.4640,32.400,72.00,3.1680,14.9760,2880.0,32.49225,provider-billed input + output tokens,28.01925,normalized input + visible output tokens,0.05347295999999999847220114286,0.04332641073825503239392185938,private
view_a,not_applicable,100000,medium,typical,managed,-5,0.7277777777777778,0.7777777777777778,1,1152.00,579.4560,,,,,,,9.00,provider-billed input + output tokens,4.5270,normalized input + visible output tokens,0.01582900763358778577621350737,0.007450148571428571215710040816,private
view_b,low,100000,medium,typical,managed,-5,0.7277777777777778,0.7777777777777778,1,1319.0080,746.4640,4.4640,32.400,72.00,3.1680,14.9760,40.00,10.30475,provider-billed input + output tokens,5.83175,normalized input + visible output tokens,0.01812377404580152616415957112,0.009597394285714285440074448980,private
view_b,typical,100000,medium,typical,managed,-5,0.7277777777777778,0.7777777777777778,1,1639.0080,1066.4640,4.4640,32.400,72.00,3.1680,14.9760,360.0,12.80475,provider-billed input + output tokens,8.33175,normalized input + visible output tokens,0.02252072061068702221310776761,0.01371167999999999960823771429,private
view_b,high,100000,medium,typical,managed,-5,0.7277777777777778,0.7777777777777778,1,4159.0080,3586.4640,4.4640,32.400,72.00,3.1680,14.9760,2880.0,32.49225,provider-billed input + output tokens,28.01925,normalized input + visible output tokens,0.05714667480916030359857481499,0.04611167999999999868252342857,private
view_a,not_applicable,100000,medium,typical,private,-5,0.7777777777777778,0.7277777777777778,1,1152.00,579.4560,,,,,,,9.00,provider-billed input + output tokens,4.5270,normalized input + visible output tokens,0.01481142857142857100538775510,0.007961990839694656245435394208,private
view_b,low,100000,medium,typical,private,-5,0.7777777777777778,0.7277777777777778,1,1319.0080,746.4640,4.4640,32.400,72.00,3.1680,14.9760,40.00,10.30475,provider-billed input + output tokens,5.83175,normalized input + visible output tokens,0.01695867428571428522975216327,0.01025675725190839663338145796,private
view_b,typical,100000,medium,typical,private,-5,0.7777777777777778,0.7277777777777778,1,1639.0080,1066.4640,4.4640,32.400,72.00,3.1680,14.9760,360.0,12.80475,provider-billed input + output tokens,8.33175,normalized input + visible output tokens,0.02107295999999999939791542857,0.01465370381679389268232965445,private
view_b,high,100000,medium,typical,private,-5,0.7777777777777778,0.7277777777777778,1,4159.0080,3586.4640,4.4640,32.400,72.00,3.1680,14.9760,2880.0,32.49225,provider-billed input + output tokens,28.01925,normalized input + visible output tokens,0.05347295999999999847220114286,0.04927965801526717406779670182,private
view_a,not_applicable,100000,medium,typical,measured,0,0.7777777777777778,0.7777777777777778,1,1152.00,579.4560,,,,,,,9.00,provider-billed input + output tokens,4.5270,normalized input + visible output tokens,0.01481142857142857100538775510,0.007450148571428571215710040816,private
view_b,low,100000,medium,typical,measured,0,0.7777777777777778,0.7777777777777778,1,1319.0080,746.4640,4.4640,32.400,72.00,3.1680,14.9760,40.00,10.30475,provider-billed input + output tokens,5.83175,normalized input + visible output tokens,0.01695867428571428522975216327,0.009597394285714285440074448980,private
view_b,typical,100000,medium,typical,measured,0,0.7777777777777778,0.7777777777777778,1,1639.0080,1066.4640,4.4640,32.400,72.00,3.1680,14.9760,360.0,12.80475,provider-billed input + output tokens,8.33175,normalized input + visible output tokens,0.02107295999999999939791542857,0.01371167999999999960823771429,private
view_b,high,100000,medium,typical,measured,0,0.7777777777777778,0.7777777777777778,1,4159.0080,3586.4640,4.4640,32.400,72.00,3.1680,14.9760,2880.0,32.49225,provider-billed input + output tokens,28.01925,normalized input + visible output tokens,0.05347295999999999847220114286,0.04611167999999999868252342857,private
view_a,not_applicable,100000,medium,typical,managed,5,0.8277777777777778,0.7777777777777778,1,1152.00,579.4560,,,,,,,9.00,provider-billed input + output tokens,4.5270,normalized input + visible output tokens,0.01391677852348993251230124769,0.007450148571428571215710040816,private
view_b,low,100000,medium,typical,managed,5,0.8277777777777778,0.7777777777777778,1,1319.0080,746.4640,4.4640,32.400,72.00,3.1680,14.9760,40.00,10.30475,provider-billed input + output tokens,5.83175,normalized input + visible output tokens,0.01593432483221476467290403135,0.009597394285714285440074448980,private
view_b,typical,100000,medium,typical,managed,5,0.8277777777777778,0.7777777777777778,1,1639.0080,1066.4640,4.4640,32.400,72.00,3.1680,14.9760,360.0,12.80475,provider-billed input + output tokens,8.33175,normalized input + visible output tokens,0.01980009664429530148187660015,0.01371167999999999960823771429,private
view_b,high,100000,medium,typical,managed,5,0.8277777777777778,0.7777777777777778,1,4159.0080,3586.4640,4.4640,32.400,72.00,3.1680,14.9760,2880.0,32.49225,provider-billed input + output tokens,28.01925,normalized input + visible output tokens,0.05024304966442952885253557948,0.04611167999999999868252342857,private
view_a,not_applicable,100000,medium,typical,private,5,0.7777777777777778,0.8277777777777778,1,1152.00,579.4560,,,,,,,9.00,provider-billed input + output tokens,4.5270,normalized input + visible output tokens,0.01481142857142857100538775510,0.007000139597315436053687527589,private
view_b,low,100000,medium,typical,private,5,0.7777777777777778,0.8277777777777778,1,1319.0080,746.4640,4.4640,32.400,72.00,3.1680,14.9760,40.00,10.30475,provider-billed input + output tokens,5.83175,normalized input + visible output tokens,0.01695867428571428522975216327,0.009017685906040268214290311247,private
view_b,typical,100000,medium,typical,private,5,0.7777777777777778,0.8277777777777778,1,1639.0080,1066.4640,4.4640,32.400,72.00,3.1680,14.9760,360.0,12.80475,provider-billed input + output tokens,8.33175,normalized input + visible output tokens,0.02107295999999999939791542857,0.01288345771812080502326288005,private
view_b,high,100000,medium,typical,private,5,0.7777777777777778,0.8277777777777778,1,4159.0080,3586.4640,4.4640,32.400,72.00,3.1680,14.9760,2880.0,32.49225,provider-billed input + output tokens,28.01925,normalized input + visible output tokens,0.05347295999999999847220114286,0.04332641073825503239392185938,private
view_a,not_applicable,100000,medium,high,managed,-5,0.7277777777777778,0.7777777777777778,1,1152.00,579.4560,,,,,,,9.00,provider-billed input + output tokens,4.5270,normalized input + visible output tokens,0.01582900763358778577621350737,0.007450148571428571215710040816,private
view_b,low,100000,medium,high,managed,-5,0.7277777777777778,0.7777777777777778,1,1319.0080,746.4640,4.4640,32.400,72.00,3.1680,14.9760,40.00,10.30475,provider-billed input + output tokens,5.83175,normalized input + visible output tokens,0.01812377404580152616415957112,0.009597394285714285440074448980,private
view_b,typical,100000,medium,high,managed,-5,0.7277777777777778,0.7777777777777778,1,1639.0080,1066.4640,4.4640,32.400,72.00,3.1680,14.9760,360.0,12.80475,provider-billed input + output tokens,8.33175,normalized input + visible output tokens,0.02252072061068702221310776761,0.01371167999999999960823771429,private
view_b,high,100000,medium,high,managed,-5,0.7277777777777778,0.7777777777777778,1,4159.0080,3586.4640,4.4640,32.400,72.00,3.1680,14.9760,2880.0,32.49225,provider-billed input + output tokens,28.01925,normalized input + visible output tokens,0.05714667480916030359857481499,0.04611167999999999868252342857,private
view_a,not_applicable,100000,medium,high,private,-5,0.7777777777777778,0.7277777777777778,1,1152.00,579.4560,,,,,,,9.00,provider-billed input + output tokens,4.5270,normalized input + visible output tokens,0.01481142857142857100538775510,0.007961990839694656245435394208,private
view_b,low,100000,medium,high,private,-5,0.7777777777777778,0.7277777777777778,1,1319.0080,746.4640,4.4640,32.400,72.00,3.1680,14.9760,40.00,10.30475,provider-billed input + output tokens,5.83175,normalized input + visible output tokens,0.01695867428571428522975216327,0.01025675725190839663338145796,private
view_b,typical,100000,medium,high,private,-5,0.7777777777777778,0.7277777777777778,1,1639.0080,1066.4640,4.4640,32.400,72.00,3.1680,14.9760,360.0,12.80475,provider-billed input + output tokens,8.33175,normalized input + visible output tokens,0.02107295999999999939791542857,0.01465370381679389268232965445,private
view_b,high,100000,medium,high,private,-5,0.7777777777777778,0.7277777777777778,1,4159.0080,3586.4640,4.4640,32.400,72.00,3.1680,14.9760,2880.0,32.49225,provider-billed input + output tokens,28.01925,normalized input + visible output tokens,0.05347295999999999847220114286,0.04927965801526717406779670182,private
view_a,not_applicable,100000,medium,high,measured,0,0.7777777777777778,0.7777777777777778,1,1152.00,579.4560,,,,,,,9.00,provider-billed input + output tokens,4.5270,normalized input + visible output tokens,0.01481142857142857100538775510,0.007450148571428571215710040816,private
view_b,low,100000,medium,high,measured,0,0.7777777777777778,0.7777777777777778,1,1319.0080,746.4640,4.4640,32.400,72.00,3.1680,14.9760,40.00,10.30475,provider-billed input + output tokens,5.83175,normalized input + visible output tokens,0.01695867428571428522975216327,0.009597394285714285440074448980,private
view_b,typical,100000,medium,high,measured,0,0.7777777777777778,0.7777777777777778,1,1639.0080,1066.4640,4.4640,32.400,72.00,3.1680,14.9760,360.0,12.80475,provider-billed input + output tokens,8.33175,normalized input + visible output tokens,0.02107295999999999939791542857,0.01371167999999999960823771429,private
view_b,high,100000,medium,high,measured,0,0.7777777777777778,0.7777777777777778,1,4159.0080,3586.4640,4.4640,32.400,72.00,3.1680,14.9760,2880.0,32.49225,provider-billed input + output tokens,28.01925,normalized input + visible output tokens,0.05347295999999999847220114286,0.04611167999999999868252342857,private
view_a,not_applicable,100000,medium,high,managed,5,0.8277777777777778,0.7777777777777778,1,1152.00,579.4560,,,,,,,9.00,provider-billed input + output tokens,4.5270,normalized input + visible output tokens,0.01391677852348993251230124769,0.007450148571428571215710040816,private
view_b,low,100000,medium,high,managed,5,0.8277777777777778,0.7777777777777778,1,1319.0080,746.4640,4.4640,32.400,72.00,3.1680,14.9760,40.00,10.30475,provider-billed input + output tokens,5.83175,normalized input + visible output tokens,0.01593432483221476467290403135,0.009597394285714285440074448980,private
view_b,typical,100000,medium,high,managed,5,0.8277777777777778,0.7777777777777778,1,1639.0080,1066.4640,4.4640,32.400,72.00,3.1680,14.9760,360.0,12.80475,provider-billed input + output tokens,8.33175,normalized input + visible output tokens,0.01980009664429530148187660015,0.01371167999999999960823771429,private
view_b,high,100000,medium,high,managed,5,0.8277777777777778,0.7777777777777778,1,4159.0080,3586.4640,4.4640,32.400,72.00,3.1680,14.9760,2880.0,32.49225,provider-billed input + output tokens,28.01925,normalized input + visible output tokens,0.05024304966442952885253557948,0.04611167999999999868252342857,private
view_a,not_applicable,100000,medium,high,private,5,0.7777777777777778,0.8277777777777778,1,1152.00,579.4560,,,,,,,9.00,provider-billed input + output tokens,4.5270,normalized input + visible output tokens,0.01481142857142857100538775510,0.007000139597315436053687527589,private
view_b,low,100000,medium,high,private,5,0.7777777777777778,0.8277777777777778,1,1319.0080,746.4640,4.4640,32.400,72.00,3.1680,14.9760,40.00,10.30475,provider-billed input + output tokens,5.83175,normalized input + visible output tokens,0.01695867428571428522975216327,0.009017685906040268214290311247,private
view_b,typical,100000,medium,high,private,5,0.7777777777777778,0.8277777777777778,1,1639.0080,1066.4640,4.4640,32.400,72.00,3.1680,14.9760,360.0,12.80475,provider-billed input + output tokens,8.33175,normalized input + visible output tokens,0.02107295999999999939791542857,0.01288345771812080502326288005,private
view_b,high,100000,medium,high,private,5,0.7777777777777778,0.8277777777777778,1,4159.0080,3586.4640,4.4640,32.400,72.00,3.1680,14.9760,2880.0,32.49225,provider-billed input + output tokens,28.01925,normalized input + visible output tokens,0.05347295999999999847220114286,0.04332641073825503239392185938,private
view_a,not_applicable,500000,short,low,managed,-5,0.7277777777777778,0.7777777777777778,5,1440.00,2897.2800,,,,,,,9.00,provider-billed input + output tokens,18.1080,normalized input + visible output tokens,0.003957251908396946444053376843,0.007450148571428571215710040816,managed
view_b,low,500000,short,low,managed,-5,0.7277777777777778,0.7777777777777778,5,1607.0080,3064.2880,4.4640,32.400,72.00,3.1680,14.9760,40.00,10.0438,provider-billed input + output tokens,19.1518,normalized input + visible output tokens,0.004416205190839694521642589593,0.007879597714285714060582922449,managed
view_b,typical,500000,short,low,managed,-5,0.7277777777777778,0.7777777777777778,5,1927.0080,3384.2880,4.4640,32.400,72.00,3.1680,14.9760,360.0,12.0438,provider-billed input + output tokens,21.1518,normalized input + visible output tokens,0.005295594503816793731432228891,0.008702454857142856894215575510,managed
view_b,high,500000,short,low,managed,-5,0.7277777777777778,0.7777777777777778,5,4447.0080,5904.2880,4.4640,32.400,72.00,3.1680,14.9760,2880.0,27.7938,provider-billed input + output tokens,36.9018,normalized input + visible output tokens,0.01222078534351145000852563837,0.01518245485714285670907271837,managed
view_a,not_applicable,500000,short,low,private,-5,0.7777777777777778,0.7277777777777778,5,1440.00,2897.2800,,,,,,,9.00,provider-billed input + output tokens,18.1080,normalized input + visible output tokens,0.003702857142857142751346938776,0.007961990839694656245435394208,managed
view_b,low,500000,short,low,private,-5,0.7777777777777778,0.7277777777777778,5,1607.0080,3064.2880,4.4640,32.400,72.00,3.1680,14.9760,40.00,10.0438,provider-billed input + output tokens,19.1518,normalized input + visible output tokens,0.004132306285714285596219820408,0.008420944122137404323024606958,managed
view_b,typical,500000,short,low,private,-5,0.7777777777777778,0.7277777777777778,5,1927.0080,3384.2880,4.4640,32.400,72.00,3.1680,14.9760,360.0,12.0438,provider-billed input + output tokens,21.1518,normalized input + visible output tokens,0.004955163428571428429852473469,0.009300333435114503532814246256,managed
view_b,high,500000,short,low,private,-5,0.7777777777777778,0.7277777777777778,5,4447.0080,5904.2880,4.4640,32.400,72.00,3.1680,14.9760,2880.0,27.7938,provider-billed input + output tokens,36.9018,normalized input + visible output tokens,0.01143516342857142824470961633,0.01622552427480915980990765573,managed
view_a,not_applicable,500000,short,low,measured,0,0.7777777777777778,0.7777777777777778,5,1440.00,2897.2800,,,,,,,9.00,provider-billed input + output tokens,18.1080,normalized input + visible output tokens,0.003702857142857142751346938776,0.007450148571428571215710040816,managed
view_b,low,500000,short,low,measured,0,0.7777777777777778,0.7777777777777778,5,1607.0080,3064.2880,4.4640,32.400,72.00,3.1680,14.9760,40.00,10.0438,provider-billed input + output tokens,19.1518,normalized input + visible output tokens,0.004132306285714285596219820408,0.007879597714285714060582922449,managed
view_b,typical,500000,short,low,measured,0,0.7777777777777778,0.7777777777777778,5,1927.0080,3384.2880,4.4640,32.400,72.00,3.1680,14.9760,360.0,12.0438,provider-billed input + output tokens,21.1518,normalized input + visible output tokens,0.004955163428571428429852473469,0.008702454857142856894215575510,managed
view_b,high,500000,short,low,measured,0,0.7777777777777778,0.7777777777777778,5,4447.0080,5904.2880,4.4640,32.400,72.00,3.1680,14.9760,2880.0,27.7938,provider-billed input + output tokens,36.9018,normalized input + visible output tokens,0.01143516342857142824470961633,0.01518245485714285670907271837,managed
view_a,not_applicable,500000,short,low,managed,5,0.8277777777777778,0.7777777777777778,5,1440.00,2897.2800,,,,,,,9.00,provider-billed input + output tokens,18.1080,normalized input + visible output tokens,0.003479194630872483128075311923,0.007450148571428571215710040816,managed
view_b,low,500000,short,low,managed,5,0.8277777777777778,0.7777777777777778,5,1607.0080,3064.2880,4.4640,32.400,72.00,3.1680,14.9760,40.00,10.0438,provider-billed input + output tokens,19.1518,normalized input + visible output tokens,0.003882703892617449560195868655,0.007879597714285714060582922449,managed
view_b,typical,500000,short,low,managed,5,0.8277777777777778,0.7777777777777778,5,1927.0080,3384.2880,4.4640,32.400,72.00,3.1680,14.9760,360.0,12.0438,provider-billed input + output tokens,21.1518,normalized input + visible output tokens,0.004655858255033556921990382415,0.008702454857142856894215575510,managed
view_b,high,500000,short,low,managed,5,0.8277777777777778,0.7777777777777778,5,4447.0080,5904.2880,4.4640,32.400,72.00,3.1680,14.9760,2880.0,27.7938,provider-billed input + output tokens,36.9018,normalized input + visible output tokens,0.01074444885906040239612217828,0.01518245485714285670907271837,managed
view_a,not_applicable,500000,short,low,private,5,0.7777777777777778,0.8277777777777778,5,1440.00,2897.2800,,,,,,,9.00,provider-billed input + output tokens,18.1080,normalized input + visible output tokens,0.003702857142857142751346938776,0.007000139597315436053687527589,managed
view_b,low,500000,short,low,private,5,0.7777777777777778,0.8277777777777778,5,1607.0080,3064.2880,4.4640,32.400,72.00,3.1680,14.9760,40.00,10.0438,provider-billed input + output tokens,19.1518,normalized input + visible output tokens,0.004132306285714285596219820408,0.007403648859060402485808084321,managed
view_b,typical,500000,short,low,private,5,0.7777777777777778,0.8277777777777778,5,1927.0080,3384.2880,4.4640,32.400,72.00,3.1680,14.9760,360.0,12.0438,provider-billed input + output tokens,21.1518,normalized input + visible output tokens,0.004955163428571428429852473469,0.008176803221476509847602598081,managed
view_b,high,500000,short,low,private,5,0.7777777777777778,0.8277777777777778,5,4447.0080,5904.2880,4.4640,32.400,72.00,3.1680,14.9760,2880.0,27.7938,provider-billed input + output tokens,36.9018,normalized input + visible output tokens,0.01143516342857142824470961633,0.01426539382550335532173439395,managed
view_a,not_applicable,500000,short,typical,managed,-5,0.7277777777777778,0.7777777777777778,1,1440.00,579.4560,,,,,,,9.00,provider-billed input + output tokens,3.6216,normalized input + visible output tokens,0.003957251908396946444053376843,0.001490029714285714243142008163,private
view_b,low,500000,short,typical,managed,-5,0.7277777777777778,0.7777777777777778,1,1607.0080,746.4640,4.4640,32.400,72.00,3.1680,14.9760,40.00,10.0438,provider-billed input + output tokens,4.6654,normalized input + visible output tokens,0.004416205190839694521642589593,0.001919478857142857088014889796,private
view_b,typical,500000,short,typical,managed,-5,0.7277777777777778,0.7777777777777778,1,1927.0080,1066.4640,4.4640,32.400,72.00,3.1680,14.9760,360.0,12.0438,provider-billed input + output tokens,6.6654,normalized input + visible output tokens,0.005295594503816793731432228891,0.002742335999999999921647542857,private
view_b,high,500000,short,typical,managed,-5,0.7277777777777778,0.7777777777777778,1,4447.0080,3586.4640,4.4640,32.400,72.00,3.1680,14.9760,2880.0,27.7938,provider-billed input + output tokens,22.4154,normalized input + visible output tokens,0.01222078534351145000852563837,0.009222335999999999736504685714,private
view_a,not_applicable,500000,short,typical,private,-5,0.7777777777777778,0.7277777777777778,1,1440.00,579.4560,,,,,,,9.00,provider-billed input + output tokens,3.6216,normalized input + visible output tokens,0.003702857142857142751346938776,0.001592398167938931249087078842,private
view_b,low,500000,short,typical,private,-5,0.7777777777777778,0.7277777777777778,1,1607.0080,746.4640,4.4640,32.400,72.00,3.1680,14.9760,40.00,10.0438,provider-billed input + output tokens,4.6654,normalized input + visible output tokens,0.004132306285714285596219820408,0.002051351450381679326676291591,private
view_b,typical,500000,short,typical,private,-5,0.7777777777777778,0.7277777777777778,1,1927.0080,1066.4640,4.4640,32.400,72.00,3.1680,14.9760,360.0,12.0438,provider-billed input + output tokens,6.6654,normalized input + visible output tokens,0.004955163428571428429852473469,0.002930740763358778536465930890,private
view_b,high,500000,short,typical,private,-5,0.7777777777777778,0.7277777777777778,1,4447.0080,3586.4640,4.4640,32.400,72.00,3.1680,14.9760,2880.0,27.7938,provider-billed input + output tokens,22.4154,normalized input + visible output tokens,0.01143516342857142824470961633,0.009855931603053434813559340365,private
view_a,not_applicable,500000,short,typical,measured,0,0.7777777777777778,0.7777777777777778,1,1440.00,579.4560,,,,,,,9.00,provider-billed input + output tokens,3.6216,normalized input + visible output tokens,0.003702857142857142751346938776,0.001490029714285714243142008163,private
view_b,low,500000,short,typical,measured,0,0.7777777777777778,0.7777777777777778,1,1607.0080,746.4640,4.4640,32.400,72.00,3.1680,14.9760,40.00,10.0438,provider-billed input + output tokens,4.6654,normalized input + visible output tokens,0.004132306285714285596219820408,0.001919478857142857088014889796,private
view_b,typical,500000,short,typical,measured,0,0.7777777777777778,0.7777777777777778,1,1927.0080,1066.4640,4.4640,32.400,72.00,3.1680,14.9760,360.0,12.0438,provider-billed input + output tokens,6.6654,normalized input + visible output tokens,0.004955163428571428429852473469,0.002742335999999999921647542857,private
view_b,high,500000,short,typical,measured,0,0.7777777777777778,0.7777777777777778,1,4447.0080,3586.4640,4.4640,32.400,72.00,3.1680,14.9760,2880.0,27.7938,provider-billed input + output tokens,22.4154,normalized input + visible output tokens,0.01143516342857142824470961633,0.009222335999999999736504685714,private
view_a,not_applicable,500000,short,typical,managed,5,0.8277777777777778,0.7777777777777778,1,1440.00,579.4560,,,,,,,9.00,provider-billed input + output tokens,3.6216,normalized input + visible output tokens,0.003479194630872483128075311923,0.001490029714285714243142008163,private
view_b,low,500000,short,typical,managed,5,0.8277777777777778,0.7777777777777778,1,1607.0080,746.4640,4.4640,32.400,72.00,3.1680,14.9760,40.00,10.0438,provider-billed input + output tokens,4.6654,normalized input + visible output tokens,0.003882703892617449560195868655,0.001919478857142857088014889796,private
view_b,typical,500000,short,typical,managed,5,0.8277777777777778,0.7777777777777778,1,1927.0080,1066.4640,4.4640,32.400,72.00,3.1680,14.9760,360.0,12.0438,provider-billed input + output tokens,6.6654,normalized input + visible output tokens,0.004655858255033556921990382415,0.002742335999999999921647542857,private
view_b,high,500000,short,typical,managed,5,0.8277777777777778,0.7777777777777778,1,4447.0080,3586.4640,4.4640,32.400,72.00,3.1680,14.9760,2880.0,27.7938,provider-billed input + output tokens,22.4154,normalized input + visible output tokens,0.01074444885906040239612217828,0.009222335999999999736504685714,private
view_a,not_applicable,500000,short,typical,private,5,0.7777777777777778,0.8277777777777778,1,1440.00,579.4560,,,,,,,9.00,provider-billed input + output tokens,3.6216,normalized input + visible output tokens,0.003702857142857142751346938776,0.001400027919463087210737505518,private
view_b,low,500000,short,typical,private,5,0.7777777777777778,0.8277777777777778,1,1607.0080,746.4640,4.4640,32.400,72.00,3.1680,14.9760,40.00,10.0438,provider-billed input + output tokens,4.6654,normalized input + visible output tokens,0.004132306285714285596219820408,0.001803537181208053642858062249,private
view_b,typical,500000,short,typical,private,5,0.7777777777777778,0.8277777777777778,1,1927.0080,1066.4640,4.4640,32.400,72.00,3.1680,14.9760,360.0,12.0438,provider-billed input + output tokens,6.6654,normalized input + visible output tokens,0.004955163428571428429852473469,0.002576691543624161004652576010,private
view_b,high,500000,short,typical,private,5,0.7777777777777778,0.8277777777777778,1,4447.0080,3586.4640,4.4640,32.400,72.00,3.1680,14.9760,2880.0,27.7938,provider-billed input + output tokens,22.4154,normalized input + visible output tokens,0.01143516342857142824470961633,0.008665282147651006478784371875,private
view_a,not_applicable,500000,short,high,managed,-5,0.7277777777777778,0.7777777777777778,1,1440.00,579.4560,,,,,,,9.00,provider-billed input + output tokens,3.6216,normalized input + visible output tokens,0.003957251908396946444053376843,0.001490029714285714243142008163,private
view_b,low,500000,short,high,managed,-5,0.7277777777777778,0.7777777777777778,1,1607.0080,746.4640,4.4640,32.400,72.00,3.1680,14.9760,40.00,10.0438,provider-billed input + output tokens,4.6654,normalized input + visible output tokens,0.004416205190839694521642589593,0.001919478857142857088014889796,private
view_b,typical,500000,short,high,managed,-5,0.7277777777777778,0.7777777777777778,1,1927.0080,1066.4640,4.4640,32.400,72.00,3.1680,14.9760,360.0,12.0438,provider-billed input + output tokens,6.6654,normalized input + visible output tokens,0.005295594503816793731432228891,0.002742335999999999921647542857,private
view_b,high,500000,short,high,managed,-5,0.7277777777777778,0.7777777777777778,1,4447.0080,3586.4640,4.4640,32.400,72.00,3.1680,14.9760,2880.0,27.7938,provider-billed input + output tokens,22.4154,normalized input + visible output tokens,0.01222078534351145000852563837,0.009222335999999999736504685714,private
view_a,not_applicable,500000,short,high,private,-5,0.7777777777777778,0.7277777777777778,1,1440.00,579.4560,,,,,,,9.00,provider-billed input + output tokens,3.6216,normalized input + visible output tokens,0.003702857142857142751346938776,0.001592398167938931249087078842,private
view_b,low,500000,short,high,private,-5,0.7777777777777778,0.7277777777777778,1,1607.0080,746.4640,4.4640,32.400,72.00,3.1680,14.9760,40.00,10.0438,provider-billed input + output tokens,4.6654,normalized input + visible output tokens,0.004132306285714285596219820408,0.002051351450381679326676291591,private
view_b,typical,500000,short,high,private,-5,0.7777777777777778,0.7277777777777778,1,1927.0080,1066.4640,4.4640,32.400,72.00,3.1680,14.9760,360.0,12.0438,provider-billed input + output tokens,6.6654,normalized input + visible output tokens,0.004955163428571428429852473469,0.002930740763358778536465930890,private
view_b,high,500000,short,high,private,-5,0.7777777777777778,0.7277777777777778,1,4447.0080,3586.4640,4.4640,32.400,72.00,3.1680,14.9760,2880.0,27.7938,provider-billed input + output tokens,22.4154,normalized input + visible output tokens,0.01143516342857142824470961633,0.009855931603053434813559340365,private
view_a,not_applicable,500000,short,high,measured,0,0.7777777777777778,0.7777777777777778,1,1440.00,579.4560,,,,,,,9.00,provider-billed input + output tokens,3.6216,normalized input + visible output tokens,0.003702857142857142751346938776,0.001490029714285714243142008163,private
view_b,low,500000,short,high,measured,0,0.7777777777777778,0.7777777777777778,1,1607.0080,746.4640,4.4640,32.400,72.00,3.1680,14.9760,40.00,10.0438,provider-billed input + output tokens,4.6654,normalized input + visible output tokens,0.004132306285714285596219820408,0.001919478857142857088014889796,private
view_b,typical,500000,short,high,measured,0,0.7777777777777778,0.7777777777777778,1,1927.0080,1066.4640,4.4640,32.400,72.00,3.1680,14.9760,360.0,12.0438,provider-billed input + output tokens,6.6654,normalized input + visible output tokens,0.004955163428571428429852473469,0.002742335999999999921647542857,private
view_b,high,500000,short,high,measured,0,0.7777777777777778,0.7777777777777778,1,4447.0080,3586.4640,4.4640,32.400,72.00,3.1680,14.9760,2880.0,27.7938,provider-billed input + output tokens,22.4154,normalized input + visible output tokens,0.01143516342857142824470961633,0.009222335999999999736504685714,private
view_a,not_applicable,500000,short,high,managed,5,0.8277777777777778,0.7777777777777778,1,1440.00,579.4560,,,,,,,9.00,provider-billed input + output tokens,3.6216,normalized input + visible output tokens,0.003479194630872483128075311923,0.001490029714285714243142008163,private
view_b,low,500000,short,high,managed,5,0.8277777777777778,0.7777777777777778,1,1607.0080,746.4640,4.4640,32.400,72.00,3.1680,14.9760,40.00,10.0438,provider-billed input + output tokens,4.6654,normalized input + visible output tokens,0.003882703892617449560195868655,0.001919478857142857088014889796,private
view_b,typical,500000,short,high,managed,5,0.8277777777777778,0.7777777777777778,1,1927.0080,1066.4640,4.4640,32.400,72.00,3.1680,14.9760,360.0,12.0438,provider-billed input + output tokens,6.6654,normalized input + visible output tokens,0.004655858255033556921990382415,0.002742335999999999921647542857,private
view_b,high,500000,short,high,managed,5,0.8277777777777778,0.7777777777777778,1,4447.0080,3586.4640,4.4640,32.400,72.00,3.1680,14.9760,2880.0,27.7938,provider-billed input + output tokens,22.4154,normalized input + visible output tokens,0.01074444885906040239612217828,0.009222335999999999736504685714,private
view_a,not_applicable,500000,short,high,private,5,0.7777777777777778,0.8277777777777778,1,1440.00,579.4560,,,,,,,9.00,provider-billed input + output tokens,3.6216,normalized input + visible output tokens,0.003702857142857142751346938776,0.001400027919463087210737505518,private
view_b,low,500000,short,high,private,5,0.7777777777777778,0.8277777777777778,1,1607.0080,746.4640,4.4640,32.400,72.00,3.1680,14.9760,40.00,10.0438,provider-billed input + output tokens,4.6654,normalized input + visible output tokens,0.004132306285714285596219820408,0.001803537181208053642858062249,private
view_b,typical,500000,short,high,private,5,0.7777777777777778,0.8277777777777778,1,1927.0080,1066.4640,4.4640,32.400,72.00,3.1680,14.9760,360.0,12.0438,provider-billed input + output tokens,6.6654,normalized input + visible output tokens,0.004955163428571428429852473469,0.002576691543624161004652576010,private
view_b,high,500000,short,high,private,5,0.7777777777777778,0.8277777777777778,1,4447.0080,3586.4640,4.4640,32.400,72.00,3.1680,14.9760,2880.0,27.7938,provider-billed input + output tokens,22.4154,normalized input + visible output tokens,0.01143516342857142824470961633,0.008665282147651006478784371875,private
view_a,not_applicable,500000,medium,low,managed,-5,0.7277777777777778,0.7777777777777778,5,5760.00,2897.2800,,,,,,,9.00,provider-billed input + output tokens,4.5270,normalized input + visible output tokens,0.01582900763358778577621350737,0.007450148571428571215710040816,private
view_b,low,500000,medium,low,managed,-5,0.7277777777777778,0.7777777777777778,5,5927.0080,3064.2880,4.4640,32.400,72.00,3.1680,14.9760,40.00,9.26095,provider-billed input + output tokens,4.78795,normalized input + visible output tokens,0.01628796091603053385380272012,0.007879597714285714060582922449,private
view_b,typical,500000,medium,low,managed,-5,0.7277777777777778,0.7777777777777778,5,6247.0080,3384.2880,4.4640,32.400,72.00,3.1680,14.9760,360.0,9.76095,provider-billed input + output tokens,5.28795,normalized input + visible output tokens,0.01716735022900763306359235942,0.008702454857142856894215575510,private
view_b,high,500000,medium,low,managed,-5,0.7277777777777778,0.7777777777777778,5,8767.0080,5904.2880,4.4640,32.400,72.00,3.1680,14.9760,2880.0,13.69845,provider-billed input + output tokens,9.22545,normalized input + visible output tokens,0.02409254106870228934068576889,0.01518245485714285670907271837,private
view_a,not_applicable,500000,medium,low,private,-5,0.7777777777777778,0.7277777777777778,5,5760.00,2897.2800,,,,,,,9.00,provider-billed input + output tokens,4.5270,normalized input + visible output tokens,0.01481142857142857100538775510,0.007961990839694656245435394208,private
view_b,low,500000,medium,low,private,-5,0.7777777777777778,0.7277777777777778,5,5927.0080,3064.2880,4.4640,32.400,72.00,3.1680,14.9760,40.00,9.26095,provider-billed input + output tokens,4.78795,normalized input + visible output tokens,0.01524087771428571385026063673,0.008420944122137404323024606958,private
view_b,typical,500000,medium,low,private,-5,0.7777777777777778,0.7277777777777778,5,6247.0080,3384.2880,4.4640,32.400,72.00,3.1680,14.9760,360.0,9.76095,provider-billed input + output tokens,5.28795,normalized input + visible output tokens,0.01606373485714285668389328980,0.009300333435114503532814246256,private
view_b,high,500000,medium,low,private,-5,0.7777777777777778,0.7277777777777778,5,8767.0080,5904.2880,4.4640,32.400,72.00,3.1680,14.9760,2880.0,13.69845,provider-billed input + output tokens,9.22545,normalized input + visible output tokens,0.02254373485714285649875043265,0.01622552427480915980990765573,private
view_a,not_applicable,500000,medium,low,measured,0,0.7777777777777778,0.7777777777777778,5,5760.00,2897.2800,,,,,,,9.00,provider-billed input + output tokens,4.5270,normalized input + visible output tokens,0.01481142857142857100538775510,0.007450148571428571215710040816,private
view_b,low,500000,medium,low,measured,0,0.7777777777777778,0.7777777777777778,5,5927.0080,3064.2880,4.4640,32.400,72.00,3.1680,14.9760,40.00,9.26095,provider-billed input + output tokens,4.78795,normalized input + visible output tokens,0.01524087771428571385026063673,0.007879597714285714060582922449,private
view_b,typical,500000,medium,low,measured,0,0.7777777777777778,0.7777777777777778,5,6247.0080,3384.2880,4.4640,32.400,72.00,3.1680,14.9760,360.0,9.76095,provider-billed input + output tokens,5.28795,normalized input + visible output tokens,0.01606373485714285668389328980,0.008702454857142856894215575510,private
view_b,high,500000,medium,low,measured,0,0.7777777777777778,0.7777777777777778,5,8767.0080,5904.2880,4.4640,32.400,72.00,3.1680,14.9760,2880.0,13.69845,provider-billed input + output tokens,9.22545,normalized input + visible output tokens,0.02254373485714285649875043265,0.01518245485714285670907271837,private
view_a,not_applicable,500000,medium,low,managed,5,0.8277777777777778,0.7777777777777778,5,5760.00,2897.2800,,,,,,,9.00,provider-billed input + output tokens,4.5270,normalized input + visible output tokens,0.01391677852348993251230124769,0.007450148571428571215710040816,private
view_b,low,500000,medium,low,managed,5,0.8277777777777778,0.7777777777777778,5,5927.0080,3064.2880,4.4640,32.400,72.00,3.1680,14.9760,40.00,9.26095,provider-billed input + output tokens,4.78795,normalized input + visible output tokens,0.01432028778523489894442180442,0.007879597714285714060582922449,private
view_b,typical,500000,medium,low,managed,5,0.8277777777777778,0.7777777777777778,5,6247.0080,3384.2880,4.4640,32.400,72.00,3.1680,14.9760,360.0,9.76095,provider-billed input + output tokens,5.28795,normalized input + visible output tokens,0.01509344214765100630621631818,0.008702454857142856894215575510,private
view_b,high,500000,medium,low,managed,5,0.8277777777777778,0.7777777777777778,5,8767.0080,5904.2880,4.4640,32.400,72.00,3.1680,14.9760,2880.0,13.69845,provider-billed input + output tokens,9.22545,normalized input + visible output tokens,0.02118203275167785178034811405,0.01518245485714285670907271837,private
view_a,not_applicable,500000,medium,low,private,5,0.7777777777777778,0.8277777777777778,5,5760.00,2897.2800,,,,,,,9.00,provider-billed input + output tokens,4.5270,normalized input + visible output tokens,0.01481142857142857100538775510,0.007000139597315436053687527589,private
view_b,low,500000,medium,low,private,5,0.7777777777777778,0.8277777777777778,5,5927.0080,3064.2880,4.4640,32.400,72.00,3.1680,14.9760,40.00,9.26095,provider-billed input + output tokens,4.78795,normalized input + visible output tokens,0.01524087771428571385026063673,0.007403648859060402485808084321,private
view_b,typical,500000,medium,low,private,5,0.7777777777777778,0.8277777777777778,5,6247.0080,3384.2880,4.4640,32.400,72.00,3.1680,14.9760,360.0,9.76095,provider-billed input + output tokens,5.28795,normalized input + visible output tokens,0.01606373485714285668389328980,0.008176803221476509847602598081,private
view_b,high,500000,medium,low,private,5,0.7777777777777778,0.8277777777777778,5,8767.0080,5904.2880,4.4640,32.400,72.00,3.1680,14.9760,2880.0,13.69845,provider-billed input + output tokens,9.22545,normalized input + visible output tokens,0.02254373485714285649875043265,0.01426539382550335532173439395,private
view_a,not_applicable,500000,medium,typical,managed,-5,0.7277777777777778,0.7777777777777778,1,5760.00,579.4560,,,,,,,9.00,provider-billed input + output tokens,0.9054,normalized input + visible output tokens,0.01582900763358778577621350737,0.001490029714285714243142008163,private
view_b,low,500000,medium,typical,managed,-5,0.7277777777777778,0.7777777777777778,1,5927.0080,746.4640,4.4640,32.400,72.00,3.1680,14.9760,40.00,9.26095,provider-billed input + output tokens,1.16635,normalized input + visible output tokens,0.01628796091603053385380272012,0.001919478857142857088014889796,private
view_b,typical,500000,medium,typical,managed,-5,0.7277777777777778,0.7777777777777778,1,6247.0080,1066.4640,4.4640,32.400,72.00,3.1680,14.9760,360.0,9.76095,provider-billed input + output tokens,1.66635,normalized input + visible output tokens,0.01716735022900763306359235942,0.002742335999999999921647542857,private
view_b,high,500000,medium,typical,managed,-5,0.7277777777777778,0.7777777777777778,1,8767.0080,3586.4640,4.4640,32.400,72.00,3.1680,14.9760,2880.0,13.69845,provider-billed input + output tokens,5.60385,normalized input + visible output tokens,0.02409254106870228934068576889,0.009222335999999999736504685714,private
view_a,not_applicable,500000,medium,typical,private,-5,0.7777777777777778,0.7277777777777778,1,5760.00,579.4560,,,,,,,9.00,provider-billed input + output tokens,0.9054,normalized input + visible output tokens,0.01481142857142857100538775510,0.001592398167938931249087078842,private
view_b,low,500000,medium,typical,private,-5,0.7777777777777778,0.7277777777777778,1,5927.0080,746.4640,4.4640,32.400,72.00,3.1680,14.9760,40.00,9.26095,provider-billed input + output tokens,1.16635,normalized input + visible output tokens,0.01524087771428571385026063673,0.002051351450381679326676291591,private
view_b,typical,500000,medium,typical,private,-5,0.7777777777777778,0.7277777777777778,1,6247.0080,1066.4640,4.4640,32.400,72.00,3.1680,14.9760,360.0,9.76095,provider-billed input + output tokens,1.66635,normalized input + visible output tokens,0.01606373485714285668389328980,0.002930740763358778536465930890,private
view_b,high,500000,medium,typical,private,-5,0.7777777777777778,0.7277777777777778,1,8767.0080,3586.4640,4.4640,32.400,72.00,3.1680,14.9760,2880.0,13.69845,provider-billed input + output tokens,5.60385,normalized input + visible output tokens,0.02254373485714285649875043265,0.009855931603053434813559340365,private
view_a,not_applicable,500000,medium,typical,measured,0,0.7777777777777778,0.7777777777777778,1,5760.00,579.4560,,,,,,,9.00,provider-billed input + output tokens,0.9054,normalized input + visible output tokens,0.01481142857142857100538775510,0.001490029714285714243142008163,private
view_b,low,500000,medium,typical,measured,0,0.7777777777777778,0.7777777777777778,1,5927.0080,746.4640,4.4640,32.400,72.00,3.1680,14.9760,40.00,9.26095,provider-billed input + output tokens,1.16635,normalized input + visible output tokens,0.01524087771428571385026063673,0.001919478857142857088014889796,private
view_b,typical,500000,medium,typical,measured,0,0.7777777777777778,0.7777777777777778,1,6247.0080,1066.4640,4.4640,32.400,72.00,3.1680,14.9760,360.0,9.76095,provider-billed input + output tokens,1.66635,normalized input + visible output tokens,0.01606373485714285668389328980,0.002742335999999999921647542857,private
view_b,high,500000,medium,typical,measured,0,0.7777777777777778,0.7777777777777778,1,8767.0080,3586.4640,4.4640,32.400,72.00,3.1680,14.9760,2880.0,13.69845,provider-billed input + output tokens,5.60385,normalized input + visible output tokens,0.02254373485714285649875043265,0.009222335999999999736504685714,private
view_a,not_applicable,500000,medium,typical,managed,5,0.8277777777777778,0.7777777777777778,1,5760.00,579.4560,,,,,,,9.00,provider-billed input + output tokens,0.9054,normalized input + visible output tokens,0.01391677852348993251230124769,0.001490029714285714243142008163,private
view_b,low,500000,medium,typical,managed,5,0.8277777777777778,0.7777777777777778,1,5927.0080,746.4640,4.4640,32.400,72.00,3.1680,14.9760,40.00,9.26095,provider-billed input + output tokens,1.16635,normalized input + visible output tokens,0.01432028778523489894442180442,0.001919478857142857088014889796,private
view_b,typical,500000,medium,typical,managed,5,0.8277777777777778,0.7777777777777778,1,6247.0080,1066.4640,4.4640,32.400,72.00,3.1680,14.9760,360.0,9.76095,provider-billed input + output tokens,1.66635,normalized input + visible output tokens,0.01509344214765100630621631818,0.002742335999999999921647542857,private
view_b,high,500000,medium,typical,managed,5,0.8277777777777778,0.7777777777777778,1,8767.0080,3586.4640,4.4640,32.400,72.00,3.1680,14.9760,2880.0,13.69845,provider-billed input + output tokens,5.60385,normalized input + visible output tokens,0.02118203275167785178034811405,0.009222335999999999736504685714,private
view_a,not_applicable,500000,medium,typical,private,5,0.7777777777777778,0.8277777777777778,1,5760.00,579.4560,,,,,,,9.00,provider-billed input + output tokens,0.9054,normalized input + visible output tokens,0.01481142857142857100538775510,0.001400027919463087210737505518,private
view_b,low,500000,medium,typical,private,5,0.7777777777777778,0.8277777777777778,1,5927.0080,746.4640,4.4640,32.400,72.00,3.1680,14.9760,40.00,9.26095,provider-billed input + output tokens,1.16635,normalized input + visible output tokens,0.01524087771428571385026063673,0.001803537181208053642858062249,private
view_b,typical,500000,medium,typical,private,5,0.7777777777777778,0.8277777777777778,1,6247.0080,1066.4640,4.4640,32.400,72.00,3.1680,14.9760,360.0,9.76095,provider-billed input + output tokens,1.66635,normalized input + visible output tokens,0.01606373485714285668389328980,0.002576691543624161004652576010,private
view_b,high,500000,medium,typical,private,5,0.7777777777777778,0.8277777777777778,1,8767.0080,3586.4640,4.4640,32.400,72.00,3.1680,14.9760,2880.0,13.69845,provider-billed input + output tokens,5.60385,normalized input + visible output tokens,0.02254373485714285649875043265,0.008665282147651006478784371875,private
view_a,not_applicable,500000,medium,high,managed,-5,0.7277777777777778,0.7777777777777778,1,5760.00,579.4560,,,,,,,9.00,provider-billed input + output tokens,0.9054,normalized input + visible output tokens,0.01582900763358778577621350737,0.001490029714285714243142008163,private
view_b,low,500000,medium,high,managed,-5,0.7277777777777778,0.7777777777777778,1,5927.0080,746.4640,4.4640,32.400,72.00,3.1680,14.9760,40.00,9.26095,provider-billed input + output tokens,1.16635,normalized input + visible output tokens,0.01628796091603053385380272012,0.001919478857142857088014889796,private
view_b,typical,500000,medium,high,managed,-5,0.7277777777777778,0.7777777777777778,1,6247.0080,1066.4640,4.4640,32.400,72.00,3.1680,14.9760,360.0,9.76095,provider-billed input + output tokens,1.66635,normalized input + visible output tokens,0.01716735022900763306359235942,0.002742335999999999921647542857,private
view_b,high,500000,medium,high,managed,-5,0.7277777777777778,0.7777777777777778,1,8767.0080,3586.4640,4.4640,32.400,72.00,3.1680,14.9760,2880.0,13.69845,provider-billed input + output tokens,5.60385,normalized input + visible output tokens,0.02409254106870228934068576889,0.009222335999999999736504685714,private
view_a,not_applicable,500000,medium,high,private,-5,0.7777777777777778,0.7277777777777778,1,5760.00,579.4560,,,,,,,9.00,provider-billed input + output tokens,0.9054,normalized input + visible output tokens,0.01481142857142857100538775510,0.001592398167938931249087078842,private
view_b,low,500000,medium,high,private,-5,0.7777777777777778,0.7277777777777778,1,5927.0080,746.4640,4.4640,32.400,72.00,3.1680,14.9760,40.00,9.26095,provider-billed input + output tokens,1.16635,normalized input + visible output tokens,0.01524087771428571385026063673,0.002051351450381679326676291591,private
view_b,typical,500000,medium,high,private,-5,0.7777777777777778,0.7277777777777778,1,6247.0080,1066.4640,4.4640,32.400,72.00,3.1680,14.9760,360.0,9.76095,provider-billed input + output tokens,1.66635,normalized input + visible output tokens,0.01606373485714285668389328980,0.002930740763358778536465930890,private
view_b,high,500000,medium,high,private,-5,0.7777777777777778,0.7277777777777778,1,8767.0080,3586.4640,4.4640,32.400,72.00,3.1680,14.9760,2880.0,13.69845,provider-billed input + output tokens,5.60385,normalized input + visible output tokens,0.02254373485714285649875043265,0.009855931603053434813559340365,private
view_a,not_applicable,500000,medium,high,measured,0,0.7777777777777778,0.7777777777777778,1,5760.00,579.4560,,,,,,,9.00,provider-billed input + output tokens,0.9054,normalized input + visible output tokens,0.01481142857142857100538775510,0.001490029714285714243142008163,private
view_b,low,500000,medium,high,measured,0,0.7777777777777778,0.7777777777777778,1,5927.0080,746.4640,4.4640,32.400,72.00,3.1680,14.9760,40.00,9.26095,provider-billed input + output tokens,1.16635,normalized input + visible output tokens,0.01524087771428571385026063673,0.001919478857142857088014889796,private
view_b,typical,500000,medium,high,measured,0,0.7777777777777778,0.7777777777777778,1,6247.0080,1066.4640,4.4640,32.400,72.00,3.1680,14.9760,360.0,9.76095,provider-billed input + output tokens,1.66635,normalized input + visible output tokens,0.01606373485714285668389328980,0.002742335999999999921647542857,private
view_b,high,500000,medium,high,measured,0,0.7777777777777778,0.7777777777777778,1,8767.0080,3586.4640,4.4640,32.400,72.00,3.1680,14.9760,2880.0,13.69845,provider-billed input + output tokens,5.60385,normalized input + visible output tokens,0.02254373485714285649875043265,0.009222335999999999736504685714,private
view_a,not_applicable,500000,medium,high,managed,5,0.8277777777777778,0.7777777777777778,1,5760.00,579.4560,,,,,,,9.00,provider-billed input + output tokens,0.9054,normalized input + visible output tokens,0.01391677852348993251230124769,0.001490029714285714243142008163,private
view_b,low,500000,medium,high,managed,5,0.8277777777777778,0.7777777777777778,1,5927.0080,746.4640,4.4640,32.400,72.00,3.1680,14.9760,40.00,9.26095,provider-billed input + output tokens,1.16635,normalized input + visible output tokens,0.01432028778523489894442180442,0.001919478857142857088014889796,private
view_b,typical,500000,medium,high,managed,5,0.8277777777777778,0.7777777777777778,1,6247.0080,1066.4640,4.4640,32.400,72.00,3.1680,14.9760,360.0,9.76095,provider-billed input + output tokens,1.66635,normalized input + visible output tokens,0.01509344214765100630621631818,0.002742335999999999921647542857,private
view_b,high,500000,medium,high,managed,5,0.8277777777777778,0.7777777777777778,1,8767.0080,3586.4640,4.4640,32.400,72.00,3.1680,14.9760,2880.0,13.69845,provider-billed input + output tokens,5.60385,normalized input + visible output tokens,0.02118203275167785178034811405,0.009222335999999999736504685714,private
view_a,not_applicable,500000,medium,high,private,5,0.7777777777777778,0.8277777777777778,1,5760.00,579.4560,,,,,,,9.00,provider-billed input + output tokens,0.9054,normalized input + visible output tokens,0.01481142857142857100538775510,0.001400027919463087210737505518,private
view_b,low,500000,medium,high,private,5,0.7777777777777778,0.8277777777777778,1,5927.0080,746.4640,4.4640,32.400,72.00,3.1680,14.9760,40.00,9.26095,provider-billed input + output tokens,1.16635,normalized input + visible output tokens,0.01524087771428571385026063673,0.001803537181208053642858062249,private
view_b,typical,500000,medium,high,private,5,0.7777777777777778,0.8277777777777778,1,6247.0080,1066.4640,4.4640,32.400,72.00,3.1680,14.9760,360.0,9.76095,provider-billed input + output tokens,1.66635,normalized input + visible output tokens,0.01606373485714285668389328980,0.002576691543624161004652576010,private
view_b,high,500000,medium,high,private,5,0.7777777777777778,0.8277777777777778,1,8767.0080,3586.4640,4.4640,32.400,72.00,3.1680,14.9760,2880.0,13.69845,provider-billed input + output tokens,5.60385,normalized input + visible output tokens,0.02254373485714285649875043265,0.008665282147651006478784371875,private
view_a,not_applicable,1000000,short,low,managed,-5,0.7277777777777778,0.7777777777777778,10,2880.00,5794.5600,,,,,,,9.00,provider-billed input + output tokens,18.1080,normalized input + visible output tokens,0.003957251908396946444053376843,0.007450148571428571215710040816,managed
view_b,low,1000000,short,low,managed,-5,0.7277777777777778,0.7777777777777778,10,3047.0080,5961.5680,4.4640,32.400,72.00,3.1680,14.9760,40.00,9.5219,provider-billed input + output tokens,18.6299,normalized input + visible output tokens,0.004186728549618320482847983218,0.007664873142857142638146481633,managed
view_b,typical,1000000,short,low,managed,-5,0.7277777777777778,0.7777777777777778,10,3367.0080,6281.5680,4.4640,32.400,72.00,3.1680,14.9760,360.0,10.5219,provider-billed input + output tokens,19.6299,normalized input + visible output tokens,0.004626423206106870087742802867,0.008076301714285714054962808163,managed
view_b,high,1000000,short,low,managed,-5,0.7277777777777778,0.7777777777777778,10,5887.0080,8801.5680,4.4640,32.400,72.00,3.1680,14.9760,2880.0,18.3969,provider-billed input + output tokens,27.5049,normalized input + visible output tokens,0.008089018625954198226289507604,0.01131630171428571396239137959,managed
view_a,not_applicable,1000000,short,low,private,-5,0.7777777777777778,0.7277777777777778,10,2880.00,5794.5600,,,,,,,9.00,provider-billed input + output tokens,18.1080,normalized input + visible output tokens,0.003702857142857142751346938776,0.007961990839694656245435394208,managed
view_b,low,1000000,short,low,private,-5,0.7777777777777778,0.7277777777777778,10,3047.0080,5961.5680,4.4640,32.400,72.00,3.1680,14.9760,40.00,9.5219,provider-billed input + output tokens,18.6299,normalized input + visible output tokens,0.003917581714285714173783379592,0.008191467480916030284230000583,managed
view_b,typical,1000000,short,low,private,-5,0.7777777777777778,0.7277777777777778,10,3367.0080,6281.5680,4.4640,32.400,72.00,3.1680,14.9760,360.0,10.5219,provider-billed input + output tokens,19.6299,normalized input + visible output tokens,0.004329010285714285590599706122,0.008631162137404579889124820232,managed
view_b,high,1000000,short,low,private,-5,0.7777777777777778,0.7277777777777778,10,5887.0080,8801.5680,4.4640,32.400,72.00,3.1680,14.9760,2880.0,18.3969,provider-billed input + output tokens,27.5049,normalized input + visible output tokens,0.007569010285714285498028277551,0.01209375755725190802767152497,managed
view_a,not_applicable,1000000,short,low,measured,0,0.7777777777777778,0.7777777777777778,10,2880.00,5794.5600,,,,,,,9.00,provider-billed input + output tokens,18.1080,normalized input + visible output tokens,0.003702857142857142751346938776,0.007450148571428571215710040816,managed
view_b,low,1000000,short,low,measured,0,0.7777777777777778,0.7777777777777778,10,3047.0080,5961.5680,4.4640,32.400,72.00,3.1680,14.9760,40.00,9.5219,provider-billed input + output tokens,18.6299,normalized input + visible output tokens,0.003917581714285714173783379592,0.007664873142857142638146481633,managed
view_b,typical,1000000,short,low,measured,0,0.7777777777777778,0.7777777777777778,10,3367.0080,6281.5680,4.4640,32.400,72.00,3.1680,14.9760,360.0,10.5219,provider-billed input + output tokens,19.6299,normalized input + visible output tokens,0.004329010285714285590599706122,0.008076301714285714054962808163,managed
view_b,high,1000000,short,low,measured,0,0.7777777777777778,0.7777777777777778,10,5887.0080,8801.5680,4.4640,32.400,72.00,3.1680,14.9760,2880.0,18.3969,provider-billed input + output tokens,27.5049,normalized input + visible output tokens,0.007569010285714285498028277551,0.01131630171428571396239137959,managed
view_a,not_applicable,1000000,short,low,managed,5,0.8277777777777778,0.7777777777777778,10,2880.00,5794.5600,,,,,,,9.00,provider-billed input + output tokens,18.1080,normalized input + visible output tokens,0.003479194630872483128075311923,0.007450148571428571215710040816,managed
view_b,low,1000000,short,low,managed,5,0.8277777777777778,0.7777777777777778,10,3047.0080,5961.5680,4.4640,32.400,72.00,3.1680,14.9760,40.00,9.5219,provider-billed input + output tokens,18.6299,normalized input + visible output tokens,0.003680949261744966344135590289,0.007664873142857142638146481633,managed
view_b,typical,1000000,short,low,managed,5,0.8277777777777778,0.7777777777777778,10,3367.0080,6281.5680,4.4640,32.400,72.00,3.1680,14.9760,360.0,10.5219,provider-billed input + output tokens,19.6299,normalized input + visible output tokens,0.004067526442953020025032847169,0.008076301714285714054962808163,managed
view_b,high,1000000,short,low,managed,5,0.8277777777777778,0.7777777777777778,10,5887.0080,8801.5680,4.4640,32.400,72.00,3.1680,14.9760,2880.0,18.3969,provider-billed input + output tokens,27.5049,normalized input + visible output tokens,0.007111821744966442762098745102,0.01131630171428571396239137959,managed
view_a,not_applicable,1000000,short,low,private,5,0.7777777777777778,0.8277777777777778,10,2880.00,5794.5600,,,,,,,9.00,provider-billed input + output tokens,18.1080,normalized input + visible output tokens,0.003702857142857142751346938776,0.007000139597315436053687527589,managed
view_b,low,1000000,short,low,private,5,0.7777777777777778,0.8277777777777778,10,3047.0080,5961.5680,4.4640,32.400,72.00,3.1680,14.9760,40.00,9.5219,provider-billed input + output tokens,18.6299,normalized input + visible output tokens,0.003917581714285714173783379592,0.007201894228187919269747805955,managed
view_b,typical,1000000,short,low,private,5,0.7777777777777778,0.8277777777777778,10,3367.0080,6281.5680,4.4640,32.400,72.00,3.1680,14.9760,360.0,10.5219,provider-billed input + output tokens,19.6299,normalized input + visible output tokens,0.004329010285714285590599706122,0.007588471409395972950645062835,managed
view_b,high,1000000,short,low,private,5,0.7777777777777778,0.8277777777777778,10,5887.0080,8801.5680,4.4640,32.400,72.00,3.1680,14.9760,2880.0,18.3969,provider-billed input + output tokens,27.5049,normalized input + visible output tokens,0.007569010285714285498028277551,0.01063276671140939568771096077,managed
view_a,not_applicable,1000000,short,typical,managed,-5,0.7277777777777778,0.7777777777777778,2,2880.00,1158.9120,,,,,,,9.00,provider-billed input + output tokens,3.6216,normalized input + visible output tokens,0.003957251908396946444053376843,0.001490029714285714243142008163,private
view_b,low,1000000,short,typical,managed,-5,0.7277777777777778,0.7777777777777778,2,3047.0080,1325.9200,4.4640,32.400,72.00,3.1680,14.9760,40.00,9.5219,provider-billed input + output tokens,4.1435,normalized input + visible output tokens,0.004186728549618320482847983218,0.001704754285714285665578448980,private
view_b,typical,1000000,short,typical,managed,-5,0.7277777777777778,0.7777777777777778,2,3367.0080,1645.9200,4.4640,32.400,72.00,3.1680,14.9760,360.0,10.5219,provider-billed input + output tokens,5.1435,normalized input + visible output tokens,0.004626423206106870087742802867,0.002116182857142857082394775510,private
view_b,high,1000000,short,typical,managed,-5,0.7277777777777778,0.7777777777777778,2,5887.0080,4165.9200,4.4640,32.400,72.00,3.1680,14.9760,2880.0,18.3969,provider-billed input + output tokens,13.0185,normalized input + visible output tokens,0.008089018625954198226289507604,0.005356182857142856989823346939,private
view_a,not_applicable,1000000,short,typical,private,-5,0.7777777777777778,0.7277777777777778,2,2880.00,1158.9120,,,,,,,9.00,provider-billed input + output tokens,3.6216,normalized input + visible output tokens,0.003702857142857142751346938776,0.001592398167938931249087078842,private
view_b,low,1000000,short,typical,private,-5,0.7777777777777778,0.7277777777777778,2,3047.0080,1325.9200,4.4640,32.400,72.00,3.1680,14.9760,40.00,9.5219,provider-billed input + output tokens,4.1435,normalized input + visible output tokens,0.003917581714285714173783379592,0.001821874809160305287881685216,private
view_b,typical,1000000,short,typical,private,-5,0.7777777777777778,0.7277777777777778,2,3367.0080,1645.9200,4.4640,32.400,72.00,3.1680,14.9760,360.0,10.5219,provider-billed input + output tokens,5.1435,normalized input + visible output tokens,0.004329010285714285590599706122,0.002261569465648854892776504866,private
view_b,high,1000000,short,typical,private,-5,0.7777777777777778,0.7277777777777778,2,5887.0080,4165.9200,4.4640,32.400,72.00,3.1680,14.9760,2880.0,18.3969,provider-billed input + output tokens,13.0185,normalized input + visible output tokens,0.007569010285714285498028277551,0.005724164885496183031323209603,private
view_a,not_applicable,1000000,short,typical,measured,0,0.7777777777777778,0.7777777777777778,2,2880.00,1158.9120,,,,,,,9.00,provider-billed input + output tokens,3.6216,normalized input + visible output tokens,0.003702857142857142751346938776,0.001490029714285714243142008163,private
view_b,low,1000000,short,typical,measured,0,0.7777777777777778,0.7777777777777778,2,3047.0080,1325.9200,4.4640,32.400,72.00,3.1680,14.9760,40.00,9.5219,provider-billed input + output tokens,4.1435,normalized input + visible output tokens,0.003917581714285714173783379592,0.001704754285714285665578448980,private
view_b,typical,1000000,short,typical,measured,0,0.7777777777777778,0.7777777777777778,2,3367.0080,1645.9200,4.4640,32.400,72.00,3.1680,14.9760,360.0,10.5219,provider-billed input + output tokens,5.1435,normalized input + visible output tokens,0.004329010285714285590599706122,0.002116182857142857082394775510,private
view_b,high,1000000,short,typical,measured,0,0.7777777777777778,0.7777777777777778,2,5887.0080,4165.9200,4.4640,32.400,72.00,3.1680,14.9760,2880.0,18.3969,provider-billed input + output tokens,13.0185,normalized input + visible output tokens,0.007569010285714285498028277551,0.005356182857142856989823346939,private
view_a,not_applicable,1000000,short,typical,managed,5,0.8277777777777778,0.7777777777777778,2,2880.00,1158.9120,,,,,,,9.00,provider-billed input + output tokens,3.6216,normalized input + visible output tokens,0.003479194630872483128075311923,0.001490029714285714243142008163,private
view_b,low,1000000,short,typical,managed,5,0.8277777777777778,0.7777777777777778,2,3047.0080,1325.9200,4.4640,32.400,72.00,3.1680,14.9760,40.00,9.5219,provider-billed input + output tokens,4.1435,normalized input + visible output tokens,0.003680949261744966344135590289,0.001704754285714285665578448980,private
view_b,typical,1000000,short,typical,managed,5,0.8277777777777778,0.7777777777777778,2,3367.0080,1645.9200,4.4640,32.400,72.00,3.1680,14.9760,360.0,10.5219,provider-billed input + output tokens,5.1435,normalized input + visible output tokens,0.004067526442953020025032847169,0.002116182857142857082394775510,private
view_b,high,1000000,short,typical,managed,5,0.8277777777777778,0.7777777777777778,2,5887.0080,4165.9200,4.4640,32.400,72.00,3.1680,14.9760,2880.0,18.3969,provider-billed input + output tokens,13.0185,normalized input + visible output tokens,0.007111821744966442762098745102,0.005356182857142856989823346939,private
view_a,not_applicable,1000000,short,typical,private,5,0.7777777777777778,0.8277777777777778,2,2880.00,1158.9120,,,,,,,9.00,provider-billed input + output tokens,3.6216,normalized input + visible output tokens,0.003702857142857142751346938776,0.001400027919463087210737505518,private
view_b,low,1000000,short,typical,private,5,0.7777777777777778,0.8277777777777778,2,3047.0080,1325.9200,4.4640,32.400,72.00,3.1680,14.9760,40.00,9.5219,provider-billed input + output tokens,4.1435,normalized input + visible output tokens,0.003917581714285714173783379592,0.001601782550335570426797783884,private
view_b,typical,1000000,short,typical,private,5,0.7777777777777778,0.8277777777777778,2,3367.0080,1645.9200,4.4640,32.400,72.00,3.1680,14.9760,360.0,10.5219,provider-billed input + output tokens,5.1435,normalized input + visible output tokens,0.004329010285714285590599706122,0.001988359731543624107695040764,private
view_b,high,1000000,short,typical,private,5,0.7777777777777778,0.8277777777777778,2,5887.0080,4165.9200,4.4640,32.400,72.00,3.1680,14.9760,2880.0,18.3969,provider-billed input + output tokens,13.0185,normalized input + visible output tokens,0.007569010285714285498028277551,0.005032655033557046844760938696,private
view_a,not_applicable,1000000,short,high,managed,-5,0.7277777777777778,0.7777777777777778,1,2880.00,579.4560,,,,,,,9.00,provider-billed input + output tokens,1.8108,normalized input + visible output tokens,0.003957251908396946444053376843,0.0007450148571428571215710040816,private
view_b,low,1000000,short,high,managed,-5,0.7277777777777778,0.7777777777777778,1,3047.0080,746.4640,4.4640,32.400,72.00,3.1680,14.9760,40.00,9.5219,provider-billed input + output tokens,2.3327,normalized input + visible output tokens,0.004186728549618320482847983218,0.0009597394285714285440074448980,private
view_b,typical,1000000,short,high,managed,-5,0.7277777777777778,0.7777777777777778,1,3367.0080,1066.4640,4.4640,32.400,72.00,3.1680,14.9760,360.0,10.5219,provider-billed input + output tokens,3.3327,normalized input + visible output tokens,0.004626423206106870087742802867,0.001371167999999999960823771429,private
view_b,high,1000000,short,high,managed,-5,0.7277777777777778,0.7777777777777778,1,5887.0080,3586.4640,4.4640,32.400,72.00,3.1680,14.9760,2880.0,18.3969,provider-billed input + output tokens,11.2077,normalized input + visible output tokens,0.008089018625954198226289507604,0.004611167999999999868252342857,private
view_a,not_applicable,1000000,short,high,private,-5,0.7777777777777778,0.7277777777777778,1,2880.00,579.4560,,,,,,,9.00,provider-billed input + output tokens,1.8108,normalized input + visible output tokens,0.003702857142857142751346938776,0.0007961990839694656245435394208,private
view_b,low,1000000,short,high,private,-5,0.7777777777777778,0.7277777777777778,1,3047.0080,746.4640,4.4640,32.400,72.00,3.1680,14.9760,40.00,9.5219,provider-billed input + output tokens,2.3327,normalized input + visible output tokens,0.003917581714285714173783379592,0.001025675725190839663338145796,private
view_b,typical,1000000,short,high,private,-5,0.7777777777777778,0.7277777777777778,1,3367.0080,1066.4640,4.4640,32.400,72.00,3.1680,14.9760,360.0,10.5219,provider-billed input + output tokens,3.3327,normalized input + visible output tokens,0.004329010285714285590599706122,0.001465370381679389268232965445,private
view_b,high,1000000,short,high,private,-5,0.7777777777777778,0.7277777777777778,1,5887.0080,3586.4640,4.4640,32.400,72.00,3.1680,14.9760,2880.0,18.3969,provider-billed input + output tokens,11.2077,normalized input + visible output tokens,0.007569010285714285498028277551,0.004927965801526717406779670182,private
view_a,not_applicable,1000000,short,high,measured,0,0.7777777777777778,0.7777777777777778,1,2880.00,579.4560,,,,,,,9.00,provider-billed input + output tokens,1.8108,normalized input + visible output tokens,0.003702857142857142751346938776,0.0007450148571428571215710040816,private
view_b,low,1000000,short,high,measured,0,0.7777777777777778,0.7777777777777778,1,3047.0080,746.4640,4.4640,32.400,72.00,3.1680,14.9760,40.00,9.5219,provider-billed input + output tokens,2.3327,normalized input + visible output tokens,0.003917581714285714173783379592,0.0009597394285714285440074448980,private
view_b,typical,1000000,short,high,measured,0,0.7777777777777778,0.7777777777777778,1,3367.0080,1066.4640,4.4640,32.400,72.00,3.1680,14.9760,360.0,10.5219,provider-billed input + output tokens,3.3327,normalized input + visible output tokens,0.004329010285714285590599706122,0.001371167999999999960823771429,private
view_b,high,1000000,short,high,measured,0,0.7777777777777778,0.7777777777777778,1,5887.0080,3586.4640,4.4640,32.400,72.00,3.1680,14.9760,2880.0,18.3969,provider-billed input + output tokens,11.2077,normalized input + visible output tokens,0.007569010285714285498028277551,0.004611167999999999868252342857,private
view_a,not_applicable,1000000,short,high,managed,5,0.8277777777777778,0.7777777777777778,1,2880.00,579.4560,,,,,,,9.00,provider-billed input + output tokens,1.8108,normalized input + visible output tokens,0.003479194630872483128075311923,0.0007450148571428571215710040816,private
view_b,low,1000000,short,high,managed,5,0.8277777777777778,0.7777777777777778,1,3047.0080,746.4640,4.4640,32.400,72.00,3.1680,14.9760,40.00,9.5219,provider-billed input + output tokens,2.3327,normalized input + visible output tokens,0.003680949261744966344135590289,0.0009597394285714285440074448980,private
view_b,typical,1000000,short,high,managed,5,0.8277777777777778,0.7777777777777778,1,3367.0080,1066.4640,4.4640,32.400,72.00,3.1680,14.9760,360.0,10.5219,provider-billed input + output tokens,3.3327,normalized input + visible output tokens,0.004067526442953020025032847169,0.001371167999999999960823771429,private
view_b,high,1000000,short,high,managed,5,0.8277777777777778,0.7777777777777778,1,5887.0080,3586.4640,4.4640,32.400,72.00,3.1680,14.9760,2880.0,18.3969,provider-billed input + output tokens,11.2077,normalized input + visible output tokens,0.007111821744966442762098745102,0.004611167999999999868252342857,private
view_a,not_applicable,1000000,short,high,private,5,0.7777777777777778,0.8277777777777778,1,2880.00,579.4560,,,,,,,9.00,provider-billed input + output tokens,1.8108,normalized input + visible output tokens,0.003702857142857142751346938776,0.0007000139597315436053687527589,private
view_b,low,1000000,short,high,private,5,0.7777777777777778,0.8277777777777778,1,3047.0080,746.4640,4.4640,32.400,72.00,3.1680,14.9760,40.00,9.5219,provider-billed input + output tokens,2.3327,normalized input + visible output tokens,0.003917581714285714173783379592,0.0009017685906040268214290311247,private
view_b,typical,1000000,short,high,private,5,0.7777777777777778,0.8277777777777778,1,3367.0080,1066.4640,4.4640,32.400,72.00,3.1680,14.9760,360.0,10.5219,provider-billed input + output tokens,3.3327,normalized input + visible output tokens,0.004329010285714285590599706122,0.001288345771812080502326288005,private
view_b,high,1000000,short,high,private,5,0.7777777777777778,0.8277777777777778,1,5887.0080,3586.4640,4.4640,32.400,72.00,3.1680,14.9760,2880.0,18.3969,provider-billed input + output tokens,11.2077,normalized input + visible output tokens,0.007569010285714285498028277551,0.004332641073825503239392185938,private
view_a,not_applicable,1000000,medium,low,managed,-5,0.7277777777777778,0.7777777777777778,10,11520.00,5794.5600,,,,,,,9.00,provider-billed input + output tokens,4.5270,normalized input + visible output tokens,0.01582900763358778577621350737,0.007450148571428571215710040816,private
view_b,low,1000000,medium,low,managed,-5,0.7277777777777778,0.7777777777777778,10,11687.0080,5961.5680,4.4640,32.400,72.00,3.1680,14.9760,40.00,9.130475,provider-billed input + output tokens,4.657475,normalized input + visible output tokens,0.01605848427480915981500811375,0.007664873142857142638146481633,private
view_b,typical,1000000,medium,low,managed,-5,0.7277777777777778,0.7777777777777778,10,12007.0080,6281.5680,4.4640,32.400,72.00,3.1680,14.9760,360.0,9.380475,provider-billed input + output tokens,4.907475,normalized input + visible output tokens,0.01649817893129770941990293340,0.008076301714285714054962808163,private
view_b,high,1000000,medium,low,managed,-5,0.7277777777777778,0.7777777777777778,10,14527.0080,8801.5680,4.4640,32.400,72.00,3.1680,14.9760,2880.0,11.349225,provider-billed input + output tokens,6.876225,normalized input + visible output tokens,0.01996077435114503755844963813,0.01131630171428571396239137959,private
view_a,not_applicable,1000000,medium,low,private,-5,0.7777777777777778,0.7277777777777778,10,11520.00,5794.5600,,,,,,,9.00,provider-billed input + output tokens,4.5270,normalized input + visible output tokens,0.01481142857142857100538775510,0.007961990839694656245435394208,private
view_b,low,1000000,medium,low,private,-5,0.7777777777777778,0.7277777777777778,10,11687.0080,5961.5680,4.4640,32.400,72.00,3.1680,14.9760,40.00,9.130475,provider-billed input + output tokens,4.657475,normalized input + visible output tokens,0.01502615314285714242782419592,0.008191467480916030284230000583,private
view_b,typical,1000000,medium,low,private,-5,0.7777777777777778,0.7277777777777778,10,12007.0080,6281.5680,4.4640,32.400,72.00,3.1680,14.9760,360.0,9.380475,provider-billed input + output tokens,4.907475,normalized input + visible output tokens,0.01543758171428571384464052245,0.008631162137404579889124820232,private
view_b,high,1000000,medium,low,private,-5,0.7777777777777778,0.7277777777777778,10,14527.0080,8801.5680,4.4640,32.400,72.00,3.1680,14.9760,2880.0,11.349225,provider-billed input + output tokens,6.876225,normalized input + visible output tokens,0.01867758171428571375206909388,0.01209375755725190802767152497,private
view_a,not_applicable,1000000,medium,low,measured,0,0.7777777777777778,0.7777777777777778,10,11520.00,5794.5600,,,,,,,9.00,provider-billed input + output tokens,4.5270,normalized input + visible output tokens,0.01481142857142857100538775510,0.007450148571428571215710040816,private
view_b,low,1000000,medium,low,measured,0,0.7777777777777778,0.7777777777777778,10,11687.0080,5961.5680,4.4640,32.400,72.00,3.1680,14.9760,40.00,9.130475,provider-billed input + output tokens,4.657475,normalized input + visible output tokens,0.01502615314285714242782419592,0.007664873142857142638146481633,private
view_b,typical,1000000,medium,low,measured,0,0.7777777777777778,0.7777777777777778,10,12007.0080,6281.5680,4.4640,32.400,72.00,3.1680,14.9760,360.0,9.380475,provider-billed input + output tokens,4.907475,normalized input + visible output tokens,0.01543758171428571384464052245,0.008076301714285714054962808163,private
view_b,high,1000000,medium,low,measured,0,0.7777777777777778,0.7777777777777778,10,14527.0080,8801.5680,4.4640,32.400,72.00,3.1680,14.9760,2880.0,11.349225,provider-billed input + output tokens,6.876225,normalized input + visible output tokens,0.01867758171428571375206909388,0.01131630171428571396239137959,private
view_a,not_applicable,1000000,medium,low,managed,5,0.8277777777777778,0.7777777777777778,10,11520.00,5794.5600,,,,,,,9.00,provider-billed input + output tokens,4.5270,normalized input + visible output tokens,0.01391677852348993251230124769,0.007450148571428571215710040816,private
view_b,low,1000000,medium,low,managed,5,0.8277777777777778,0.7777777777777778,10,11687.0080,5961.5680,4.4640,32.400,72.00,3.1680,14.9760,40.00,9.130475,provider-billed input + output tokens,4.657475,normalized input + visible output tokens,0.01411853315436241572836152606,0.007664873142857142638146481633,private
view_b,typical,1000000,medium,low,managed,5,0.8277777777777778,0.7777777777777778,10,12007.0080,6281.5680,4.4640,32.400,72.00,3.1680,14.9760,360.0,9.380475,provider-billed input + output tokens,4.907475,normalized input + visible output tokens,0.01450511033557046940925878294,0.008076301714285714054962808163,private
view_b,high,1000000,medium,low,managed,5,0.8277777777777778,0.7777777777777778,10,14527.0080,8801.5680,4.4640,32.400,72.00,3.1680,14.9760,2880.0,11.349225,provider-billed input + output tokens,6.876225,normalized input + visible output tokens,0.01754940563758389214632468087,0.01131630171428571396239137959,private
view_a,not_applicable,1000000,medium,low,private,5,0.7777777777777778,0.8277777777777778,10,11520.00,5794.5600,,,,,,,9.00,provider-billed input + output tokens,4.5270,normalized input + visible output tokens,0.01481142857142857100538775510,0.007000139597315436053687527589,private
view_b,low,1000000,medium,low,private,5,0.7777777777777778,0.8277777777777778,10,11687.0080,5961.5680,4.4640,32.400,72.00,3.1680,14.9760,40.00,9.130475,provider-billed input + output tokens,4.657475,normalized input + visible output tokens,0.01502615314285714242782419592,0.007201894228187919269747805955,private
view_b,typical,1000000,medium,low,private,5,0.7777777777777778,0.8277777777777778,10,12007.0080,6281.5680,4.4640,32.400,72.00,3.1680,14.9760,360.0,9.380475,provider-billed input + output tokens,4.907475,normalized input + visible output tokens,0.01543758171428571384464052245,0.007588471409395972950645062835,private
view_b,high,1000000,medium,low,private,5,0.7777777777777778,0.8277777777777778,10,14527.0080,8801.5680,4.4640,32.400,72.00,3.1680,14.9760,2880.0,11.349225,provider-billed input + output tokens,6.876225,normalized input + visible output tokens,0.01867758171428571375206909388,0.01063276671140939568771096077,private
view_a,not_applicable,1000000,medium,typical,managed,-5,0.7277777777777778,0.7777777777777778,2,11520.00,1158.9120,,,,,,,9.00,provider-billed input + output tokens,0.9054,normalized input + visible output tokens,0.01582900763358778577621350737,0.001490029714285714243142008163,private
view_b,low,1000000,medium,typical,managed,-5,0.7277777777777778,0.7777777777777778,2,11687.0080,1325.9200,4.4640,32.400,72.00,3.1680,14.9760,40.00,9.130475,provider-billed input + output tokens,1.035875,normalized input + visible output tokens,0.01605848427480915981500811375,0.001704754285714285665578448980,private
view_b,typical,1000000,medium,typical,managed,-5,0.7277777777777778,0.7777777777777778,2,12007.0080,1645.9200,4.4640,32.400,72.00,3.1680,14.9760,360.0,9.380475,provider-billed input + output tokens,1.285875,normalized input + visible output tokens,0.01649817893129770941990293340,0.002116182857142857082394775510,private
view_b,high,1000000,medium,typical,managed,-5,0.7277777777777778,0.7777777777777778,2,14527.0080,4165.9200,4.4640,32.400,72.00,3.1680,14.9760,2880.0,11.349225,provider-billed input + output tokens,3.254625,normalized input + visible output tokens,0.01996077435114503755844963813,0.005356182857142856989823346939,private
view_a,not_applicable,1000000,medium,typical,private,-5,0.7777777777777778,0.7277777777777778,2,11520.00,1158.9120,,,,,,,9.00,provider-billed input + output tokens,0.9054,normalized input + visible output tokens,0.01481142857142857100538775510,0.001592398167938931249087078842,private
view_b,low,1000000,medium,typical,private,-5,0.7777777777777778,0.7277777777777778,2,11687.0080,1325.9200,4.4640,32.400,72.00,3.1680,14.9760,40.00,9.130475,provider-billed input + output tokens,1.035875,normalized input + visible output tokens,0.01502615314285714242782419592,0.001821874809160305287881685216,private
view_b,typical,1000000,medium,typical,private,-5,0.7777777777777778,0.7277777777777778,2,12007.0080,1645.9200,4.4640,32.400,72.00,3.1680,14.9760,360.0,9.380475,provider-billed input + output tokens,1.285875,normalized input + visible output tokens,0.01543758171428571384464052245,0.002261569465648854892776504866,private
view_b,high,1000000,medium,typical,private,-5,0.7777777777777778,0.7277777777777778,2,14527.0080,4165.9200,4.4640,32.400,72.00,3.1680,14.9760,2880.0,11.349225,provider-billed input + output tokens,3.254625,normalized input + visible output tokens,0.01867758171428571375206909388,0.005724164885496183031323209603,private
view_a,not_applicable,1000000,medium,typical,measured,0,0.7777777777777778,0.7777777777777778,2,11520.00,1158.9120,,,,,,,9.00,provider-billed input + output tokens,0.9054,normalized input + visible output tokens,0.01481142857142857100538775510,0.001490029714285714243142008163,private
view_b,low,1000000,medium,typical,measured,0,0.7777777777777778,0.7777777777777778,2,11687.0080,1325.9200,4.4640,32.400,72.00,3.1680,14.9760,40.00,9.130475,provider-billed input + output tokens,1.035875,normalized input + visible output tokens,0.01502615314285714242782419592,0.001704754285714285665578448980,private
view_b,typical,1000000,medium,typical,measured,0,0.7777777777777778,0.7777777777777778,2,12007.0080,1645.9200,4.4640,32.400,72.00,3.1680,14.9760,360.0,9.380475,provider-billed input + output tokens,1.285875,normalized input + visible output tokens,0.01543758171428571384464052245,0.002116182857142857082394775510,private
view_b,high,1000000,medium,typical,measured,0,0.7777777777777778,0.7777777777777778,2,14527.0080,4165.9200,4.4640,32.400,72.00,3.1680,14.9760,2880.0,11.349225,provider-billed input + output tokens,3.254625,normalized input + visible output tokens,0.01867758171428571375206909388,0.005356182857142856989823346939,private
view_a,not_applicable,1000000,medium,typical,managed,5,0.8277777777777778,0.7777777777777778,2,11520.00,1158.9120,,,,,,,9.00,provider-billed input + output tokens,0.9054,normalized input + visible output tokens,0.01391677852348993251230124769,0.001490029714285714243142008163,private
view_b,low,1000000,medium,typical,managed,5,0.8277777777777778,0.7777777777777778,2,11687.0080,1325.9200,4.4640,32.400,72.00,3.1680,14.9760,40.00,9.130475,provider-billed input + output tokens,1.035875,normalized input + visible output tokens,0.01411853315436241572836152606,0.001704754285714285665578448980,private
view_b,typical,1000000,medium,typical,managed,5,0.8277777777777778,0.7777777777777778,2,12007.0080,1645.9200,4.4640,32.400,72.00,3.1680,14.9760,360.0,9.380475,provider-billed input + output tokens,1.285875,normalized input + visible output tokens,0.01450511033557046940925878294,0.002116182857142857082394775510,private
view_b,high,1000000,medium,typical,managed,5,0.8277777777777778,0.7777777777777778,2,14527.0080,4165.9200,4.4640,32.400,72.00,3.1680,14.9760,2880.0,11.349225,provider-billed input + output tokens,3.254625,normalized input + visible output tokens,0.01754940563758389214632468087,0.005356182857142856989823346939,private
view_a,not_applicable,1000000,medium,typical,private,5,0.7777777777777778,0.8277777777777778,2,11520.00,1158.9120,,,,,,,9.00,provider-billed input + output tokens,0.9054,normalized input + visible output tokens,0.01481142857142857100538775510,0.001400027919463087210737505518,private
view_b,low,1000000,medium,typical,private,5,0.7777777777777778,0.8277777777777778,2,11687.0080,1325.9200,4.4640,32.400,72.00,3.1680,14.9760,40.00,9.130475,provider-billed input + output tokens,1.035875,normalized input + visible output tokens,0.01502615314285714242782419592,0.001601782550335570426797783884,private
view_b,typical,1000000,medium,typical,private,5,0.7777777777777778,0.8277777777777778,2,12007.0080,1645.9200,4.4640,32.400,72.00,3.1680,14.9760,360.0,9.380475,provider-billed input + output tokens,1.285875,normalized input + visible output tokens,0.01543758171428571384464052245,0.001988359731543624107695040764,private
view_b,high,1000000,medium,typical,private,5,0.7777777777777778,0.8277777777777778,2,14527.0080,4165.9200,4.4640,32.400,72.00,3.1680,14.9760,2880.0,11.349225,provider-billed input + output tokens,3.254625,normalized input + visible output tokens,0.01867758171428571375206909388,0.005032655033557046844760938696,private
view_a,not_applicable,1000000,medium,high,managed,-5,0.7277777777777778,0.7777777777777778,1,11520.00,579.4560,,,,,,,9.00,provider-billed input + output tokens,0.4527,normalized input + visible output tokens,0.01582900763358778577621350737,0.0007450148571428571215710040816,private
view_b,low,1000000,medium,high,managed,-5,0.7277777777777778,0.7777777777777778,1,11687.0080,746.4640,4.4640,32.400,72.00,3.1680,14.9760,40.00,9.130475,provider-billed input + output tokens,0.583175,normalized input + visible output tokens,0.01605848427480915981500811375,0.0009597394285714285440074448980,private
view_b,typical,1000000,medium,high,managed,-5,0.7277777777777778,0.7777777777777778,1,12007.0080,1066.4640,4.4640,32.400,72.00,3.1680,14.9760,360.0,9.380475,provider-billed input + output tokens,0.833175,normalized input + visible output tokens,0.01649817893129770941990293340,0.001371167999999999960823771429,private
view_b,high,1000000,medium,high,managed,-5,0.7277777777777778,0.7777777777777778,1,14527.0080,3586.4640,4.4640,32.400,72.00,3.1680,14.9760,2880.0,11.349225,provider-billed input + output tokens,2.801925,normalized input + visible output tokens,0.01996077435114503755844963813,0.004611167999999999868252342857,private
view_a,not_applicable,1000000,medium,high,private,-5,0.7777777777777778,0.7277777777777778,1,11520.00,579.4560,,,,,,,9.00,provider-billed input + output tokens,0.4527,normalized input + visible output tokens,0.01481142857142857100538775510,0.0007961990839694656245435394208,private
view_b,low,1000000,medium,high,private,-5,0.7777777777777778,0.7277777777777778,1,11687.0080,746.4640,4.4640,32.400,72.00,3.1680,14.9760,40.00,9.130475,provider-billed input + output tokens,0.583175,normalized input + visible output tokens,0.01502615314285714242782419592,0.001025675725190839663338145796,private
view_b,typical,1000000,medium,high,private,-5,0.7777777777777778,0.7277777777777778,1,12007.0080,1066.4640,4.4640,32.400,72.00,3.1680,14.9760,360.0,9.380475,provider-billed input + output tokens,0.833175,normalized input + visible output tokens,0.01543758171428571384464052245,0.001465370381679389268232965445,private
view_b,high,1000000,medium,high,private,-5,0.7777777777777778,0.7277777777777778,1,14527.0080,3586.4640,4.4640,32.400,72.00,3.1680,14.9760,2880.0,11.349225,provider-billed input + output tokens,2.801925,normalized input + visible output tokens,0.01867758171428571375206909388,0.004927965801526717406779670182,private
view_a,not_applicable,1000000,medium,high,measured,0,0.7777777777777778,0.7777777777777778,1,11520.00,579.4560,,,,,,,9.00,provider-billed input + output tokens,0.4527,normalized input + visible output tokens,0.01481142857142857100538775510,0.0007450148571428571215710040816,private
view_b,low,1000000,medium,high,measured,0,0.7777777777777778,0.7777777777777778,1,11687.0080,746.4640,4.4640,32.400,72.00,3.1680,14.9760,40.00,9.130475,provider-billed input + output tokens,0.583175,normalized input + visible output tokens,0.01502615314285714242782419592,0.0009597394285714285440074448980,private
view_b,typical,1000000,medium,high,measured,0,0.7777777777777778,0.7777777777777778,1,12007.0080,1066.4640,4.4640,32.400,72.00,3.1680,14.9760,360.0,9.380475,provider-billed input + output tokens,0.833175,normalized input + visible output tokens,0.01543758171428571384464052245,0.001371167999999999960823771429,private
view_b,high,1000000,medium,high,measured,0,0.7777777777777778,0.7777777777777778,1,14527.0080,3586.4640,4.4640,32.400,72.00,3.1680,14.9760,2880.0,11.349225,provider-billed input + output tokens,2.801925,normalized input + visible output tokens,0.01867758171428571375206909388,0.004611167999999999868252342857,private
view_a,not_applicable,1000000,medium,high,managed,5,0.8277777777777778,0.7777777777777778,1,11520.00,579.4560,,,,,,,9.00,provider-billed input + output tokens,0.4527,normalized input + visible output tokens,0.01391677852348993251230124769,0.0007450148571428571215710040816,private
view_b,low,1000000,medium,high,managed,5,0.8277777777777778,0.7777777777777778,1,11687.0080,746.4640,4.4640,32.400,72.00,3.1680,14.9760,40.00,9.130475,provider-billed input + output tokens,0.583175,normalized input + visible output tokens,0.01411853315436241572836152606,0.0009597394285714285440074448980,private
view_b,typical,1000000,medium,high,managed,5,0.8277777777777778,0.7777777777777778,1,12007.0080,1066.4640,4.4640,32.400,72.00,3.1680,14.9760,360.0,9.380475,provider-billed input + output tokens,0.833175,normalized input + visible output tokens,0.01450511033557046940925878294,0.001371167999999999960823771429,private
view_b,high,1000000,medium,high,managed,5,0.8277777777777778,0.7777777777777778,1,14527.0080,3586.4640,4.4640,32.400,72.00,3.1680,14.9760,2880.0,11.349225,provider-billed input + output tokens,2.801925,normalized input + visible output tokens,0.01754940563758389214632468087,0.004611167999999999868252342857,private
view_a,not_applicable,1000000,medium,high,private,5,0.7777777777777778,0.8277777777777778,1,11520.00,579.4560,,,,,,,9.00,provider-billed input + output tokens,0.4527,normalized input + visible output tokens,0.01481142857142857100538775510,0.0007000139597315436053687527589,private
view_b,low,1000000,medium,high,private,5,0.7777777777777778,0.8277777777777778,1,11687.0080,746.4640,4.4640,32.400,72.00,3.1680,14.9760,40.00,9.130475,provider-billed input + output tokens,0.583175,normalized input + visible output tokens,0.01502615314285714242782419592,0.0009017685906040268214290311247,private
view_b,typical,1000000,medium,high,private,5,0.7777777777777778,0.8277777777777778,1,12007.0080,1066.4640,4.4640,32.400,72.00,3.1680,14.9760,360.0,9.380475,provider-billed input + output tokens,0.833175,normalized input + visible output tokens,0.01543758171428571384464052245,0.001288345771812080502326288005,private
view_b,high,1000000,medium,high,private,5,0.7777777777777778,0.8277777777777778,1,14527.0080,3586.4640,4.4640,32.400,72.00,3.1680,14.9760,2880.0,11.349225,provider-billed input + output tokens,2.801925,normalized input + visible output tokens,0.01867758171428571375206909388,0.004332641073825503239392185938,private
