view,operations_sensitivity,monthly_requests,token_profile,utilization_tier,quality_sensitivity_path,quality_delta_points,managed_quality_rate,private_quality_rate,replicas,managed_total_usd,private_total_usd,gateway_runtime_usd,network_nat_usd,control_plane_usd,shared_storage_usd,observability_usd,operations_engineering_allocation_usd,managed_cost_per_1m_provider_billed_tokens_usd,managed_token_definition,private_cost_per_1m_normalized_tokens_usd,private_token_definition,managed_cost_per_correct_task_usd,private_cost_per_correct_task_usd,lower_cost_path
view_a,not_applicable,10000,short,low,managed,-5,0.9488888888888889,0.9988888888888889,1,28.80,579.4560,,,,,,,9.00,provider-billed input + output tokens,181.0800,normalized input + visible output tokens,0.003035128805620608863757273939,0.05801005561735261337029971505,managed
view_b,low,10000,short,low,managed,-5,0.9488888888888889,0.9988888888888889,1,195.8080,746.4640,4.4640,32.400,72.00,3.1680,14.9760,40.00,61.1900,provider-billed input + output tokens,233.2700,normalized input + visible output tokens,0.02063550351288056181925639915,0.07472943270300333620990619908,managed
view_b,typical,10000,short,low,managed,-5,0.9488888888888889,0.9988888888888889,1,515.8080,1066.4640,4.4640,32.400,72.00,3.1680,14.9760,360.0,161.1900,provider-billed input + output tokens,333.2700,normalized input + visible output tokens,0.05435915690866510474989277625,0.1067650278086763058201887897,managed
view_b,high,10000,short,low,managed,-5,0.9488888888888889,0.9988888888888889,1,3035.8080,3586.4640,4.4640,32.400,72.00,3.1680,14.9760,2880.0,948.6900,provider-billed input + output tokens,1120.7700,normalized input + visible output tokens,0.3199329274004683803286542459,0.3590453392658509415011641906,managed
view_a,not_applicable,10000,short,low,private,-5,0.9988888888888889,0.9488888888888889,1,28.80,579.4560,,,,,,,9.00,provider-billed input + output tokens,181.0800,normalized input + visible output tokens,0.002883203559510567264925433153,0.06106679156908665033879635165,managed
view_b,low,10000,short,low,private,-5,0.9988888888888889,0.9488888888888889,1,195.8080,746.4640,4.4640,32.400,72.00,3.1680,14.9760,40.00,61.1900,provider-billed input + output tokens,233.2700,normalized input + visible output tokens,0.01960258064516129010453191718,0.07866716627634660329429547686,managed
view_b,typical,10000,short,low,private,-5,0.9988888888888889,0.9488888888888889,1,515.8080,1066.4640,4.4640,32.400,72.00,3.1680,14.9760,360.0,161.1900,provider-billed input + output tokens,333.2700,normalized input + visible output tokens,0.05163817575083425971481450778,0.1123908196721311462249318540,managed
view_b,high,10000,short,low,private,-5,0.9988888888888889,0.9488888888888889,1,3035.8080,3586.4640,4.4640,32.400,72.00,3.1680,14.9760,2880.0,948.6900,provider-billed input + output tokens,1120.7700,normalized input + visible output tokens,0.3039184872080088953957899087,0.3779645901639344218036933236,managed
view_a,not_applicable,10000,short,low,measured,0,0.9988888888888889,0.9988888888888889,1,28.80,579.4560,,,,,,,9.00,provider-billed input + output tokens,181.0800,normalized input + visible output tokens,0.002883203559510567264925433153,0.05801005561735261337029971505,managed
view_b,low,10000,short,low,measured,0,0.9988888888888889,0.9988888888888889,1,195.8080,746.4640,4.4640,32.400,72.00,3.1680,14.9760,40.00,61.1900,provider-billed input + output tokens,233.2700,normalized input + visible output tokens,0.01960258064516129010453191718,0.07472943270300333620990619908,managed
view_b,typical,10000,short,low,measured,0,0.9988888888888889,0.9988888888888889,1,515.8080,1066.4640,4.4640,32.400,72.00,3.1680,14.9760,360.0,161.1900,provider-billed input + output tokens,333.2700,normalized input + visible output tokens,0.05163817575083425971481450778,0.1067650278086763058201887897,managed
view_b,high,10000,short,low,measured,0,0.9988888888888889,0.9988888888888889,1,3035.8080,3586.4640,4.4640,32.400,72.00,3.1680,14.9760,2880.0,948.6900,provider-billed input + output tokens,1120.7700,normalized input + visible output tokens,0.3039184872080088953957899087,0.3590453392658509415011641906,managed
view_a,not_applicable,10000,short,low,managed,5,1,0.9988888888888889,1,28.80,579.4560,,,,,,,9.00,provider-billed input + output tokens,181.0800,normalized input + visible output tokens,0.00288,0.05801005561735261337029971505,managed
view_b,low,10000,short,low,managed,5,1,0.9988888888888889,1,195.8080,746.4640,4.4640,32.400,72.00,3.1680,14.9760,40.00,61.1900,provider-billed input + output tokens,233.2700,normalized input + visible output tokens,0.0195808,0.07472943270300333620990619908,managed
view_b,typical,10000,short,low,managed,5,1,0.9988888888888889,1,515.8080,1066.4640,4.4640,32.400,72.00,3.1680,14.9760,360.0,161.1900,provider-billed input + output tokens,333.2700,normalized input + visible output tokens,0.0515808,0.1067650278086763058201887897,managed
view_b,high,10000,short,low,managed,5,1,0.9988888888888889,1,3035.8080,3586.4640,4.4640,32.400,72.00,3.1680,14.9760,2880.0,948.6900,provider-billed input + output tokens,1120.7700,normalized input + visible output tokens,0.3035808,0.3590453392658509415011641906,managed
view_a,not_applicable,10000,short,low,private,5,0.9988888888888889,1,1,28.80,579.4560,,,,,,,9.00,provider-billed input + output tokens,181.0800,normalized input + visible output tokens,0.002883203559510567264925433153,0.0579456,managed
view_b,low,10000,short,low,private,5,0.9988888888888889,1,1,195.8080,746.4640,4.4640,32.400,72.00,3.1680,14.9760,40.00,61.1900,provider-billed input + output tokens,233.2700,normalized input + visible output tokens,0.01960258064516129010453191718,0.0746464,managed
view_b,typical,10000,short,low,private,5,0.9988888888888889,1,1,515.8080,1066.4640,4.4640,32.400,72.00,3.1680,14.9760,360.0,161.1900,provider-billed input + output tokens,333.2700,normalized input + visible output tokens,0.05163817575083425971481450778,0.1066464,managed
view_b,high,10000,short,low,private,5,0.9988888888888889,1,1,3035.8080,3586.4640,4.4640,32.400,72.00,3.1680,14.9760,2880.0,948.6900,provider-billed input + output tokens,1120.7700,normalized input + visible output tokens,0.3039184872080088953957899087,0.3586464,managed
view_a,not_applicable,10000,short,typical,managed,-5,0.9488888888888889,0.9988888888888889,1,28.80,579.4560,,,,,,,9.00,provider-billed input + output tokens,181.0800,normalized input + visible output tokens,0.003035128805620608863757273939,0.05801005561735261337029971505,managed
view_b,low,10000,short,typical,managed,-5,0.9488888888888889,0.9988888888888889,1,195.8080,746.4640,4.4640,32.400,72.00,3.1680,14.9760,40.00,61.1900,provider-billed input + output tokens,233.2700,normalized input + visible output tokens,0.02063550351288056181925639915,0.07472943270300333620990619908,managed
view_b,typical,10000,short,typical,managed,-5,0.9488888888888889,0.9988888888888889,1,515.8080,1066.4640,4.4640,32.400,72.00,3.1680,14.9760,360.0,161.1900,provider-billed input + output tokens,333.2700,normalized input + visible output tokens,0.05435915690866510474989277625,0.1067650278086763058201887897,managed
view_b,high,10000,short,typical,managed,-5,0.9488888888888889,0.9988888888888889,1,3035.8080,3586.4640,4.4640,32.400,72.00,3.1680,14.9760,2880.0,948.6900,provider-billed input + output tokens,1120.7700,normalized input + visible output tokens,0.3199329274004683803286542459,0.3590453392658509415011641906,managed
view_a,not_applicable,10000,short,typical,private,-5,0.9988888888888889,0.9488888888888889,1,28.80,579.4560,,,,,,,9.00,provider-billed input + output tokens,181.0800,normalized input + visible output tokens,0.002883203559510567264925433153,0.06106679156908665033879635165,managed
view_b,low,10000,short,typical,private,-5,0.9988888888888889,0.9488888888888889,1,195.8080,746.4640,4.4640,32.400,72.00,3.1680,14.9760,40.00,61.1900,provider-billed input + output tokens,233.2700,normalized input + visible output tokens,0.01960258064516129010453191718,0.07866716627634660329429547686,managed
view_b,typical,10000,short,typical,private,-5,0.9988888888888889,0.9488888888888889,1,515.8080,1066.4640,4.4640,32.400,72.00,3.1680,14.9760,360.0,161.1900,provider-billed input + output tokens,333.2700,normalized input + visible output tokens,0.05163817575083425971481450778,0.1123908196721311462249318540,managed
view_b,high,10000,short,typical,private,-5,0.9988888888888889,0.9488888888888889,1,3035.8080,3586.4640,4.4640,32.400,72.00,3.1680,14.9760,2880.0,948.6900,provider-billed input + output tokens,1120.7700,normalized input + visible output tokens,0.3039184872080088953957899087,0.3779645901639344218036933236,managed
view_a,not_applicable,10000,short,typical,measured,0,0.9988888888888889,0.9988888888888889,1,28.80,579.4560,,,,,,,9.00,provider-billed input + output tokens,181.0800,normalized input + visible output tokens,0.002883203559510567264925433153,0.05801005561735261337029971505,managed
view_b,low,10000,short,typical,measured,0,0.9988888888888889,0.9988888888888889,1,195.8080,746.4640,4.4640,32.400,72.00,3.1680,14.9760,40.00,61.1900,provider-billed input + output tokens,233.2700,normalized input + visible output tokens,0.01960258064516129010453191718,0.07472943270300333620990619908,managed
view_b,typical,10000,short,typical,measured,0,0.9988888888888889,0.9988888888888889,1,515.8080,1066.4640,4.4640,32.400,72.00,3.1680,14.9760,360.0,161.1900,provider-billed input + output tokens,333.2700,normalized input + visible output tokens,0.05163817575083425971481450778,0.1067650278086763058201887897,managed
view_b,high,10000,short,typical,measured,0,0.9988888888888889,0.9988888888888889,1,3035.8080,3586.4640,4.4640,32.400,72.00,3.1680,14.9760,2880.0,948.6900,provider-billed input + output tokens,1120.7700,normalized input + visible output tokens,0.3039184872080088953957899087,0.3590453392658509415011641906,managed
view_a,not_applicable,10000,short,typical,managed,5,1,0.9988888888888889,1,28.80,579.4560,,,,,,,9.00,provider-billed input + output tokens,181.0800,normalized input + visible output tokens,0.00288,0.05801005561735261337029971505,managed
view_b,low,10000,short,typical,managed,5,1,0.9988888888888889,1,195.8080,746.4640,4.4640,32.400,72.00,3.1680,14.9760,40.00,61.1900,provider-billed input + output tokens,233.2700,normalized input + visible output tokens,0.0195808,0.07472943270300333620990619908,managed
view_b,typical,10000,short,typical,managed,5,1,0.9988888888888889,1,515.8080,1066.4640,4.4640,32.400,72.00,3.1680,14.9760,360.0,161.1900,provider-billed input + output tokens,333.2700,normalized input + visible output tokens,0.0515808,0.1067650278086763058201887897,managed
view_b,high,10000,short,typical,managed,5,1,0.9988888888888889,1,3035.8080,3586.4640,4.4640,32.400,72.00,3.1680,14.9760,2880.0,948.6900,provider-billed input + output tokens,1120.7700,normalized input + visible output tokens,0.3035808,0.3590453392658509415011641906,managed
view_a,not_applicable,10000,short,typical,private,5,0.9988888888888889,1,1,28.80,579.4560,,,,,,,9.00,provider-billed input + output tokens,181.0800,normalized input + visible output tokens,0.002883203559510567264925433153,0.0579456,managed
view_b,low,10000,short,typical,private,5,0.9988888888888889,1,1,195.8080,746.4640,4.4640,32.400,72.00,3.1680,14.9760,40.00,61.1900,provider-billed input + output tokens,233.2700,normalized input + visible output tokens,0.01960258064516129010453191718,0.0746464,managed
view_b,typical,10000,short,typical,private,5,0.9988888888888889,1,1,515.8080,1066.4640,4.4640,32.400,72.00,3.1680,14.9760,360.0,161.1900,provider-billed input + output tokens,333.2700,normalized input + visible output tokens,0.05163817575083425971481450778,0.1066464,managed
view_b,high,10000,short,typical,private,5,0.9988888888888889,1,1,3035.8080,3586.4640,4.4640,32.400,72.00,3.1680,14.9760,2880.0,948.6900,provider-billed input + output tokens,1120.7700,normalized input + visible output tokens,0.3039184872080088953957899087,0.3586464,managed
view_a,not_applicable,10000,short,high,managed,-5,0.9488888888888889,0.9988888888888889,1,28.80,579.4560,,,,,,,9.00,provider-billed input + output tokens,181.0800,normalized input + visible output tokens,0.003035128805620608863757273939,0.05801005561735261337029971505,managed
view_b,low,10000,short,high,managed,-5,0.9488888888888889,0.9988888888888889,1,195.8080,746.4640,4.4640,32.400,72.00,3.1680,14.9760,40.00,61.1900,provider-billed input + output tokens,233.2700,normalized input + visible output tokens,0.02063550351288056181925639915,0.07472943270300333620990619908,managed
view_b,typical,10000,short,high,managed,-5,0.9488888888888889,0.9988888888888889,1,515.8080,1066.4640,4.4640,32.400,72.00,3.1680,14.9760,360.0,161.1900,provider-billed input + output tokens,333.2700,normalized input + visible output tokens,0.05435915690866510474989277625,0.1067650278086763058201887897,managed
view_b,high,10000,short,high,managed,-5,0.9488888888888889,0.9988888888888889,1,3035.8080,3586.4640,4.4640,32.400,72.00,3.1680,14.9760,2880.0,948.6900,provider-billed input + output tokens,1120.7700,normalized input + visible output tokens,0.3199329274004683803286542459,0.3590453392658509415011641906,managed
view_a,not_applicable,10000,short,high,private,-5,0.9988888888888889,0.9488888888888889,1,28.80,579.4560,,,,,,,9.00,provider-billed input + output tokens,181.0800,normalized input + visible output tokens,0.002883203559510567264925433153,0.06106679156908665033879635165,managed
view_b,low,10000,short,high,private,-5,0.9988888888888889,0.9488888888888889,1,195.8080,746.4640,4.4640,32.400,72.00,3.1680,14.9760,40.00,61.1900,provider-billed input + output tokens,233.2700,normalized input + visible output tokens,0.01960258064516129010453191718,0.07866716627634660329429547686,managed
view_b,typical,10000,short,high,private,-5,0.9988888888888889,0.9488888888888889,1,515.8080,1066.4640,4.4640,32.400,72.00,3.1680,14.9760,360.0,161.1900,provider-billed input + output tokens,333.2700,normalized input + visible output tokens,0.05163817575083425971481450778,0.1123908196721311462249318540,managed
view_b,high,10000,short,high,private,-5,0.9988888888888889,0.9488888888888889,1,3035.8080,3586.4640,4.4640,32.400,72.00,3.1680,14.9760,2880.0,948.6900,provider-billed input + output tokens,1120.7700,normalized input + visible output tokens,0.3039184872080088953957899087,0.3779645901639344218036933236,managed
view_a,not_applicable,10000,short,high,measured,0,0.9988888888888889,0.9988888888888889,1,28.80,579.4560,,,,,,,9.00,provider-billed input + output tokens,181.0800,normalized input + visible output tokens,0.002883203559510567264925433153,0.05801005561735261337029971505,managed
view_b,low,10000,short,high,measured,0,0.9988888888888889,0.9988888888888889,1,195.8080,746.4640,4.4640,32.400,72.00,3.1680,14.9760,40.00,61.1900,provider-billed input + output tokens,233.2700,normalized input + visible output tokens,0.01960258064516129010453191718,0.07472943270300333620990619908,managed
view_b,typical,10000,short,high,measured,0,0.9988888888888889,0.9988888888888889,1,515.8080,1066.4640,4.4640,32.400,72.00,3.1680,14.9760,360.0,161.1900,provider-billed input + output tokens,333.2700,normalized input + visible output tokens,0.05163817575083425971481450778,0.1067650278086763058201887897,managed
view_b,high,10000,short,high,measured,0,0.9988888888888889,0.9988888888888889,1,3035.8080,3586.4640,4.4640,32.400,72.00,3.1680,14.9760,2880.0,948.6900,provider-billed input + output tokens,1120.7700,normalized input + visible output tokens,0.3039184872080088953957899087,0.3590453392658509415011641906,managed
view_a,not_applicable,10000,short,high,managed,5,1,0.9988888888888889,1,28.80,579.4560,,,,,,,9.00,provider-billed input + output tokens,181.0800,normalized input + visible output tokens,0.00288,0.05801005561735261337029971505,managed
view_b,low,10000,short,high,managed,5,1,0.9988888888888889,1,195.8080,746.4640,4.4640,32.400,72.00,3.1680,14.9760,40.00,61.1900,provider-billed input + output tokens,233.2700,normalized input + visible output tokens,0.0195808,0.07472943270300333620990619908,managed
view_b,typical,10000,short,high,managed,5,1,0.9988888888888889,1,515.8080,1066.4640,4.4640,32.400,72.00,3.1680,14.9760,360.0,161.1900,provider-billed input + output tokens,333.2700,normalized input + visible output tokens,0.0515808,0.1067650278086763058201887897,managed
view_b,high,10000,short,high,managed,5,1,0.9988888888888889,1,3035.8080,3586.4640,4.4640,32.400,72.00,3.1680,14.9760,2880.0,948.6900,provider-billed input + output tokens,1120.7700,normalized input + visible output tokens,0.3035808,0.3590453392658509415011641906,managed
view_a,not_applicable,10000,short,high,private,5,0.9988888888888889,1,1,28.80,579.4560,,,,,,,9.00,provider-billed input + output tokens,181.0800,normalized input + visible output tokens,0.002883203559510567264925433153,0.0579456,managed
view_b,low,10000,short,high,private,5,0.9988888888888889,1,1,195.8080,746.4640,4.4640,32.400,72.00,3.1680,14.9760,40.00,61.1900,provider-billed input + output tokens,233.2700,normalized input + visible output tokens,0.01960258064516129010453191718,0.0746464,managed
view_b,typical,10000,short,high,private,5,0.9988888888888889,1,1,515.8080,1066.4640,4.4640,32.400,72.00,3.1680,14.9760,360.0,161.1900,provider-billed input + output tokens,333.2700,normalized input + visible output tokens,0.05163817575083425971481450778,0.1066464,managed
view_b,high,10000,short,high,private,5,0.9988888888888889,1,1,3035.8080,3586.4640,4.4640,32.400,72.00,3.1680,14.9760,2880.0,948.6900,provider-billed input + output tokens,1120.7700,normalized input + visible output tokens,0.3039184872080088953957899087,0.3586464,managed
view_a,not_applicable,10000,medium,low,managed,-5,0.9488888888888889,0.9988888888888889,1,115.20,579.4560,,,,,,,9.00,provider-billed input + output tokens,45.2700,normalized input + visible output tokens,0.01214051522248243545502909576,0.05801005561735261337029971505,managed
view_b,low,10000,medium,low,managed,-5,0.9488888888888889,0.9988888888888889,1,282.2080,746.4640,4.4640,32.400,72.00,3.1680,14.9760,40.00,22.0475,provider-billed input + output tokens,58.3175,normalized input + visible output tokens,0.02974088992974238841052822096,0.07472943270300333620990619908,managed
view_b,typical,10000,medium,low,managed,-5,0.9488888888888889,0.9988888888888889,1,602.2080,1066.4640,4.4640,32.400,72.00,3.1680,14.9760,360.0,47.0475,provider-billed input + output tokens,83.3175,normalized input + visible output tokens,0.06346454332552693134116459806,0.1067650278086763058201887897,managed
view_b,high,10000,medium,low,managed,-5,0.9488888888888889,0.9988888888888889,1,3122.2080,3586.4640,4.4640,32.400,72.00,3.1680,14.9760,2880.0,243.9225,provider-billed input + output tokens,280.1925,normalized input + visible output tokens,0.3290383138173302069199260677,0.3590453392658509415011641906,managed
view_a,not_applicable,10000,medium,low,private,-5,0.9988888888888889,0.9488888888888889,1,115.20,579.4560,,,,,,,9.00,provider-billed input + output tokens,45.2700,normalized input + visible output tokens,0.01153281423804226905970173261,0.06106679156908665033879635165,managed
view_b,low,10000,medium,low,private,-5,0.9988888888888889,0.9488888888888889,1,282.2080,746.4640,4.4640,32.400,72.00,3.1680,14.9760,40.00,22.0475,provider-billed input + output tokens,58.3175,normalized input + visible output tokens,0.02825219132369299189930821664,0.07866716627634660329429547686,managed
view_b,typical,10000,medium,low,private,-5,0.9988888888888889,0.9488888888888889,1,602.2080,1066.4640,4.4640,32.400,72.00,3.1680,14.9760,360.0,47.0475,provider-billed input + output tokens,83.3175,normalized input + visible output tokens,0.06028778642936596150959080724,0.1123908196721311462249318540,managed
view_b,high,10000,medium,low,private,-5,0.9988888888888889,0.9488888888888889,1,3122.2080,3586.4640,4.4640,32.400,72.00,3.1680,14.9760,2880.0,243.9225,provider-billed input + output tokens,280.1925,normalized input + visible output tokens,0.3125680978865405971905662082,0.3779645901639344218036933236,managed
view_a,not_applicable,10000,medium,low,measured,0,0.9988888888888889,0.9988888888888889,1,115.20,579.4560,,,,,,,9.00,provider-billed input + output tokens,45.2700,normalized input + visible output tokens,0.01153281423804226905970173261,0.05801005561735261337029971505,managed
view_b,low,10000,medium,low,measured,0,0.9988888888888889,0.9988888888888889,1,282.2080,746.4640,4.4640,32.400,72.00,3.1680,14.9760,40.00,22.0475,provider-billed input + output tokens,58.3175,normalized input + visible output tokens,0.02825219132369299189930821664,0.07472943270300333620990619908,managed
view_b,typical,10000,medium,low,measured,0,0.9988888888888889,0.9988888888888889,1,602.2080,1066.4640,4.4640,32.400,72.00,3.1680,14.9760,360.0,47.0475,provider-billed input + output tokens,83.3175,normalized input + visible output tokens,0.06028778642936596150959080724,0.1067650278086763058201887897,managed
view_b,high,10000,medium,low,measured,0,0.9988888888888889,0.9988888888888889,1,3122.2080,3586.4640,4.4640,32.400,72.00,3.1680,14.9760,2880.0,243.9225,provider-billed input + output tokens,280.1925,normalized input + visible output tokens,0.3125680978865405971905662082,0.3590453392658509415011641906,managed
view_a,not_applicable,10000,medium,low,managed,5,1,0.9988888888888889,1,115.20,579.4560,,,,,,,9.00,provider-billed input + output tokens,45.2700,normalized input + visible output tokens,0.01152,0.05801005561735261337029971505,managed
view_b,low,10000,medium,low,managed,5,1,0.9988888888888889,1,282.2080,746.4640,4.4640,32.400,72.00,3.1680,14.9760,40.00,22.0475,provider-billed input + output tokens,58.3175,normalized input + visible output tokens,0.0282208,0.07472943270300333620990619908,managed
view_b,typical,10000,medium,low,managed,5,1,0.9988888888888889,1,602.2080,1066.4640,4.4640,32.400,72.00,3.1680,14.9760,360.0,47.0475,provider-billed input + output tokens,83.3175,normalized input + visible output tokens,0.0602208,0.1067650278086763058201887897,managed
view_b,high,10000,medium,low,managed,5,1,0.9988888888888889,1,3122.2080,3586.4640,4.4640,32.400,72.00,3.1680,14.9760,2880.0,243.9225,provider-billed input + output tokens,280.1925,normalized input + visible output tokens,0.3122208,0.3590453392658509415011641906,managed
view_a,not_applicable,10000,medium,low,private,5,0.9988888888888889,1,1,115.20,579.4560,,,,,,,9.00,provider-billed input + output tokens,45.2700,normalized input + visible output tokens,0.01153281423804226905970173261,0.0579456,managed
view_b,low,10000,medium,low,private,5,0.9988888888888889,1,1,282.2080,746.4640,4.4640,32.400,72.00,3.1680,14.9760,40.00,22.0475,provider-billed input + output tokens,58.3175,normalized input + visible output tokens,0.02825219132369299189930821664,0.0746464,managed
view_b,typical,10000,medium,low,private,5,0.9988888888888889,1,1,602.2080,1066.4640,4.4640,32.400,72.00,3.1680,14.9760,360.0,47.0475,provider-billed input + output tokens,83.3175,normalized input + visible output tokens,0.06028778642936596150959080724,0.1066464,managed
view_b,high,10000,medium,low,private,5,0.9988888888888889,1,1,3122.2080,3586.4640,4.4640,32.400,72.00,3.1680,14.9760,2880.0,243.9225,provider-billed input + output tokens,280.1925,normalized input + visible output tokens,0.3125680978865405971905662082,0.3586464,managed
view_a,not_applicable,10000,medium,typical,managed,-5,0.9488888888888889,0.9988888888888889,1,115.20,579.4560,,,,,,,9.00,provider-billed input + output tokens,45.2700,normalized input + visible output tokens,0.01214051522248243545502909576,0.05801005561735261337029971505,managed
view_b,low,10000,medium,typical,managed,-5,0.9488888888888889,0.9988888888888889,1,282.2080,746.4640,4.4640,32.400,72.00,3.1680,14.9760,40.00,22.0475,provider-billed input + output tokens,58.3175,normalized input + visible output tokens,0.02974088992974238841052822096,0.07472943270300333620990619908,managed
view_b,typical,10000,medium,typical,managed,-5,0.9488888888888889,0.9988888888888889,1,602.2080,1066.4640,4.4640,32.400,72.00,3.1680,14.9760,360.0,47.0475,provider-billed input + output tokens,83.3175,normalized input + visible output tokens,0.06346454332552693134116459806,0.1067650278086763058201887897,managed
view_b,high,10000,medium,typical,managed,-5,0.9488888888888889,0.9988888888888889,1,3122.2080,3586.4640,4.4640,32.400,72.00,3.1680,14.9760,2880.0,243.9225,provider-billed input + output tokens,280.1925,normalized input + visible output tokens,0.3290383138173302069199260677,0.3590453392658509415011641906,managed
view_a,not_applicable,10000,medium,typical,private,-5,0.9988888888888889,0.9488888888888889,1,115.20,579.4560,,,,,,,9.00,provider-billed input + output tokens,45.2700,normalized input + visible output tokens,0.01153281423804226905970173261,0.06106679156908665033879635165,managed
view_b,low,10000,medium,typical,private,-5,0.9988888888888889,0.9488888888888889,1,282.2080,746.4640,4.4640,32.400,72.00,3.1680,14.9760,40.00,22.0475,provider-billed input + output tokens,58.3175,normalized input + visible output tokens,0.02825219132369299189930821664,0.07866716627634660329429547686,managed
view_b,typical,10000,medium,typical,private,-5,0.9988888888888889,0.9488888888888889,1,602.2080,1066.4640,4.4640,32.400,72.00,3.1680,14.9760,360.0,47.0475,provider-billed input + output tokens,83.3175,normalized input + visible output tokens,0.06028778642936596150959080724,0.1123908196721311462249318540,managed
view_b,high,10000,medium,typical,private,-5,0.9988888888888889,0.9488888888888889,1,3122.2080,3586.4640,4.4640,32.400,72.00,3.1680,14.9760,2880.0,243.9225,provider-billed input + output tokens,280.1925,normalized input + visible output tokens,0.3125680978865405971905662082,0.3779645901639344218036933236,managed
view_a,not_applicable,10000,medium,typical,measured,0,0.9988888888888889,0.9988888888888889,1,115.20,579.4560,,,,,,,9.00,provider-billed input + output tokens,45.2700,normalized input + visible output tokens,0.01153281423804226905970173261,0.05801005561735261337029971505,managed
view_b,low,10000,medium,typical,measured,0,0.9988888888888889,0.9988888888888889,1,282.2080,746.4640,4.4640,32.400,72.00,3.1680,14.9760,40.00,22.0475,provider-billed input + output tokens,58.3175,normalized input + visible output tokens,0.02825219132369299189930821664,0.07472943270300333620990619908,managed
view_b,typical,10000,medium,typical,measured,0,0.9988888888888889,0.9988888888888889,1,602.2080,1066.4640,4.4640,32.400,72.00,3.1680,14.9760,360.0,47.0475,provider-billed input + output tokens,83.3175,normalized input + visible output tokens,0.06028778642936596150959080724,0.1067650278086763058201887897,managed
view_b,high,10000,medium,typical,measured,0,0.9988888888888889,0.9988888888888889,1,3122.2080,3586.4640,4.4640,32.400,72.00,3.1680,14.9760,2880.0,243.9225,provider-billed input + output tokens,280.1925,normalized input + visible output tokens,0.3125680978865405971905662082,0.3590453392658509415011641906,managed
view_a,not_applicable,10000,medium,typical,managed,5,1,0.9988888888888889,1,115.20,579.4560,,,,,,,9.00,provider-billed input + output tokens,45.2700,normalized input + visible output tokens,0.01152,0.05801005561735261337029971505,managed
view_b,low,10000,medium,typical,managed,5,1,0.9988888888888889,1,282.2080,746.4640,4.4640,32.400,72.00,3.1680,14.9760,40.00,22.0475,provider-billed input + output tokens,58.3175,normalized input + visible output tokens,0.0282208,0.07472943270300333620990619908,managed
view_b,typical,10000,medium,typical,managed,5,1,0.9988888888888889,1,602.2080,1066.4640,4.4640,32.400,72.00,3.1680,14.9760,360.0,47.0475,provider-billed input + output tokens,83.3175,normalized input + visible output tokens,0.0602208,0.1067650278086763058201887897,managed
view_b,high,10000,medium,typical,managed,5,1,0.9988888888888889,1,3122.2080,3586.4640,4.4640,32.400,72.00,3.1680,14.9760,2880.0,243.9225,provider-billed input + output tokens,280.1925,normalized input + visible output tokens,0.3122208,0.3590453392658509415011641906,managed
view_a,not_applicable,10000,medium,typical,private,5,0.9988888888888889,1,1,115.20,579.4560,,,,,,,9.00,provider-billed input + output tokens,45.2700,normalized input + visible output tokens,0.01153281423804226905970173261,0.0579456,managed
view_b,low,10000,medium,typical,private,5,0.9988888888888889,1,1,282.2080,746.4640,4.4640,32.400,72.00,3.1680,14.9760,40.00,22.0475,provider-billed input + output tokens,58.3175,normalized input + visible output tokens,0.02825219132369299189930821664,0.0746464,managed
view_b,typical,10000,medium,typical,private,5,0.9988888888888889,1,1,602.2080,1066.4640,4.4640,32.400,72.00,3.1680,14.9760,360.0,47.0475,provider-billed input + output tokens,83.3175,normalized input + visible output tokens,0.06028778642936596150959080724,0.1066464,managed
view_b,high,10000,medium,typical,private,5,0.9988888888888889,1,1,3122.2080,3586.4640,4.4640,32.400,72.00,3.1680,14.9760,2880.0,243.9225,provider-billed input + output tokens,280.1925,normalized input + visible output tokens,0.3125680978865405971905662082,0.3586464,managed
view_a,not_applicable,10000,medium,high,managed,-5,0.9488888888888889,0.9988888888888889,1,115.20,579.4560,,,,,,,9.00,provider-billed input + output tokens,45.2700,normalized input + visible output tokens,0.01214051522248243545502909576,0.05801005561735261337029971505,managed
view_b,low,10000,medium,high,managed,-5,0.9488888888888889,0.9988888888888889,1,282.2080,746.4640,4.4640,32.400,72.00,3.1680,14.9760,40.00,22.0475,provider-billed input + output tokens,58.3175,normalized input + visible output tokens,0.02974088992974238841052822096,0.07472943270300333620990619908,managed
view_b,typical,10000,medium,high,managed,-5,0.9488888888888889,0.9988888888888889,1,602.2080,1066.4640,4.4640,32.400,72.00,3.1680,14.9760,360.0,47.0475,provider-billed input + output tokens,83.3175,normalized input + visible output tokens,0.06346454332552693134116459806,0.1067650278086763058201887897,managed
view_b,high,10000,medium,high,managed,-5,0.9488888888888889,0.9988888888888889,1,3122.2080,3586.4640,4.4640,32.400,72.00,3.1680,14.9760,2880.0,243.9225,provider-billed input + output tokens,280.1925,normalized input + visible output tokens,0.3290383138173302069199260677,0.3590453392658509415011641906,managed
view_a,not_applicable,10000,medium,high,private,-5,0.9988888888888889,0.9488888888888889,1,115.20,579.4560,,,,,,,9.00,provider-billed input + output tokens,45.2700,normalized input + visible output tokens,0.01153281423804226905970173261,0.06106679156908665033879635165,managed
view_b,low,10000,medium,high,private,-5,0.9988888888888889,0.9488888888888889,1,282.2080,746.4640,4.4640,32.400,72.00,3.1680,14.9760,40.00,22.0475,provider-billed input + output tokens,58.3175,normalized input + visible output tokens,0.02825219132369299189930821664,0.07866716627634660329429547686,managed
view_b,typical,10000,medium,high,private,-5,0.9988888888888889,0.9488888888888889,1,602.2080,1066.4640,4.4640,32.400,72.00,3.1680,14.9760,360.0,47.0475,provider-billed input + output tokens,83.3175,normalized input + visible output tokens,0.06028778642936596150959080724,0.1123908196721311462249318540,managed
view_b,high,10000,medium,high,private,-5,0.9988888888888889,0.9488888888888889,1,3122.2080,3586.4640,4.4640,32.400,72.00,3.1680,14.9760,2880.0,243.9225,provider-billed input + output tokens,280.1925,normalized input + visible output tokens,0.3125680978865405971905662082,0.3779645901639344218036933236,managed
view_a,not_applicable,10000,medium,high,measured,0,0.9988888888888889,0.9988888888888889,1,115.20,579.4560,,,,,,,9.00,provider-billed input + output tokens,45.2700,normalized input + visible output tokens,0.01153281423804226905970173261,0.05801005561735261337029971505,managed
view_b,low,10000,medium,high,measured,0,0.9988888888888889,0.9988888888888889,1,282.2080,746.4640,4.4640,32.400,72.00,3.1680,14.9760,40.00,22.0475,provider-billed input + output tokens,58.3175,normalized input + visible output tokens,0.02825219132369299189930821664,0.07472943270300333620990619908,managed
view_b,typical,10000,medium,high,measured,0,0.9988888888888889,0.9988888888888889,1,602.2080,1066.4640,4.4640,32.400,72.00,3.1680,14.9760,360.0,47.0475,provider-billed input + output tokens,83.3175,normalized input + visible output tokens,0.06028778642936596150959080724,0.1067650278086763058201887897,managed
view_b,high,10000,medium,high,measured,0,0.9988888888888889,0.9988888888888889,1,3122.2080,3586.4640,4.4640,32.400,72.00,3.1680,14.9760,2880.0,243.9225,provider-billed input + output tokens,280.1925,normalized input + visible output tokens,0.3125680978865405971905662082,0.3590453392658509415011641906,managed
view_a,not_applicable,10000,medium,high,managed,5,1,0.9988888888888889,1,115.20,579.4560,,,,,,,9.00,provider-billed input + output tokens,45.2700,normalized input + visible output tokens,0.01152,0.05801005561735261337029971505,managed
view_b,low,10000,medium,high,managed,5,1,0.9988888888888889,1,282.2080,746.4640,4.4640,32.400,72.00,3.1680,14.9760,40.00,22.0475,provider-billed input + output tokens,58.3175,normalized input + visible output tokens,0.0282208,0.07472943270300333620990619908,managed
view_b,typical,10000,medium,high,managed,5,1,0.9988888888888889,1,602.2080,1066.4640,4.4640,32.400,72.00,3.1680,14.9760,360.0,47.0475,provider-billed input + output tokens,83.3175,normalized input + visible output tokens,0.0602208,0.1067650278086763058201887897,managed
view_b,high,10000,medium,high,managed,5,1,0.9988888888888889,1,3122.2080,3586.4640,4.4640,32.400,72.00,3.1680,14.9760,2880.0,243.9225,provider-billed input + output tokens,280.1925,normalized input + visible output tokens,0.3122208,0.3590453392658509415011641906,managed
view_a,not_applicable,10000,medium,high,private,5,0.9988888888888889,1,1,115.20,579.4560,,,,,,,9.00,provider-billed input + output tokens,45.2700,normalized input + visible output tokens,0.01153281423804226905970173261,0.0579456,managed
view_b,low,10000,medium,high,private,5,0.9988888888888889,1,1,282.2080,746.4640,4.4640,32.400,72.00,3.1680,14.9760,40.00,22.0475,provider-billed input + output tokens,58.3175,normalized input + visible output tokens,0.02825219132369299189930821664,0.0746464,managed
view_b,typical,10000,medium,high,private,5,0.9988888888888889,1,1,602.2080,1066.4640,4.4640,32.400,72.00,3.1680,14.9760,360.0,47.0475,provider-billed input + output tokens,83.3175,normalized input + visible output tokens,0.06028778642936596150959080724,0.1066464,managed
view_b,high,10000,medium,high,private,5,0.9988888888888889,1,1,3122.2080,3586.4640,4.4640,32.400,72.00,3.1680,14.9760,2880.0,243.9225,provider-billed input + output tokens,280.1925,normalized input + visible output tokens,0.3125680978865405971905662082,0.3586464,managed
view_a,not_applicable,50000,short,low,managed,-5,0.9488888888888889,0.9988888888888889,1,144.00,579.4560,,,,,,,9.00,provider-billed input + output tokens,36.2160,normalized input + visible output tokens,0.003035128805620608863757273939,0.01160201112347052267405994301,managed
view_b,low,50000,short,low,managed,-5,0.9488888888888889,0.9988888888888889,1,311.0080,746.4640,4.4640,32.400,72.00,3.1680,14.9760,40.00,19.4380,provider-billed input + output tokens,46.6540,normalized input + visible output tokens,0.006555203747072599454857098980,0.01494588654060066724198123982,managed
view_b,typical,50000,short,low,managed,-5,0.9488888888888889,0.9988888888888889,1,631.0080,1066.4640,4.4640,32.400,72.00,3.1680,14.9760,360.0,39.4380,provider-billed input + output tokens,66.6540,normalized input + visible output tokens,0.01329993442622950804098437440,0.02135300556173526116403775793,managed
view_b,high,50000,short,low,managed,-5,0.9488888888888889,0.9988888888888889,1,3151.0080,3586.4640,4.4640,32.400,72.00,3.1680,14.9760,2880.0,196.9380,provider-billed input + output tokens,224.1540,normalized input + visible output tokens,0.06641468852459016315673666833,0.07180906785317018830023283812,managed
view_a,not_applicable,50000,short,low,private,-5,0.9988888888888889,0.9488888888888889,1,144.00,579.4560,,,,,,,9.00,provider-billed input + output tokens,36.2160,normalized input + visible output tokens,0.002883203559510567264925433153,0.01221335831381733006775927033,managed
view_b,low,50000,short,low,private,-5,0.9988888888888889,0.9488888888888889,1,311.0080,746.4640,4.4640,32.400,72.00,3.1680,14.9760,40.00,19.4380,provider-billed input + output tokens,46.6540,normalized input + visible output tokens,0.006227078976640711832846729960,0.01573343325526932065885909537,managed
view_b,typical,50000,short,low,private,-5,0.9988888888888889,0.9488888888888889,1,631.0080,1066.4640,4.4640,32.400,72.00,3.1680,14.9760,360.0,39.4380,provider-billed input + output tokens,66.6540,normalized input + visible output tokens,0.01263419799777530575490324808,0.02247816393442622924498637079,managed
view_b,high,50000,short,low,private,-5,0.9988888888888889,0.9488888888888889,1,3151.0080,3586.4640,4.4640,32.400,72.00,3.1680,14.9760,2880.0,196.9380,provider-billed input + output tokens,224.1540,normalized input + visible output tokens,0.06309026028921023289109832826,0.07559291803278688436073866472,managed
view_a,not_applicable,50000,short,low,measured,0,0.9988888888888889,0.9988888888888889,1,144.00,579.4560,,,,,,,9.00,provider-billed input + output tokens,36.2160,normalized input + visible output tokens,0.002883203559510567264925433153,0.01160201112347052267405994301,managed
view_b,low,50000,short,low,measured,0,0.9988888888888889,0.9988888888888889,1,311.0080,746.4640,4.4640,32.400,72.00,3.1680,14.9760,40.00,19.4380,provider-billed input + output tokens,46.6540,normalized input + visible output tokens,0.006227078976640711832846729960,0.01494588654060066724198123982,managed
view_b,typical,50000,short,low,measured,0,0.9988888888888889,0.9988888888888889,1,631.0080,1066.4640,4.4640,32.400,72.00,3.1680,14.9760,360.0,39.4380,provider-billed input + output tokens,66.6540,normalized input + visible output tokens,0.01263419799777530575490324808,0.02135300556173526116403775793,managed
view_b,high,50000,short,low,measured,0,0.9988888888888889,0.9988888888888889,1,3151.0080,3586.4640,4.4640,32.400,72.00,3.1680,14.9760,2880.0,196.9380,provider-billed input + output tokens,224.1540,normalized input + visible output tokens,0.06309026028921023289109832826,0.07180906785317018830023283812,managed
view_a,not_applicable,50000,short,low,managed,5,1,0.9988888888888889,1,144.00,579.4560,,,,,,,9.00,provider-billed input + output tokens,36.2160,normalized input + visible output tokens,0.00288,0.01160201112347052267405994301,managed
view_b,low,50000,short,low,managed,5,1,0.9988888888888889,1,311.0080,746.4640,4.4640,32.400,72.00,3.1680,14.9760,40.00,19.4380,provider-billed input + output tokens,46.6540,normalized input + visible output tokens,0.00622016,0.01494588654060066724198123982,managed
view_b,typical,50000,short,low,managed,5,1,0.9988888888888889,1,631.0080,1066.4640,4.4640,32.400,72.00,3.1680,14.9760,360.0,39.4380,provider-billed input + output tokens,66.6540,normalized input + visible output tokens,0.01262016,0.02135300556173526116403775793,managed
view_b,high,50000,short,low,managed,5,1,0.9988888888888889,1,3151.0080,3586.4640,4.4640,32.400,72.00,3.1680,14.9760,2880.0,196.9380,provider-billed input + output tokens,224.1540,normalized input + visible output tokens,0.06302016,0.07180906785317018830023283812,managed
view_a,not_applicable,50000,short,low,private,5,0.9988888888888889,1,1,144.00,579.4560,,,,,,,9.00,provider-billed input + output tokens,36.2160,normalized input + visible output tokens,0.002883203559510567264925433153,0.01158912,managed
view_b,low,50000,short,low,private,5,0.9988888888888889,1,1,311.0080,746.4640,4.4640,32.400,72.00,3.1680,14.9760,40.00,19.4380,provider-billed input + output tokens,46.6540,normalized input + visible output tokens,0.006227078976640711832846729960,0.01492928,managed
view_b,typical,50000,short,low,private,5,0.9988888888888889,1,1,631.0080,1066.4640,4.4640,32.400,72.00,3.1680,14.9760,360.0,39.4380,provider-billed input + output tokens,66.6540,normalized input + visible output tokens,0.01263419799777530575490324808,0.02132928,managed
view_b,high,50000,short,low,private,5,0.9988888888888889,1,1,3151.0080,3586.4640,4.4640,32.400,72.00,3.1680,14.9760,2880.0,196.9380,provider-billed input + output tokens,224.1540,normalized input + visible output tokens,0.06309026028921023289109832826,0.07172928,managed
view_a,not_applicable,50000,short,typical,managed,-5,0.9488888888888889,0.9988888888888889,1,144.00,579.4560,,,,,,,9.00,provider-billed input + output tokens,36.2160,normalized input + visible output tokens,0.003035128805620608863757273939,0.01160201112347052267405994301,managed
view_b,low,50000,short,typical,managed,-5,0.9488888888888889,0.9988888888888889,1,311.0080,746.4640,4.4640,32.400,72.00,3.1680,14.9760,40.00,19.4380,provider-billed input + output tokens,46.6540,normalized input + visible output tokens,0.006555203747072599454857098980,0.01494588654060066724198123982,managed
view_b,typical,50000,short,typical,managed,-5,0.9488888888888889,0.9988888888888889,1,631.0080,1066.4640,4.4640,32.400,72.00,3.1680,14.9760,360.0,39.4380,provider-billed input + output tokens,66.6540,normalized input + visible output tokens,0.01329993442622950804098437440,0.02135300556173526116403775793,managed
view_b,high,50000,short,typical,managed,-5,0.9488888888888889,0.9988888888888889,1,3151.0080,3586.4640,4.4640,32.400,72.00,3.1680,14.9760,2880.0,196.9380,provider-billed input + output tokens,224.1540,normalized input + visible output tokens,0.06641468852459016315673666833,0.07180906785317018830023283812,managed
view_a,not_applicable,50000,short,typical,private,-5,0.9988888888888889,0.9488888888888889,1,144.00,579.4560,,,,,,,9.00,provider-billed input + output tokens,36.2160,normalized input + visible output tokens,0.002883203559510567264925433153,0.01221335831381733006775927033,managed
view_b,low,50000,short,typical,private,-5,0.9988888888888889,0.9488888888888889,1,311.0080,746.4640,4.4640,32.400,72.00,3.1680,14.9760,40.00,19.4380,provider-billed input + output tokens,46.6540,normalized input + visible output tokens,0.006227078976640711832846729960,0.01573343325526932065885909537,managed
view_b,typical,50000,short,typical,private,-5,0.9988888888888889,0.9488888888888889,1,631.0080,1066.4640,4.4640,32.400,72.00,3.1680,14.9760,360.0,39.4380,provider-billed input + output tokens,66.6540,normalized input + visible output tokens,0.01263419799777530575490324808,0.02247816393442622924498637079,managed
view_b,high,50000,short,typical,private,-5,0.9988888888888889,0.9488888888888889,1,3151.0080,3586.4640,4.4640,32.400,72.00,3.1680,14.9760,2880.0,196.9380,provider-billed input + output tokens,224.1540,normalized input + visible output tokens,0.06309026028921023289109832826,0.07559291803278688436073866472,managed
view_a,not_applicable,50000,short,typical,measured,0,0.9988888888888889,0.9988888888888889,1,144.00,579.4560,,,,,,,9.00,provider-billed input + output tokens,36.2160,normalized input + visible output tokens,0.002883203559510567264925433153,0.01160201112347052267405994301,managed
view_b,low,50000,short,typical,measured,0,0.9988888888888889,0.9988888888888889,1,311.0080,746.4640,4.4640,32.400,72.00,3.1680,14.9760,40.00,19.4380,provider-billed input + output tokens,46.6540,normalized input + visible output tokens,0.006227078976640711832846729960,0.01494588654060066724198123982,managed
view_b,typical,50000,short,typical,measured,0,0.9988888888888889,0.9988888888888889,1,631.0080,1066.4640,4.4640,32.400,72.00,3.1680,14.9760,360.0,39.4380,provider-billed input + output tokens,66.6540,normalized input + visible output tokens,0.01263419799777530575490324808,0.02135300556173526116403775793,managed
view_b,high,50000,short,typical,measured,0,0.9988888888888889,0.9988888888888889,1,3151.0080,3586.4640,4.4640,32.400,72.00,3.1680,14.9760,2880.0,196.9380,provider-billed input + output tokens,224.1540,normalized input + visible output tokens,0.06309026028921023289109832826,0.07180906785317018830023283812,managed
view_a,not_applicable,50000,short,typical,managed,5,1,0.9988888888888889,1,144.00,579.4560,,,,,,,9.00,provider-billed input + output tokens,36.2160,normalized input + visible output tokens,0.00288,0.01160201112347052267405994301,managed
view_b,low,50000,short,typical,managed,5,1,0.9988888888888889,1,311.0080,746.4640,4.4640,32.400,72.00,3.1680,14.9760,40.00,19.4380,provider-billed input + output tokens,46.6540,normalized input + visible output tokens,0.00622016,0.01494588654060066724198123982,managed
view_b,typical,50000,short,typical,managed,5,1,0.9988888888888889,1,631.0080,1066.4640,4.4640,32.400,72.00,3.1680,14.9760,360.0,39.4380,provider-billed input + output tokens,66.6540,normalized input + visible output tokens,0.01262016,0.02135300556173526116403775793,managed
view_b,high,50000,short,typical,managed,5,1,0.9988888888888889,1,3151.0080,3586.4640,4.4640,32.400,72.00,3.1680,14.9760,2880.0,196.9380,provider-billed input + output tokens,224.1540,normalized input + visible output tokens,0.06302016,0.07180906785317018830023283812,managed
view_a,not_applicable,50000,short,typical,private,5,0.9988888888888889,1,1,144.00,579.4560,,,,,,,9.00,provider-billed input + output tokens,36.2160,normalized input + visible output tokens,0.002883203559510567264925433153,0.01158912,managed
view_b,low,50000,short,typical,private,5,0.9988888888888889,1,1,311.0080,746.4640,4.4640,32.400,72.00,3.1680,14.9760,40.00,19.4380,provider-billed input + output tokens,46.6540,normalized input + visible output tokens,0.006227078976640711832846729960,0.01492928,managed
view_b,typical,50000,short,typical,private,5,0.9988888888888889,1,1,631.0080,1066.4640,4.4640,32.400,72.00,3.1680,14.9760,360.0,39.4380,provider-billed input + output tokens,66.6540,normalized input + visible output tokens,0.01263419799777530575490324808,0.02132928,managed
view_b,high,50000,short,typical,private,5,0.9988888888888889,1,1,3151.0080,3586.4640,4.4640,32.400,72.00,3.1680,14.9760,2880.0,196.9380,provider-billed input + output tokens,224.1540,normalized input + visible output tokens,0.06309026028921023289109832826,0.07172928,managed
view_a,not_applicable,50000,short,high,managed,-5,0.9488888888888889,0.9988888888888889,1,144.00,579.4560,,,,,,,9.00,provider-billed input + output tokens,36.2160,normalized input + visible output tokens,0.003035128805620608863757273939,0.01160201112347052267405994301,managed
view_b,low,50000,short,high,managed,-5,0.9488888888888889,0.9988888888888889,1,311.0080,746.4640,4.4640,32.400,72.00,3.1680,14.9760,40.00,19.4380,provider-billed input + output tokens,46.6540,normalized input + visible output tokens,0.006555203747072599454857098980,0.01494588654060066724198123982,managed
view_b,typical,50000,short,high,managed,-5,0.9488888888888889,0.9988888888888889,1,631.0080,1066.4640,4.4640,32.400,72.00,3.1680,14.9760,360.0,39.4380,provider-billed input + output tokens,66.6540,normalized input + visible output tokens,0.01329993442622950804098437440,0.02135300556173526116403775793,managed
view_b,high,50000,short,high,managed,-5,0.9488888888888889,0.9988888888888889,1,3151.0080,3586.4640,4.4640,32.400,72.00,3.1680,14.9760,2880.0,196.9380,provider-billed input + output tokens,224.1540,normalized input + visible output tokens,0.06641468852459016315673666833,0.07180906785317018830023283812,managed
view_a,not_applicable,50000,short,high,private,-5,0.9988888888888889,0.9488888888888889,1,144.00,579.4560,,,,,,,9.00,provider-billed input + output tokens,36.2160,normalized input + visible output tokens,0.002883203559510567264925433153,0.01221335831381733006775927033,managed
view_b,low,50000,short,high,private,-5,0.9988888888888889,0.9488888888888889,1,311.0080,746.4640,4.4640,32.400,72.00,3.1680,14.9760,40.00,19.4380,provider-billed input + output tokens,46.6540,normalized input + visible output tokens,0.006227078976640711832846729960,0.01573343325526932065885909537,managed
view_b,typical,50000,short,high,private,-5,0.9988888888888889,0.9488888888888889,1,631.0080,1066.4640,4.4640,32.400,72.00,3.1680,14.9760,360.0,39.4380,provider-billed input + output tokens,66.6540,normalized input + visible output tokens,0.01263419799777530575490324808,0.02247816393442622924498637079,managed
view_b,high,50000,short,high,private,-5,0.9988888888888889,0.9488888888888889,1,3151.0080,3586.4640,4.4640,32.400,72.00,3.1680,14.9760,2880.0,196.9380,provider-billed input + output tokens,224.1540,normalized input + visible output tokens,0.06309026028921023289109832826,0.07559291803278688436073866472,managed
view_a,not_applicable,50000,short,high,measured,0,0.9988888888888889,0.9988888888888889,1,144.00,579.4560,,,,,,,9.00,provider-billed input + output tokens,36.2160,normalized input + visible output tokens,0.002883203559510567264925433153,0.01160201112347052267405994301,managed
view_b,low,50000,short,high,measured,0,0.9988888888888889,0.9988888888888889,1,311.0080,746.4640,4.4640,32.400,72.00,3.1680,14.9760,40.00,19.4380,provider-billed input + output tokens,46.6540,normalized input + visible output tokens,0.006227078976640711832846729960,0.01494588654060066724198123982,managed
view_b,typical,50000,short,high,measured,0,0.9988888888888889,0.9988888888888889,1,631.0080,1066.4640,4.4640,32.400,72.00,3.1680,14.9760,360.0,39.4380,provider-billed input + output tokens,66.6540,normalized input + visible output tokens,0.01263419799777530575490324808,0.02135300556173526116403775793,managed
view_b,high,50000,short,high,measured,0,0.9988888888888889,0.9988888888888889,1,3151.0080,3586.4640,4.4640,32.400,72.00,3.1680,14.9760,2880.0,196.9380,provider-billed input + output tokens,224.1540,normalized input + visible output tokens,0.06309026028921023289109832826,0.07180906785317018830023283812,managed
view_a,not_applicable,50000,short,high,managed,5,1,0.9988888888888889,1,144.00,579.4560,,,,,,,9.00,provider-billed input + output tokens,36.2160,normalized input + visible output tokens,0.00288,0.01160201112347052267405994301,managed
view_b,low,50000,short,high,managed,5,1,0.9988888888888889,1,311.0080,746.4640,4.4640,32.400,72.00,3.1680,14.9760,40.00,19.4380,provider-billed input + output tokens,46.6540,normalized input + visible output tokens,0.00622016,0.01494588654060066724198123982,managed
view_b,typical,50000,short,high,managed,5,1,0.9988888888888889,1,631.0080,1066.4640,4.4640,32.400,72.00,3.1680,14.9760,360.0,39.4380,provider-billed input + output tokens,66.6540,normalized input + visible output tokens,0.01262016,0.02135300556173526116403775793,managed
view_b,high,50000,short,high,managed,5,1,0.9988888888888889,1,3151.0080,3586.4640,4.4640,32.400,72.00,3.1680,14.9760,2880.0,196.9380,provider-billed input + output tokens,224.1540,normalized input + visible output tokens,0.06302016,0.07180906785317018830023283812,managed
view_a,not_applicable,50000,short,high,private,5,0.9988888888888889,1,1,144.00,579.4560,,,,,,,9.00,provider-billed input + output tokens,36.2160,normalized input + visible output tokens,0.002883203559510567264925433153,0.01158912,managed
view_b,low,50000,short,high,private,5,0.9988888888888889,1,1,311.0080,746.4640,4.4640,32.400,72.00,3.1680,14.9760,40.00,19.4380,provider-billed input + output tokens,46.6540,normalized input + visible output tokens,0.006227078976640711832846729960,0.01492928,managed
view_b,typical,50000,short,high,private,5,0.9988888888888889,1,1,631.0080,1066.4640,4.4640,32.400,72.00,3.1680,14.9760,360.0,39.4380,provider-billed input + output tokens,66.6540,normalized input + visible output tokens,0.01263419799777530575490324808,0.02132928,managed
view_b,high,50000,short,high,private,5,0.9988888888888889,1,1,3151.0080,3586.4640,4.4640,32.400,72.00,3.1680,14.9760,2880.0,196.9380,provider-billed input + output tokens,224.1540,normalized input + visible output tokens,0.06309026028921023289109832826,0.07172928,managed
view_a,not_applicable,50000,medium,low,managed,-5,0.9488888888888889,0.9988888888888889,1,576.00,579.4560,,,,,,,9.00,provider-billed input + output tokens,9.0540,normalized input + visible output tokens,0.01214051522248243545502909576,0.01160201112347052267405994301,private
view_b,low,50000,medium,low,managed,-5,0.9488888888888889,0.9988888888888889,1,743.0080,746.4640,4.4640,32.400,72.00,3.1680,14.9760,40.00,11.6095,provider-billed input + output tokens,11.6635,normalized input + visible output tokens,0.01566059016393442604612892080,0.01494588654060066724198123982,private
view_b,typical,50000,medium,low,managed,-5,0.9488888888888889,0.9988888888888889,1,1063.0080,1066.4640,4.4640,32.400,72.00,3.1680,14.9760,360.0,16.6095,provider-billed input + output tokens,16.6635,normalized input + visible output tokens,0.02240532084309133463225619622,0.02135300556173526116403775793,private
view_b,high,50000,medium,low,managed,-5,0.9488888888888889,0.9988888888888889,1,3583.0080,3586.4640,4.4640,32.400,72.00,3.1680,14.9760,2880.0,55.9845,provider-billed input + output tokens,56.0385,normalized input + visible output tokens,0.07552007494145198974800849015,0.07180906785317018830023283812,private
view_a,not_applicable,50000,medium,low,private,-5,0.9988888888888889,0.9488888888888889,1,576.00,579.4560,,,,,,,9.00,provider-billed input + output tokens,9.0540,normalized input + visible output tokens,0.01153281423804226905970173261,0.01221335831381733006775927033,managed
view_b,low,50000,medium,low,private,-5,0.9988888888888889,0.9488888888888889,1,743.0080,746.4640,4.4640,32.400,72.00,3.1680,14.9760,40.00,11.6095,provider-billed input + output tokens,11.6635,normalized input + visible output tokens,0.01487668965517241362762302942,0.01573343325526932065885909537,managed
view_b,typical,50000,medium,low,private,-5,0.9988888888888889,0.9488888888888889,1,1063.0080,1066.4640,4.4640,32.400,72.00,3.1680,14.9760,360.0,16.6095,provider-billed input + output tokens,16.6635,normalized input + visible output tokens,0.02128380867630700754967954754,0.02247816393442622924498637079,managed
view_b,high,50000,medium,low,private,-5,0.9988888888888889,0.9488888888888889,1,3583.0080,3586.4640,4.4640,32.400,72.00,3.1680,14.9760,2880.0,55.9845,provider-billed input + output tokens,56.0385,normalized input + visible output tokens,0.07173987096774193468587462772,0.07559291803278688436073866472,managed
view_a,not_applicable,50000,medium,low,measured,0,0.9988888888888889,0.9988888888888889,1,576.00,579.4560,,,,,,,9.00,provider-billed input + output tokens,9.0540,normalized input + visible output tokens,0.01153281423804226905970173261,0.01160201112347052267405994301,managed
view_b,low,50000,medium,low,measured,0,0.9988888888888889,0.9988888888888889,1,743.0080,746.4640,4.4640,32.400,72.00,3.1680,14.9760,40.00,11.6095,provider-billed input + output tokens,11.6635,normalized input + visible output tokens,0.01487668965517241362762302942,0.01494588654060066724198123982,managed
view_b,typical,50000,medium,low,measured,0,0.9988888888888889,0.9988888888888889,1,1063.0080,1066.4640,4.4640,32.400,72.00,3.1680,14.9760,360.0,16.6095,provider-billed input + output tokens,16.6635,normalized input + visible output tokens,0.02128380867630700754967954754,0.02135300556173526116403775793,managed
view_b,high,50000,medium,low,measured,0,0.9988888888888889,0.9988888888888889,1,3583.0080,3586.4640,4.4640,32.400,72.00,3.1680,14.9760,2880.0,55.9845,provider-billed input + output tokens,56.0385,normalized input + visible output tokens,0.07173987096774193468587462772,0.07180906785317018830023283812,managed
view_a,not_applicable,50000,medium,low,managed,5,1,0.9988888888888889,1,576.00,579.4560,,,,,,,9.00,provider-billed input + output tokens,9.0540,normalized input + visible output tokens,0.01152,0.01160201112347052267405994301,managed
view_b,low,50000,medium,low,managed,5,1,0.9988888888888889,1,743.0080,746.4640,4.4640,32.400,72.00,3.1680,14.9760,40.00,11.6095,provider-billed input + output tokens,11.6635,normalized input + visible output tokens,0.01486016,0.01494588654060066724198123982,managed
view_b,typical,50000,medium,low,managed,5,1,0.9988888888888889,1,1063.0080,1066.4640,4.4640,32.400,72.00,3.1680,14.9760,360.0,16.6095,provider-billed input + output tokens,16.6635,normalized input + visible output tokens,0.02126016,0.02135300556173526116403775793,managed
view_b,high,50000,medium,low,managed,5,1,0.9988888888888889,1,3583.0080,3586.4640,4.4640,32.400,72.00,3.1680,14.9760,2880.0,55.9845,provider-billed input + output tokens,56.0385,normalized input + visible output tokens,0.07166016,0.07180906785317018830023283812,managed
view_a,not_applicable,50000,medium,low,private,5,0.9988888888888889,1,1,576.00,579.4560,,,,,,,9.00,provider-billed input + output tokens,9.0540,normalized input + visible output tokens,0.01153281423804226905970173261,0.01158912,managed
view_b,low,50000,medium,low,private,5,0.9988888888888889,1,1,743.0080,746.4640,4.4640,32.400,72.00,3.1680,14.9760,40.00,11.6095,provider-billed input + output tokens,11.6635,normalized input + visible output tokens,0.01487668965517241362762302942,0.01492928,managed
view_b,typical,50000,medium,low,private,5,0.9988888888888889,1,1,1063.0080,1066.4640,4.4640,32.400,72.00,3.1680,14.9760,360.0,16.6095,provider-billed input + output tokens,16.6635,normalized input + visible output tokens,0.02128380867630700754967954754,0.02132928,managed
view_b,high,50000,medium,low,private,5,0.9988888888888889,1,1,3583.0080,3586.4640,4.4640,32.400,72.00,3.1680,14.9760,2880.0,55.9845,provider-billed input + output tokens,56.0385,normalized input + visible output tokens,0.07173987096774193468587462772,0.07172928,private
view_a,not_applicable,50000,medium,typical,managed,-5,0.9488888888888889,0.9988888888888889,1,576.00,579.4560,,,,,,,9.00,provider-billed input + output tokens,9.0540,normalized input + visible output tokens,0.01214051522248243545502909576,0.01160201112347052267405994301,private
view_b,low,50000,medium,typical,managed,-5,0.9488888888888889,0.9988888888888889,1,743.0080,746.4640,4.4640,32.400,72.00,3.1680,14.9760,40.00,11.6095,provider-billed input + output tokens,11.6635,normalized input + visible output tokens,0.01566059016393442604612892080,0.01494588654060066724198123982,private
view_b,typical,50000,medium,typical,managed,-5,0.9488888888888889,0.9988888888888889,1,1063.0080,1066.4640,4.4640,32.400,72.00,3.1680,14.9760,360.0,16.6095,provider-billed input + output tokens,16.6635,normalized input + visible output tokens,0.02240532084309133463225619622,0.02135300556173526116403775793,private
view_b,high,50000,medium,typical,managed,-5,0.9488888888888889,0.9988888888888889,1,3583.0080,3586.4640,4.4640,32.400,72.00,3.1680,14.9760,2880.0,55.9845,provider-billed input + output tokens,56.0385,normalized input + visible output tokens,0.07552007494145198974800849015,0.07180906785317018830023283812,private
view_a,not_applicable,50000,medium,typical,private,-5,0.9988888888888889,0.9488888888888889,1,576.00,579.4560,,,,,,,9.00,provider-billed input + output tokens,9.0540,normalized input + visible output tokens,0.01153281423804226905970173261,0.01221335831381733006775927033,managed
view_b,low,50000,medium,typical,private,-5,0.9988888888888889,0.9488888888888889,1,743.0080,746.4640,4.4640,32.400,72.00,3.1680,14.9760,40.00,11.6095,provider-billed input + output tokens,11.6635,normalized input + visible output tokens,0.01487668965517241362762302942,0.01573343325526932065885909537,managed
view_b,typical,50000,medium,typical,private,-5,0.9988888888888889,0.9488888888888889,1,1063.0080,1066.4640,4.4640,32.400,72.00,3.1680,14.9760,360.0,16.6095,provider-billed input + output tokens,16.6635,normalized input + visible output tokens,0.02128380867630700754967954754,0.02247816393442622924498637079,managed
view_b,high,50000,medium,typical,private,-5,0.9988888888888889,0.9488888888888889,1,3583.0080,3586.4640,4.4640,32.400,72.00,3.1680,14.9760,2880.0,55.9845,provider-billed input + output tokens,56.0385,normalized input + visible output tokens,0.07173987096774193468587462772,0.07559291803278688436073866472,managed
view_a,not_applicable,50000,medium,typical,measured,0,0.9988888888888889,0.9988888888888889,1,576.00,579.4560,,,,,,,9.00,provider-billed input + output tokens,9.0540,normalized input + visible output tokens,0.01153281423804226905970173261,0.01160201112347052267405994301,managed
view_b,low,50000,medium,typical,measured,0,0.9988888888888889,0.9988888888888889,1,743.0080,746.4640,4.4640,32.400,72.00,3.1680,14.9760,40.00,11.6095,provider-billed input + output tokens,11.6635,normalized input + visible output tokens,0.01487668965517241362762302942,0.01494588654060066724198123982,managed
view_b,typical,50000,medium,typical,measured,0,0.9988888888888889,0.9988888888888889,1,1063.0080,1066.4640,4.4640,32.400,72.00,3.1680,14.9760,360.0,16.6095,provider-billed input + output tokens,16.6635,normalized input + visible output tokens,0.02128380867630700754967954754,0.02135300556173526116403775793,managed
view_b,high,50000,medium,typical,measured,0,0.9988888888888889,0.9988888888888889,1,3583.0080,3586.4640,4.4640,32.400,72.00,3.1680,14.9760,2880.0,55.9845,provider-billed input + output tokens,56.0385,normalized input + visible output tokens,0.07173987096774193468587462772,0.07180906785317018830023283812,managed
view_a,not_applicable,50000,medium,typical,managed,5,1,0.9988888888888889,1,576.00,579.4560,,,,,,,9.00,provider-billed input + output tokens,9.0540,normalized input + visible output tokens,0.01152,0.01160201112347052267405994301,managed
view_b,low,50000,medium,typical,managed,5,1,0.9988888888888889,1,743.0080,746.4640,4.4640,32.400,72.00,3.1680,14.9760,40.00,11.6095,provider-billed input + output tokens,11.6635,normalized input + visible output tokens,0.01486016,0.01494588654060066724198123982,managed
view_b,typical,50000,medium,typical,managed,5,1,0.9988888888888889,1,1063.0080,1066.4640,4.4640,32.400,72.00,3.1680,14.9760,360.0,16.6095,provider-billed input + output tokens,16.6635,normalized input + visible output tokens,0.02126016,0.02135300556173526116403775793,managed
view_b,high,50000,medium,typical,managed,5,1,0.9988888888888889,1,3583.0080,3586.4640,4.4640,32.400,72.00,3.1680,14.9760,2880.0,55.9845,provider-billed input + output tokens,56.0385,normalized input + visible output tokens,0.07166016,0.07180906785317018830023283812,managed
view_a,not_applicable,50000,medium,typical,private,5,0.9988888888888889,1,1,576.00,579.4560,,,,,,,9.00,provider-billed input + output tokens,9.0540,normalized input + visible output tokens,0.01153281423804226905970173261,0.01158912,managed
view_b,low,50000,medium,typical,private,5,0.9988888888888889,1,1,743.0080,746.4640,4.4640,32.400,72.00,3.1680,14.9760,40.00,11.6095,provider-billed input + output tokens,11.6635,normalized input + visible output tokens,0.01487668965517241362762302942,0.01492928,managed
view_b,typical,50000,medium,typical,private,5,0.9988888888888889,1,1,1063.0080,1066.4640,4.4640,32.400,72.00,3.1680,14.9760,360.0,16.6095,provider-billed input + output tokens,16.6635,normalized input + visible output tokens,0.02128380867630700754967954754,0.02132928,managed
view_b,high,50000,medium,typical,private,5,0.9988888888888889,1,1,3583.0080,3586.4640,4.4640,32.400,72.00,3.1680,14.9760,2880.0,55.9845,provider-billed input + output tokens,56.0385,normalized input + visible output tokens,0.07173987096774193468587462772,0.07172928,private
view_a,not_applicable,50000,medium,high,managed,-5,0.9488888888888889,0.9988888888888889,1,576.00,579.4560,,,,,,,9.00,provider-billed input + output tokens,9.0540,normalized input + visible output tokens,0.01214051522248243545502909576,0.01160201112347052267405994301,private
view_b,low,50000,medium,high,managed,-5,0.9488888888888889,0.9988888888888889,1,743.0080,746.4640,4.4640,32.400,72.00,3.1680,14.9760,40.00,11.6095,provider-billed input + output tokens,11.6635,normalized input + visible output tokens,0.01566059016393442604612892080,0.01494588654060066724198123982,private
view_b,typical,50000,medium,high,managed,-5,0.9488888888888889,0.9988888888888889,1,1063.0080,1066.4640,4.4640,32.400,72.00,3.1680,14.9760,360.0,16.6095,provider-billed input + output tokens,16.6635,normalized input + visible output tokens,0.02240532084309133463225619622,0.02135300556173526116403775793,private
view_b,high,50000,medium,high,managed,-5,0.9488888888888889,0.9988888888888889,1,3583.0080,3586.4640,4.4640,32.400,72.00,3.1680,14.9760,2880.0,55.9845,provider-billed input + output tokens,56.0385,normalized input + visible output tokens,0.07552007494145198974800849015,0.07180906785317018830023283812,private
view_a,not_applicable,50000,medium,high,private,-5,0.9988888888888889,0.9488888888888889,1,576.00,579.4560,,,,,,,9.00,provider-billed input + output tokens,9.0540,normalized input + visible output tokens,0.01153281423804226905970173261,0.01221335831381733006775927033,managed
view_b,low,50000,medium,high,private,-5,0.9988888888888889,0.9488888888888889,1,743.0080,746.4640,4.4640,32.400,72.00,3.1680,14.9760,40.00,11.6095,provider-billed input + output tokens,11.6635,normalized input + visible output tokens,0.01487668965517241362762302942,0.01573343325526932065885909537,managed
view_b,typical,50000,medium,high,private,-5,0.9988888888888889,0.9488888888888889,1,1063.0080,1066.4640,4.4640,32.400,72.00,3.1680,14.9760,360.0,16.6095,provider-billed input + output tokens,16.6635,normalized input + visible output tokens,0.02128380867630700754967954754,0.02247816393442622924498637079,managed
view_b,high,50000,medium,high,private,-5,0.9988888888888889,0.9488888888888889,1,3583.0080,3586.4640,4.4640,32.400,72.00,3.1680,14.9760,2880.0,55.9845,provider-billed input + output tokens,56.0385,normalized input + visible output tokens,0.07173987096774193468587462772,0.07559291803278688436073866472,managed
view_a,not_applicable,50000,medium,high,measured,0,0.9988888888888889,0.9988888888888889,1,576.00,579.4560,,,,,,,9.00,provider-billed input + output tokens,9.0540,normalized input + visible output tokens,0.01153281423804226905970173261,0.01160201112347052267405994301,managed
view_b,low,50000,medium,high,measured,0,0.9988888888888889,0.9988888888888889,1,743.0080,746.4640,4.4640,32.400,72.00,3.1680,14.9760,40.00,11.6095,provider-billed input + output tokens,11.6635,normalized input + visible output tokens,0.01487668965517241362762302942,0.01494588654060066724198123982,managed
view_b,typical,50000,medium,high,measured,0,0.9988888888888889,0.9988888888888889,1,1063.0080,1066.4640,4.4640,32.400,72.00,3.1680,14.9760,360.0,16.6095,provider-billed input + output tokens,16.6635,normalized input + visible output tokens,0.02128380867630700754967954754,0.02135300556173526116403775793,managed
view_b,high,50000,medium,high,measured,0,0.9988888888888889,0.9988888888888889,1,3583.0080,3586.4640,4.4640,32.400,72.00,3.1680,14.9760,2880.0,55.9845,provider-billed input + output tokens,56.0385,normalized input + visible output tokens,0.07173987096774193468587462772,0.07180906785317018830023283812,managed
view_a,not_applicable,50000,medium,high,managed,5,1,0.9988888888888889,1,576.00,579.4560,,,,,,,9.00,provider-billed input + output tokens,9.0540,normalized input + visible output tokens,0.01152,0.01160201112347052267405994301,managed
view_b,low,50000,medium,high,managed,5,1,0.9988888888888889,1,743.0080,746.4640,4.4640,32.400,72.00,3.1680,14.9760,40.00,11.6095,provider-billed input + output tokens,11.6635,normalized input + visible output tokens,0.01486016,0.01494588654060066724198123982,managed
view_b,typical,50000,medium,high,managed,5,1,0.9988888888888889,1,1063.0080,1066.4640,4.4640,32.400,72.00,3.1680,14.9760,360.0,16.6095,provider-billed input + output tokens,16.6635,normalized input + visible output tokens,0.02126016,0.02135300556173526116403775793,managed
view_b,high,50000,medium,high,managed,5,1,0.9988888888888889,1,3583.0080,3586.4640,4.4640,32.400,72.00,3.1680,14.9760,2880.0,55.9845,provider-billed input + output tokens,56.0385,normalized input + visible output tokens,0.07166016,0.07180906785317018830023283812,managed
view_a,not_applicable,50000,medium,high,private,5,0.9988888888888889,1,1,576.00,579.4560,,,,,,,9.00,provider-billed input + output tokens,9.0540,normalized input + visible output tokens,0.01153281423804226905970173261,0.01158912,managed
view_b,low,50000,medium,high,private,5,0.9988888888888889,1,1,743.0080,746.4640,4.4640,32.400,72.00,3.1680,14.9760,40.00,11.6095,provider-billed input + output tokens,11.6635,normalized input + visible output tokens,0.01487668965517241362762302942,0.01492928,managed
view_b,typical,50000,medium,high,private,5,0.9988888888888889,1,1,1063.0080,1066.4640,4.4640,32.400,72.00,3.1680,14.9760,360.0,16.6095,provider-billed input + output tokens,16.6635,normalized input + visible output tokens,0.02128380867630700754967954754,0.02132928,managed
view_b,high,50000,medium,high,private,5,0.9988888888888889,1,1,3583.0080,3586.4640,4.4640,32.400,72.00,3.1680,14.9760,2880.0,55.9845,provider-billed input + output tokens,56.0385,normalized input + visible output tokens,0.07173987096774193468587462772,0.07172928,private
view_a,not_applicable,100000,short,low,managed,-5,0.9488888888888889,0.9988888888888889,1,288.00,579.4560,,,,,,,9.00,provider-billed input + output tokens,18.1080,normalized input + visible output tokens,0.003035128805620608863757273939,0.005801005561735261337029971505,managed
view_b,low,100000,short,low,managed,-5,0.9488888888888889,0.9988888888888889,1,455.0080,746.4640,4.4640,32.400,72.00,3.1680,14.9760,40.00,14.2190,provider-billed input + output tokens,23.3270,normalized input + visible output tokens,0.004795166276346604159307186460,0.007472943270300333620990619908,managed
view_b,typical,100000,short,low,managed,-5,0.9488888888888889,0.9988888888888889,1,775.0080,1066.4640,4.4640,32.400,72.00,3.1680,14.9760,360.0,24.2190,provider-billed input + output tokens,33.3270,normalized input + visible output tokens,0.008167531615925058452370824169,0.01067650278086763058201887897,managed
view_b,high,100000,short,low,managed,-5,0.9488888888888889,0.9988888888888889,1,3295.0080,3586.4640,4.4640,32.400,72.00,3.1680,14.9760,2880.0,102.9690,provider-billed input + output tokens,112.0770,normalized input + visible output tokens,0.03472490866510538601024697113,0.03590453392658509415011641906,managed
view_a,not_applicable,100000,short,low,private,-5,0.9988888888888889,0.9488888888888889,1,288.00,579.4560,,,,,,,9.00,provider-billed input + output tokens,18.1080,normalized input + visible output tokens,0.002883203559510567264925433153,0.006106679156908665033879635165,managed
view_b,low,100000,short,low,private,-5,0.9988888888888889,0.9488888888888889,1,455.0080,746.4640,4.4640,32.400,72.00,3.1680,14.9760,40.00,14.2190,provider-billed input + output tokens,23.3270,normalized input + visible output tokens,0.004555141268075639548886081556,0.007866716627634660329429547686,managed
view_b,typical,100000,short,low,private,-5,0.9988888888888889,0.9488888888888889,1,775.0080,1066.4640,4.4640,32.400,72.00,3.1680,14.9760,360.0,24.2190,provider-billed input + output tokens,33.3270,normalized input + visible output tokens,0.007758700778642936509914340616,0.01123908196721311462249318540,managed
view_b,high,100000,short,low,private,-5,0.9988888888888889,0.9488888888888889,1,3295.0080,3586.4640,4.4640,32.400,72.00,3.1680,14.9760,2880.0,102.9690,provider-billed input + output tokens,112.0770,normalized input + visible output tokens,0.03298673192436040007801188071,0.03779645901639344218036933236,managed
view_a,not_applicable,100000,short,low,measured,0,0.9988888888888889,0.9988888888888889,1,288.00,579.4560,,,,,,,9.00,provider-billed input + output tokens,18.1080,normalized input + visible output tokens,0.002883203559510567264925433153,0.005801005561735261337029971505,managed
view_b,low,100000,short,low,measured,0,0.9988888888888889,0.9988888888888889,1,455.0080,746.4640,4.4640,32.400,72.00,3.1680,14.9760,40.00,14.2190,provider-billed input + output tokens,23.3270,normalized input + visible output tokens,0.004555141268075639548886081556,0.007472943270300333620990619908,managed
view_b,typical,100000,short,low,measured,0,0.9988888888888889,0.9988888888888889,1,775.0080,1066.4640,4.4640,32.400,72.00,3.1680,14.9760,360.0,24.2190,provider-billed input + output tokens,33.3270,normalized input + visible output tokens,0.007758700778642936509914340616,0.01067650278086763058201887897,managed
view_b,high,100000,short,low,measured,0,0.9988888888888889,0.9988888888888889,1,3295.0080,3586.4640,4.4640,32.400,72.00,3.1680,14.9760,2880.0,102.9690,provider-billed input + output tokens,112.0770,normalized input + visible output tokens,0.03298673192436040007801188071,0.03590453392658509415011641906,managed
view_a,not_applicable,100000,short,low,managed,5,1,0.9988888888888889,1,288.00,579.4560,,,,,,,9.00,provider-billed input + output tokens,18.1080,normalized input + visible output tokens,0.00288,0.005801005561735261337029971505,managed
view_b,low,100000,short,low,managed,5,1,0.9988888888888889,1,455.0080,746.4640,4.4640,32.400,72.00,3.1680,14.9760,40.00,14.2190,provider-billed input + output tokens,23.3270,normalized input + visible output tokens,0.00455008,0.007472943270300333620990619908,managed
view_b,typical,100000,short,low,managed,5,1,0.9988888888888889,1,775.0080,1066.4640,4.4640,32.400,72.00,3.1680,14.9760,360.0,24.2190,provider-billed input + output tokens,33.3270,normalized input + visible output tokens,0.00775008,0.01067650278086763058201887897,managed
view_b,high,100000,short,low,managed,5,1,0.9988888888888889,1,3295.0080,3586.4640,4.4640,32.400,72.00,3.1680,14.9760,2880.0,102.9690,provider-billed input + output tokens,112.0770,normalized input + visible output tokens,0.03295008,0.03590453392658509415011641906,managed
view_a,not_applicable,100000,short,low,private,5,0.9988888888888889,1,1,288.00,579.4560,,,,,,,9.00,provider-billed input + output tokens,18.1080,normalized input + visible output tokens,0.002883203559510567264925433153,0.00579456,managed
view_b,low,100000,short,low,private,5,0.9988888888888889,1,1,455.0080,746.4640,4.4640,32.400,72.00,3.1680,14.9760,40.00,14.2190,provider-billed input + output tokens,23.3270,normalized input + visible output tokens,0.004555141268075639548886081556,0.00746464,managed
view_b,typical,100000,short,low,private,5,0.9988888888888889,1,1,775.0080,1066.4640,4.4640,32.400,72.00,3.1680,14.9760,360.0,24.2190,provider-billed input + output tokens,33.3270,normalized input + visible output tokens,0.007758700778642936509914340616,0.01066464,managed
view_b,high,100000,short,low,private,5,0.9988888888888889,1,1,3295.0080,3586.4640,4.4640,32.400,72.00,3.1680,14.9760,2880.0,102.9690,provider-billed input + output tokens,112.0770,normalized input + visible output tokens,0.03298673192436040007801188071,0.03586464,managed
view_a,not_applicable,100000,short,typical,managed,-5,0.9488888888888889,0.9988888888888889,1,288.00,579.4560,,,,,,,9.00,provider-billed input + output tokens,18.1080,normalized input + visible output tokens,0.003035128805620608863757273939,0.005801005561735261337029971505,managed
view_b,low,100000,short,typical,managed,-5,0.9488888888888889,0.9988888888888889,1,455.0080,746.4640,4.4640,32.400,72.00,3.1680,14.9760,40.00,14.2190,provider-billed input + output tokens,23.3270,normalized input + visible output tokens,0.004795166276346604159307186460,0.007472943270300333620990619908,managed
view_b,typical,100000,short,typical,managed,-5,0.9488888888888889,0.9988888888888889,1,775.0080,1066.4640,4.4640,32.400,72.00,3.1680,14.9760,360.0,24.2190,provider-billed input + output tokens,33.3270,normalized input + visible output tokens,0.008167531615925058452370824169,0.01067650278086763058201887897,managed
view_b,high,100000,short,typical,managed,-5,0.9488888888888889,0.9988888888888889,1,3295.0080,3586.4640,4.4640,32.400,72.00,3.1680,14.9760,2880.0,102.9690,provider-billed input + output tokens,112.0770,normalized input + visible output tokens,0.03472490866510538601024697113,0.03590453392658509415011641906,managed
view_a,not_applicable,100000,short,typical,private,-5,0.9988888888888889,0.9488888888888889,1,288.00,579.4560,,,,,,,9.00,provider-billed input + output tokens,18.1080,normalized input + visible output tokens,0.002883203559510567264925433153,0.006106679156908665033879635165,managed
view_b,low,100000,short,typical,private,-5,0.9988888888888889,0.9488888888888889,1,455.0080,746.4640,4.4640,32.400,72.00,3.1680,14.9760,40.00,14.2190,provider-billed input + output tokens,23.3270,normalized input + visible output tokens,0.004555141268075639548886081556,0.007866716627634660329429547686,managed
view_b,typical,100000,short,typical,private,-5,0.9988888888888889,0.9488888888888889,1,775.0080,1066.4640,4.4640,32.400,72.00,3.1680,14.9760,360.0,24.2190,provider-billed input + output tokens,33.3270,normalized input + visible output tokens,0.007758700778642936509914340616,0.01123908196721311462249318540,managed
view_b,high,100000,short,typical,private,-5,0.9988888888888889,0.9488888888888889,1,3295.0080,3586.4640,4.4640,32.400,72.00,3.1680,14.9760,2880.0,102.9690,provider-billed input + output tokens,112.0770,normalized input + visible output tokens,0.03298673192436040007801188071,0.03779645901639344218036933236,managed
view_a,not_applicable,100000,short,typical,measured,0,0.9988888888888889,0.9988888888888889,1,288.00,579.4560,,,,,,,9.00,provider-billed input + output tokens,18.1080,normalized input + visible output tokens,0.002883203559510567264925433153,0.005801005561735261337029971505,managed
view_b,low,100000,short,typical,measured,0,0.9988888888888889,0.9988888888888889,1,455.0080,746.4640,4.4640,32.400,72.00,3.1680,14.9760,40.00,14.2190,provider-billed input + output tokens,23.3270,normalized input + visible output tokens,0.004555141268075639548886081556,0.007472943270300333620990619908,managed
view_b,typical,100000,short,typical,measured,0,0.9988888888888889,0.9988888888888889,1,775.0080,1066.4640,4.4640,32.400,72.00,3.1680,14.9760,360.0,24.2190,provider-billed input + output tokens,33.3270,normalized input + visible output tokens,0.007758700778642936509914340616,0.01067650278086763058201887897,managed
view_b,high,100000,short,typical,measured,0,0.9988888888888889,0.9988888888888889,1,3295.0080,3586.4640,4.4640,32.400,72.00,3.1680,14.9760,2880.0,102.9690,provider-billed input + output tokens,112.0770,normalized input + visible output tokens,0.03298673192436040007801188071,0.03590453392658509415011641906,managed
view_a,not_applicable,100000,short,typical,managed,5,1,0.9988888888888889,1,288.00,579.4560,,,,,,,9.00,provider-billed input + output tokens,18.1080,normalized input + visible output tokens,0.00288,0.005801005561735261337029971505,managed
view_b,low,100000,short,typical,managed,5,1,0.9988888888888889,1,455.0080,746.4640,4.4640,32.400,72.00,3.1680,14.9760,40.00,14.2190,provider-billed input + output tokens,23.3270,normalized input + visible output tokens,0.00455008,0.007472943270300333620990619908,managed
view_b,typical,100000,short,typical,managed,5,1,0.9988888888888889,1,775.0080,1066.4640,4.4640,32.400,72.00,3.1680,14.9760,360.0,24.2190,provider-billed input + output tokens,33.3270,normalized input + visible output tokens,0.00775008,0.01067650278086763058201887897,managed
view_b,high,100000,short,typical,managed,5,1,0.9988888888888889,1,3295.0080,3586.4640,4.4640,32.400,72.00,3.1680,14.9760,2880.0,102.9690,provider-billed input + output tokens,112.0770,normalized input + visible output tokens,0.03295008,0.03590453392658509415011641906,managed
view_a,not_applicable,100000,short,typical,private,5,0.9988888888888889,1,1,288.00,579.4560,,,,,,,9.00,provider-billed input + output tokens,18.1080,normalized input + visible output tokens,0.002883203559510567264925433153,0.00579456,managed
view_b,low,100000,short,typical,private,5,0.9988888888888889,1,1,455.0080,746.4640,4.4640,32.400,72.00,3.1680,14.9760,40.00,14.2190,provider-billed input + output tokens,23.3270,normalized input + visible output tokens,0.004555141268075639548886081556,0.00746464,managed
view_b,typical,100000,short,typical,private,5,0.9988888888888889,1,1,775.0080,1066.4640,4.4640,32.400,72.00,3.1680,14.9760,360.0,24.2190,provider-billed input + output tokens,33.3270,normalized input + visible output tokens,0.007758700778642936509914340616,0.01066464,managed
view_b,high,100000,short,typical,private,5,0.9988888888888889,1,1,3295.0080,3586.4640,4.4640,32.400,72.00,3.1680,14.9760,2880.0,102.9690,provider-billed input + output tokens,112.0770,normalized input + visible output tokens,0.03298673192436040007801188071,0.03586464,managed
view_a,not_applicable,100000,short,high,managed,-5,0.9488888888888889,0.9988888888888889,1,288.00,579.4560,,,,,,,9.00,provider-billed input + output tokens,18.1080,normalized input + visible output tokens,0.003035128805620608863757273939,0.005801005561735261337029971505,managed
view_b,low,100000,short,high,managed,-5,0.9488888888888889,0.9988888888888889,1,455.0080,746.4640,4.4640,32.400,72.00,3.1680,14.9760,40.00,14.2190,provider-billed input + output tokens,23.3270,normalized input + visible output tokens,0.004795166276346604159307186460,0.007472943270300333620990619908,managed
view_b,typical,100000,short,high,managed,-5,0.9488888888888889,0.9988888888888889,1,775.0080,1066.4640,4.4640,32.400,72.00,3.1680,14.9760,360.0,24.2190,provider-billed input + output tokens,33.3270,normalized input + visible output tokens,0.008167531615925058452370824169,0.01067650278086763058201887897,managed
view_b,high,100000,short,high,managed,-5,0.9488888888888889,0.9988888888888889,1,3295.0080,3586.4640,4.4640,32.400,72.00,3.1680,14.9760,2880.0,102.9690,provider-billed input + output tokens,112.0770,normalized input + visible output tokens,0.03472490866510538601024697113,0.03590453392658509415011641906,managed
view_a,not_applicable,100000,short,high,private,-5,0.9988888888888889,0.9488888888888889,1,288.00,579.4560,,,,,,,9.00,provider-billed input + output tokens,18.1080,normalized input + visible output tokens,0.002883203559510567264925433153,0.006106679156908665033879635165,managed
view_b,low,100000,short,high,private,-5,0.9988888888888889,0.9488888888888889,1,455.0080,746.4640,4.4640,32.400,72.00,3.1680,14.9760,40.00,14.2190,provider-billed input + output tokens,23.3270,normalized input + visible output tokens,0.004555141268075639548886081556,0.007866716627634660329429547686,managed
view_b,typical,100000,short,high,private,-5,0.9988888888888889,0.9488888888888889,1,775.0080,1066.4640,4.4640,32.400,72.00,3.1680,14.9760,360.0,24.2190,provider-billed input + output tokens,33.3270,normalized input + visible output tokens,0.007758700778642936509914340616,0.01123908196721311462249318540,managed
view_b,high,100000,short,high,private,-5,0.9988888888888889,0.9488888888888889,1,3295.0080,3586.4640,4.4640,32.400,72.00,3.1680,14.9760,2880.0,102.9690,provider-billed input + output tokens,112.0770,normalized input + visible output tokens,0.03298673192436040007801188071,0.03779645901639344218036933236,managed
view_a,not_applicable,100000,short,high,measured,0,0.9988888888888889,0.9988888888888889,1,288.00,579.4560,,,,,,,9.00,provider-billed input + output tokens,18.1080,normalized input + visible output tokens,0.002883203559510567264925433153,0.005801005561735261337029971505,managed
view_b,low,100000,short,high,measured,0,0.9988888888888889,0.9988888888888889,1,455.0080,746.4640,4.4640,32.400,72.00,3.1680,14.9760,40.00,14.2190,provider-billed input + output tokens,23.3270,normalized input + visible output tokens,0.004555141268075639548886081556,0.007472943270300333620990619908,managed
view_b,typical,100000,short,high,measured,0,0.9988888888888889,0.9988888888888889,1,775.0080,1066.4640,4.4640,32.400,72.00,3.1680,14.9760,360.0,24.2190,provider-billed input + output tokens,33.3270,normalized input + visible output tokens,0.007758700778642936509914340616,0.01067650278086763058201887897,managed
view_b,high,100000,short,high,measured,0,0.9988888888888889,0.9988888888888889,1,3295.0080,3586.4640,4.4640,32.400,72.00,3.1680,14.9760,2880.0,102.9690,provider-billed input + output tokens,112.0770,normalized input + visible output tokens,0.03298673192436040007801188071,0.03590453392658509415011641906,managed
view_a,not_applicable,100000,short,high,managed,5,1,0.9988888888888889,1,288.00,579.4560,,,,,,,9.00,provider-billed input + output tokens,18.1080,normalized input + visible output tokens,0.00288,0.005801005561735261337029971505,managed
view_b,low,100000,short,high,managed,5,1,0.9988888888888889,1,455.0080,746.4640,4.4640,32.400,72.00,3.1680,14.9760,40.00,14.2190,provider-billed input + output tokens,23.3270,normalized input + visible output tokens,0.00455008,0.007472943270300333620990619908,managed
view_b,typical,100000,short,high,managed,5,1,0.9988888888888889,1,775.0080,1066.4640,4.4640,32.400,72.00,3.1680,14.9760,360.0,24.2190,provider-billed input + output tokens,33.3270,normalized input + visible output tokens,0.00775008,0.01067650278086763058201887897,managed
view_b,high,100000,short,high,managed,5,1,0.9988888888888889,1,3295.0080,3586.4640,4.4640,32.400,72.00,3.1680,14.9760,2880.0,102.9690,provider-billed input + output tokens,112.0770,normalized input + visible output tokens,0.03295008,0.03590453392658509415011641906,managed
view_a,not_applicable,100000,short,high,private,5,0.9988888888888889,1,1,288.00,579.4560,,,,,,,9.00,provider-billed input + output tokens,18.1080,normalized input + visible output tokens,0.002883203559510567264925433153,0.00579456,managed
view_b,low,100000,short,high,private,5,0.9988888888888889,1,1,455.0080,746.4640,4.4640,32.400,72.00,3.1680,14.9760,40.00,14.2190,provider-billed input + output tokens,23.3270,normalized input + visible output tokens,0.004555141268075639548886081556,0.00746464,managed
view_b,typical,100000,short,high,private,5,0.9988888888888889,1,1,775.0080,1066.4640,4.4640,32.400,72.00,3.1680,14.9760,360.0,24.2190,provider-billed input + output tokens,33.3270,normalized input + visible output tokens,0.007758700778642936509914340616,0.01066464,managed
view_b,high,100000,short,high,private,5,0.9988888888888889,1,1,3295.0080,3586.4640,4.4640,32.400,72.00,3.1680,14.9760,2880.0,102.9690,provider-billed input + output tokens,112.0770,normalized input + visible output tokens,0.03298673192436040007801188071,0.03586464,managed
view_a,not_applicable,100000,medium,low,managed,-5,0.9488888888888889,0.9988888888888889,1,1152.00,579.4560,,,,,,,9.00,provider-billed input + output tokens,4.5270,normalized input + visible output tokens,0.01214051522248243545502909576,0.005801005561735261337029971505,private
view_b,low,100000,medium,low,managed,-5,0.9488888888888889,0.9988888888888889,1,1319.0080,746.4640,4.4640,32.400,72.00,3.1680,14.9760,40.00,10.30475,provider-billed input + output tokens,5.83175,normalized input + visible output tokens,0.01390055269320843075057900828,0.007472943270300333620990619908,private
view_b,typical,100000,medium,low,managed,-5,0.9488888888888889,0.9988888888888889,1,1639.0080,1066.4640,4.4640,32.400,72.00,3.1680,14.9760,360.0,12.80475,provider-billed input + output tokens,8.33175,normalized input + visible output tokens,0.01727291803278688504364264599,0.01067650278086763058201887897,private
view_b,high,100000,medium,low,managed,-5,0.9488888888888889,0.9988888888888889,1,4159.0080,3586.4640,4.4640,32.400,72.00,3.1680,14.9760,2880.0,32.49225,provider-billed input + output tokens,28.01925,normalized input + visible output tokens,0.04383029508196721260151879295,0.03590453392658509415011641906,private
view_a,not_applicable,100000,medium,low,private,-5,0.9988888888888889,0.9488888888888889,1,1152.00,579.4560,,,,,,,9.00,provider-billed input + output tokens,4.5270,normalized input + visible output tokens,0.01153281423804226905970173261,0.006106679156908665033879635165,private
view_b,low,100000,medium,low,private,-5,0.9988888888888889,0.9488888888888889,1,1319.0080,746.4640,4.4640,32.400,72.00,3.1680,14.9760,40.00,10.30475,provider-billed input + output tokens,5.83175,normalized input + visible output tokens,0.01320475194660734134366238102,0.007866716627634660329429547686,private
view_b,typical,100000,medium,low,private,-5,0.9988888888888889,0.9488888888888889,1,1639.0080,1066.4640,4.4640,32.400,72.00,3.1680,14.9760,360.0,12.80475,provider-billed input + output tokens,8.33175,normalized input + visible output tokens,0.01640831145717463830469064008,0.01123908196721311462249318540,private
view_b,high,100000,medium,low,private,-5,0.9988888888888889,0.9488888888888889,1,4159.0080,3586.4640,4.4640,32.400,72.00,3.1680,14.9760,2880.0,32.49225,provider-billed input + output tokens,28.01925,normalized input + visible output tokens,0.04163634260289210187278818017,0.03779645901639344218036933236,private
view_a,not_applicable,100000,medium,low,measured,0,0.9988888888888889,0.9988888888888889,1,1152.00,579.4560,,,,,,,9.00,provider-billed input + output tokens,4.5270,normalized input + visible output tokens,0.01153281423804226905970173261,0.005801005561735261337029971505,private
view_b,low,100000,medium,low,measured,0,0.9988888888888889,0.9988888888888889,1,1319.0080,746.4640,4.4640,32.400,72.00,3.1680,14.9760,40.00,10.30475,provider-billed input + output tokens,5.83175,normalized input + visible output tokens,0.01320475194660734134366238102,0.007472943270300333620990619908,private
view_b,typical,100000,medium,low,measured,0,0.9988888888888889,0.9988888888888889,1,1639.0080,1066.4640,4.4640,32.400,72.00,3.1680,14.9760,360.0,12.80475,provider-billed input + output tokens,8.33175,normalized input + visible output tokens,0.01640831145717463830469064008,0.01067650278086763058201887897,private
view_b,high,100000,medium,low,measured,0,0.9988888888888889,0.9988888888888889,1,4159.0080,3586.4640,4.4640,32.400,72.00,3.1680,14.9760,2880.0,32.49225,provider-billed input + output tokens,28.01925,normalized input + visible output tokens,0.04163634260289210187278818017,0.03590453392658509415011641906,private
view_a,not_applicable,100000,medium,low,managed,5,1,0.9988888888888889,1,1152.00,579.4560,,,,,,,9.00,provider-billed input + output tokens,4.5270,normalized input + visible output tokens,0.01152,0.005801005561735261337029971505,private
view_b,low,100000,medium,low,managed,5,1,0.9988888888888889,1,1319.0080,746.4640,4.4640,32.400,72.00,3.1680,14.9760,40.00,10.30475,provider-billed input + output tokens,5.83175,normalized input + visible output tokens,0.01319008,0.007472943270300333620990619908,private
view_b,typical,100000,medium,low,managed,5,1,0.9988888888888889,1,1639.0080,1066.4640,4.4640,32.400,72.00,3.1680,14.9760,360.0,12.80475,provider-billed input + output tokens,8.33175,normalized input + visible output tokens,0.01639008,0.01067650278086763058201887897,private
view_b,high,100000,medium,low,managed,5,1,0.9988888888888889,1,4159.0080,3586.4640,4.4640,32.400,72.00,3.1680,14.9760,2880.0,32.49225,provider-billed input + output tokens,28.01925,normalized input + visible output tokens,0.04159008,0.03590453392658509415011641906,private
view_a,not_applicable,100000,medium,low,private,5,0.9988888888888889,1,1,1152.00,579.4560,,,,,,,9.00,provider-billed input + output tokens,4.5270,normalized input + visible output tokens,0.01153281423804226905970173261,0.00579456,private
view_b,low,100000,medium,low,private,5,0.9988888888888889,1,1,1319.0080,746.4640,4.4640,32.400,72.00,3.1680,14.9760,40.00,10.30475,provider-billed input + output tokens,5.83175,normalized input + visible output tokens,0.01320475194660734134366238102,0.00746464,private
view_b,typical,100000,medium,low,private,5,0.9988888888888889,1,1,1639.0080,1066.4640,4.4640,32.400,72.00,3.1680,14.9760,360.0,12.80475,provider-billed input + output tokens,8.33175,normalized input + visible output tokens,0.01640831145717463830469064008,0.01066464,private
view_b,high,100000,medium,low,private,5,0.9988888888888889,1,1,4159.0080,3586.4640,4.4640,32.400,72.00,3.1680,14.9760,2880.0,32.49225,provider-billed input + output tokens,28.01925,normalized input + visible output tokens,0.04163634260289210187278818017,0.03586464,private
view_a,not_applicable,100000,medium,typical,managed,-5,0.9488888888888889,0.9988888888888889,1,1152.00,579.4560,,,,,,,9.00,provider-billed input + output tokens,4.5270,normalized input + visible output tokens,0.01214051522248243545502909576,0.005801005561735261337029971505,private
view_b,low,100000,medium,typical,managed,-5,0.9488888888888889,0.9988888888888889,1,1319.0080,746.4640,4.4640,32.400,72.00,3.1680,14.9760,40.00,10.30475,provider-billed input + output tokens,5.83175,normalized input + visible output tokens,0.01390055269320843075057900828,0.007472943270300333620990619908,private
view_b,typical,100000,medium,typical,managed,-5,0.9488888888888889,0.9988888888888889,1,1639.0080,1066.4640,4.4640,32.400,72.00,3.1680,14.9760,360.0,12.80475,provider-billed input + output tokens,8.33175,normalized input + visible output tokens,0.01727291803278688504364264599,0.01067650278086763058201887897,private
view_b,high,100000,medium,typical,managed,-5,0.9488888888888889,0.9988888888888889,1,4159.0080,3586.4640,4.4640,32.400,72.00,3.1680,14.9760,2880.0,32.49225,provider-billed input + output tokens,28.01925,normalized input + visible output tokens,0.04383029508196721260151879295,0.03590453392658509415011641906,private
view_a,not_applicable,100000,medium,typical,private,-5,0.9988888888888889,0.9488888888888889,1,1152.00,579.4560,,,,,,,9.00,provider-billed input + output tokens,4.5270,normalized input + visible output tokens,0.01153281423804226905970173261,0.006106679156908665033879635165,private
view_b,low,100000,medium,typical,private,-5,0.9988888888888889,0.9488888888888889,1,1319.0080,746.4640,4.4640,32.400,72.00,3.1680,14.9760,40.00,10.30475,provider-billed input + output tokens,5.83175,normalized input + visible output tokens,0.01320475194660734134366238102,0.007866716627634660329429547686,private
view_b,typical,100000,medium,typical,private,-5,0.9988888888888889,0.9488888888888889,1,1639.0080,1066.4640,4.4640,32.400,72.00,3.1680,14.9760,360.0,12.80475,provider-billed input + output tokens,8.33175,normalized input + visible output tokens,0.01640831145717463830469064008,0.01123908196721311462249318540,private
view_b,high,100000,medium,typical,private,-5,0.9988888888888889,0.9488888888888889,1,4159.0080,3586.4640,4.4640,32.400,72.00,3.1680,14.9760,2880.0,32.49225,provider-billed input + output tokens,28.01925,normalized input + visible output tokens,0.04163634260289210187278818017,0.03779645901639344218036933236,private
view_a,not_applicable,100000,medium,typical,measured,0,0.9988888888888889,0.9988888888888889,1,1152.00,579.4560,,,,,,,9.00,provider-billed input + output tokens,4.5270,normalized input + visible output tokens,0.01153281423804226905970173261,0.005801005561735261337029971505,private
view_b,low,100000,medium,typical,measured,0,0.9988888888888889,0.9988888888888889,1,1319.0080,746.4640,4.4640,32.400,72.00,3.1680,14.9760,40.00,10.30475,provider-billed input + output tokens,5.83175,normalized input + visible output tokens,0.01320475194660734134366238102,0.007472943270300333620990619908,private
view_b,typical,100000,medium,typical,measured,0,0.9988888888888889,0.9988888888888889,1,1639.0080,1066.4640,4.4640,32.400,72.00,3.1680,14.9760,360.0,12.80475,provider-billed input + output tokens,8.33175,normalized input + visible output tokens,0.01640831145717463830469064008,0.01067650278086763058201887897,private
view_b,high,100000,medium,typical,measured,0,0.9988888888888889,0.9988888888888889,1,4159.0080,3586.4640,4.4640,32.400,72.00,3.1680,14.9760,2880.0,32.49225,provider-billed input + output tokens,28.01925,normalized input + visible output tokens,0.04163634260289210187278818017,0.03590453392658509415011641906,private
view_a,not_applicable,100000,medium,typical,managed,5,1,0.9988888888888889,1,1152.00,579.4560,,,,,,,9.00,provider-billed input + output tokens,4.5270,normalized input + visible output tokens,0.01152,0.005801005561735261337029971505,private
view_b,low,100000,medium,typical,managed,5,1,0.9988888888888889,1,1319.0080,746.4640,4.4640,32.400,72.00,3.1680,14.9760,40.00,10.30475,provider-billed input + output tokens,5.83175,normalized input + visible output tokens,0.01319008,0.007472943270300333620990619908,private
view_b,typical,100000,medium,typical,managed,5,1,0.9988888888888889,1,1639.0080,1066.4640,4.4640,32.400,72.00,3.1680,14.9760,360.0,12.80475,provider-billed input + output tokens,8.33175,normalized input + visible output tokens,0.01639008,0.01067650278086763058201887897,private
view_b,high,100000,medium,typical,managed,5,1,0.9988888888888889,1,4159.0080,3586.4640,4.4640,32.400,72.00,3.1680,14.9760,2880.0,32.49225,provider-billed input + output tokens,28.01925,normalized input + visible output tokens,0.04159008,0.03590453392658509415011641906,private
view_a,not_applicable,100000,medium,typical,private,5,0.9988888888888889,1,1,1152.00,579.4560,,,,,,,9.00,provider-billed input + output tokens,4.5270,normalized input + visible output tokens,0.01153281423804226905970173261,0.00579456,private
view_b,low,100000,medium,typical,private,5,0.9988888888888889,1,1,1319.0080,746.4640,4.4640,32.400,72.00,3.1680,14.9760,40.00,10.30475,provider-billed input + output tokens,5.83175,normalized input + visible output tokens,0.01320475194660734134366238102,0.00746464,private
view_b,typical,100000,medium,typical,private,5,0.9988888888888889,1,1,1639.0080,1066.4640,4.4640,32.400,72.00,3.1680,14.9760,360.0,12.80475,provider-billed input + output tokens,8.33175,normalized input + visible output tokens,0.01640831145717463830469064008,0.01066464,private
view_b,high,100000,medium,typical,private,5,0.9988888888888889,1,1,4159.0080,3586.4640,4.4640,32.400,72.00,3.1680,14.9760,2880.0,32.49225,provider-billed input + output tokens,28.01925,normalized input + visible output tokens,0.04163634260289210187278818017,0.03586464,private
view_a,not_applicable,100000,medium,high,managed,-5,0.9488888888888889,0.9988888888888889,1,1152.00,579.4560,,,,,,,9.00,provider-billed input + output tokens,4.5270,normalized input + visible output tokens,0.01214051522248243545502909576,0.005801005561735261337029971505,private
view_b,low,100000,medium,high,managed,-5,0.9488888888888889,0.9988888888888889,1,1319.0080,746.4640,4.4640,32.400,72.00,3.1680,14.9760,40.00,10.30475,provider-billed input + output tokens,5.83175,normalized input + visible output tokens,0.01390055269320843075057900828,0.007472943270300333620990619908,private
view_b,typical,100000,medium,high,managed,-5,0.9488888888888889,0.9988888888888889,1,1639.0080,1066.4640,4.4640,32.400,72.00,3.1680,14.9760,360.0,12.80475,provider-billed input + output tokens,8.33175,normalized input + visible output tokens,0.01727291803278688504364264599,0.01067650278086763058201887897,private
view_b,high,100000,medium,high,managed,-5,0.9488888888888889,0.9988888888888889,1,4159.0080,3586.4640,4.4640,32.400,72.00,3.1680,14.9760,2880.0,32.49225,provider-billed input + output tokens,28.01925,normalized input + visible output tokens,0.04383029508196721260151879295,0.03590453392658509415011641906,private
view_a,not_applicable,100000,medium,high,private,-5,0.9988888888888889,0.9488888888888889,1,1152.00,579.4560,,,,,,,9.00,provider-billed input + output tokens,4.5270,normalized input + visible output tokens,0.01153281423804226905970173261,0.006106679156908665033879635165,private
view_b,low,100000,medium,high,private,-5,0.9988888888888889,0.9488888888888889,1,1319.0080,746.4640,4.4640,32.400,72.00,3.1680,14.9760,40.00,10.30475,provider-billed input + output tokens,5.83175,normalized input + visible output tokens,0.01320475194660734134366238102,0.007866716627634660329429547686,private
view_b,typical,100000,medium,high,private,-5,0.9988888888888889,0.9488888888888889,1,1639.0080,1066.4640,4.4640,32.400,72.00,3.1680,14.9760,360.0,12.80475,provider-billed input + output tokens,8.33175,normalized input + visible output tokens,0.01640831145717463830469064008,0.01123908196721311462249318540,private
view_b,high,100000,medium,high,private,-5,0.9988888888888889,0.9488888888888889,1,4159.0080,3586.4640,4.4640,32.400,72.00,3.1680,14.9760,2880.0,32.49225,provider-billed input + output tokens,28.01925,normalized input + visible output tokens,0.04163634260289210187278818017,0.03779645901639344218036933236,private
view_a,not_applicable,100000,medium,high,measured,0,0.9988888888888889,0.9988888888888889,1,1152.00,579.4560,,,,,,,9.00,provider-billed input + output tokens,4.5270,normalized input + visible output tokens,0.01153281423804226905970173261,0.005801005561735261337029971505,private
view_b,low,100000,medium,high,measured,0,0.9988888888888889,0.9988888888888889,1,1319.0080,746.4640,4.4640,32.400,72.00,3.1680,14.9760,40.00,10.30475,provider-billed input + output tokens,5.83175,normalized input + visible output tokens,0.01320475194660734134366238102,0.007472943270300333620990619908,private
view_b,typical,100000,medium,high,measured,0,0.9988888888888889,0.9988888888888889,1,1639.0080,1066.4640,4.4640,32.400,72.00,3.1680,14.9760,360.0,12.80475,provider-billed input + output tokens,8.33175,normalized input + visible output tokens,0.01640831145717463830469064008,0.01067650278086763058201887897,private
view_b,high,100000,medium,high,measured,0,0.9988888888888889,0.9988888888888889,1,4159.0080,3586.4640,4.4640,32.400,72.00,3.1680,14.9760,2880.0,32.49225,provider-billed input + output tokens,28.01925,normalized input + visible output tokens,0.04163634260289210187278818017,0.03590453392658509415011641906,private
view_a,not_applicable,100000,medium,high,managed,5,1,0.9988888888888889,1,1152.00,579.4560,,,,,,,9.00,provider-billed input + output tokens,4.5270,normalized input + visible output tokens,0.01152,0.005801005561735261337029971505,private
view_b,low,100000,medium,high,managed,5,1,0.9988888888888889,1,1319.0080,746.4640,4.4640,32.400,72.00,3.1680,14.9760,40.00,10.30475,provider-billed input + output tokens,5.83175,normalized input + visible output tokens,0.01319008,0.007472943270300333620990619908,private
view_b,typical,100000,medium,high,managed,5,1,0.9988888888888889,1,1639.0080,1066.4640,4.4640,32.400,72.00,3.1680,14.9760,360.0,12.80475,provider-billed input + output tokens,8.33175,normalized input + visible output tokens,0.01639008,0.01067650278086763058201887897,private
view_b,high,100000,medium,high,managed,5,1,0.9988888888888889,1,4159.0080,3586.4640,4.4640,32.400,72.00,3.1680,14.9760,2880.0,32.49225,provider-billed input + output tokens,28.01925,normalized input + visible output tokens,0.04159008,0.03590453392658509415011641906,private
view_a,not_applicable,100000,medium,high,private,5,0.9988888888888889,1,1,1152.00,579.4560,,,,,,,9.00,provider-billed input + output tokens,4.5270,normalized input + visible output tokens,0.01153281423804226905970173261,0.00579456,private
view_b,low,100000,medium,high,private,5,0.9988888888888889,1,1,1319.0080,746.4640,4.4640,32.400,72.00,3.1680,14.9760,40.00,10.30475,provider-billed input + output tokens,5.83175,normalized input + visible output tokens,0.01320475194660734134366238102,0.00746464,private
view_b,typical,100000,medium,high,private,5,0.9988888888888889,1,1,1639.0080,1066.4640,4.4640,32.400,72.00,3.1680,14.9760,360.0,12.80475,provider-billed input + output tokens,8.33175,normalized input + visible output tokens,0.01640831145717463830469064008,0.01066464,private
view_b,high,100000,medium,high,private,5,0.9988888888888889,1,1,4159.0080,3586.4640,4.4640,32.400,72.00,3.1680,14.9760,2880.0,32.49225,provider-billed input + output tokens,28.01925,normalized input + visible output tokens,0.04163634260289210187278818017,0.03586464,private
view_a,not_applicable,500000,short,low,managed,-5,0.9488888888888889,0.9988888888888889,5,1440.00,2897.2800,,,,,,,9.00,provider-billed input + output tokens,18.1080,normalized input + visible output tokens,0.003035128805620608863757273939,0.005801005561735261337029971505,managed
view_b,low,500000,short,low,managed,-5,0.9488888888888889,0.9988888888888889,5,1607.0080,3064.2880,4.4640,32.400,72.00,3.1680,14.9760,40.00,10.0438,provider-billed input + output tokens,19.1518,normalized input + visible output tokens,0.003387136299765807922867256443,0.006135393103448275793822101185,managed
view_b,typical,500000,short,low,managed,-5,0.9488888888888889,0.9988888888888889,5,1927.0080,3384.2880,4.4640,32.400,72.00,3.1680,14.9760,360.0,12.0438,provider-billed input + output tokens,21.1518,normalized input + visible output tokens,0.004061609367681498781479983985,0.006776105005561735186027752997,managed
view_b,high,500000,short,low,managed,-5,0.9488888888888889,0.9988888888888889,5,4447.0080,5904.2880,4.4640,32.400,72.00,3.1680,14.9760,2880.0,27.7938,provider-billed input + output tokens,36.9018,normalized input + visible output tokens,0.009373084777517564293055213378,0.01182171123470522789964726102,managed
view_a,not_applicable,500000,short,low,private,-5,0.9988888888888889,0.9488888888888889,5,1440.00,2897.2800,,,,,,,9.00,provider-billed input + output tokens,18.1080,normalized input + visible output tokens,0.002883203559510567264925433153,0.006106679156908665033879635165,managed
view_b,low,500000,short,low,private,-5,0.9988888888888889,0.9488888888888889,5,1607.0080,3064.2880,4.4640,32.400,72.00,3.1680,14.9760,40.00,10.0438,provider-billed input + output tokens,19.1518,normalized input + visible output tokens,0.003217591101223581721717562834,0.006458686651053864092989617669,managed
view_b,typical,500000,short,low,private,-5,0.9988888888888889,0.9488888888888889,5,1927.0080,3384.2880,4.4640,32.400,72.00,3.1680,14.9760,360.0,12.0438,provider-billed input + output tokens,21.1518,normalized input + visible output tokens,0.003858303003337041113923214646,0.007133159718969554951602345211,managed
view_b,high,500000,short,low,private,-5,0.9988888888888889,0.9488888888888889,5,4447.0080,5904.2880,4.4640,32.400,72.00,3.1680,14.9760,2880.0,27.7938,provider-billed input + output tokens,36.9018,normalized input + visible output tokens,0.008903909232480533827542722664,0.01244463512880562046317757460,managed
view_a,not_applicable,500000,short,low,measured,0,0.9988888888888889,0.9988888888888889,5,1440.00,2897.2800,,,,,,,9.00,provider-billed input + output tokens,18.1080,normalized input + visible output tokens,0.002883203559510567264925433153,0.005801005561735261337029971505,managed
view_b,low,500000,short,low,measured,0,0.9988888888888889,0.9988888888888889,5,1607.0080,3064.2880,4.4640,32.400,72.00,3.1680,14.9760,40.00,10.0438,provider-billed input + output tokens,19.1518,normalized input + visible output tokens,0.003217591101223581721717562834,0.006135393103448275793822101185,managed
view_b,typical,500000,short,low,measured,0,0.9988888888888889,0.9988888888888889,5,1927.0080,3384.2880,4.4640,32.400,72.00,3.1680,14.9760,360.0,12.0438,provider-billed input + output tokens,21.1518,normalized input + visible output tokens,0.003858303003337041113923214646,0.006776105005561735186027752997,managed
view_b,high,500000,short,low,measured,0,0.9988888888888889,0.9988888888888889,5,4447.0080,5904.2880,4.4640,32.400,72.00,3.1680,14.9760,2880.0,27.7938,provider-billed input + output tokens,36.9018,normalized input + visible output tokens,0.008903909232480533827542722664,0.01182171123470522789964726102,managed
view_a,not_applicable,500000,short,low,managed,5,1,0.9988888888888889,5,1440.00,2897.2800,,,,,,,9.00,provider-billed input + output tokens,18.1080,normalized input + visible output tokens,0.00288,0.005801005561735261337029971505,managed
view_b,low,500000,short,low,managed,5,1,0.9988888888888889,5,1607.0080,3064.2880,4.4640,32.400,72.00,3.1680,14.9760,40.00,10.0438,provider-billed input + output tokens,19.1518,normalized input + visible output tokens,0.003214016,0.006135393103448275793822101185,managed
view_b,typical,500000,short,low,managed,5,1,0.9988888888888889,5,1927.0080,3384.2880,4.4640,32.400,72.00,3.1680,14.9760,360.0,12.0438,provider-billed input + output tokens,21.1518,normalized input + visible output tokens,0.003854016,0.006776105005561735186027752997,managed
view_b,high,500000,short,low,managed,5,1,0.9988888888888889,5,4447.0080,5904.2880,4.4640,32.400,72.00,3.1680,14.9760,2880.0,27.7938,provider-billed input + output tokens,36.9018,normalized input + visible output tokens,0.008894016,0.01182171123470522789964726102,managed
view_a,not_applicable,500000,short,low,private,5,0.9988888888888889,1,5,1440.00,2897.2800,,,,,,,9.00,provider-billed input + output tokens,18.1080,normalized input + visible output tokens,0.002883203559510567264925433153,0.00579456,managed
view_b,low,500000,short,low,private,5,0.9988888888888889,1,5,1607.0080,3064.2880,4.4640,32.400,72.00,3.1680,14.9760,40.00,10.0438,provider-billed input + output tokens,19.1518,normalized input + visible output tokens,0.003217591101223581721717562834,0.006128576,managed
view_b,typical,500000,short,low,private,5,0.9988888888888889,1,5,1927.0080,3384.2880,4.4640,32.400,72.00,3.1680,14.9760,360.0,12.0438,provider-billed input + output tokens,21.1518,normalized input + visible output tokens,0.003858303003337041113923214646,0.006768576,managed
view_b,high,500000,short,low,private,5,0.9988888888888889,1,5,4447.0080,5904.2880,4.4640,32.400,72.00,3.1680,14.9760,2880.0,27.7938,provider-billed input + output tokens,36.9018,normalized input + visible output tokens,0.008903909232480533827542722664,0.011808576,managed
view_a,not_applicable,500000,short,typical,managed,-5,0.9488888888888889,0.9988888888888889,1,1440.00,579.4560,,,,,,,9.00,provider-billed input + output tokens,3.6216,normalized input + visible output tokens,0.003035128805620608863757273939,0.001160201112347052267405994301,private
view_b,low,500000,short,typical,managed,-5,0.9488888888888889,0.9988888888888889,1,1607.0080,746.4640,4.4640,32.400,72.00,3.1680,14.9760,40.00,10.0438,provider-billed input + output tokens,4.6654,normalized input + visible output tokens,0.003387136299765807922867256443,0.001494588654060066724198123982,private
view_b,typical,500000,short,typical,managed,-5,0.9488888888888889,0.9988888888888889,1,1927.0080,1066.4640,4.4640,32.400,72.00,3.1680,14.9760,360.0,12.0438,provider-billed input + output tokens,6.6654,normalized input + visible output tokens,0.004061609367681498781479983985,0.002135300556173526116403775793,private
view_b,high,500000,short,typical,managed,-5,0.9488888888888889,0.9988888888888889,1,4447.0080,3586.4640,4.4640,32.400,72.00,3.1680,14.9760,2880.0,27.7938,provider-billed input + output tokens,22.4154,normalized input + visible output tokens,0.009373084777517564293055213378,0.007180906785317018830023283812,private
view_a,not_applicable,500000,short,typical,private,-5,0.9988888888888889,0.9488888888888889,1,1440.00,579.4560,,,,,,,9.00,provider-billed input + output tokens,3.6216,normalized input + visible output tokens,0.002883203559510567264925433153,0.001221335831381733006775927033,private
view_b,low,500000,short,typical,private,-5,0.9988888888888889,0.9488888888888889,1,1607.0080,746.4640,4.4640,32.400,72.00,3.1680,14.9760,40.00,10.0438,provider-billed input + output tokens,4.6654,normalized input + visible output tokens,0.003217591101223581721717562834,0.001573343325526932065885909537,private
view_b,typical,500000,short,typical,private,-5,0.9988888888888889,0.9488888888888889,1,1927.0080,1066.4640,4.4640,32.400,72.00,3.1680,14.9760,360.0,12.0438,provider-billed input + output tokens,6.6654,normalized input + visible output tokens,0.003858303003337041113923214646,0.002247816393442622924498637079,private
view_b,high,500000,short,typical,private,-5,0.9988888888888889,0.9488888888888889,1,4447.0080,3586.4640,4.4640,32.400,72.00,3.1680,14.9760,2880.0,27.7938,provider-billed input + output tokens,22.4154,normalized input + visible output tokens,0.008903909232480533827542722664,0.007559291803278688436073866472,private
view_a,not_applicable,500000,short,typical,measured,0,0.9988888888888889,0.9988888888888889,1,1440.00,579.4560,,,,,,,9.00,provider-billed input + output tokens,3.6216,normalized input + visible output tokens,0.002883203559510567264925433153,0.001160201112347052267405994301,private
view_b,low,500000,short,typical,measured,0,0.9988888888888889,0.9988888888888889,1,1607.0080,746.4640,4.4640,32.400,72.00,3.1680,14.9760,40.00,10.0438,provider-billed input + output tokens,4.6654,normalized input + visible output tokens,0.003217591101223581721717562834,0.001494588654060066724198123982,private
view_b,typical,500000,short,typical,measured,0,0.9988888888888889,0.9988888888888889,1,1927.0080,1066.4640,4.4640,32.400,72.00,3.1680,14.9760,360.0,12.0438,provider-billed input + output tokens,6.6654,normalized input + visible output tokens,0.003858303003337041113923214646,0.002135300556173526116403775793,private
view_b,high,500000,short,typical,measured,0,0.9988888888888889,0.9988888888888889,1,4447.0080,3586.4640,4.4640,32.400,72.00,3.1680,14.9760,2880.0,27.7938,provider-billed input + output tokens,22.4154,normalized input + visible output tokens,0.008903909232480533827542722664,0.007180906785317018830023283812,private
view_a,not_applicable,500000,short,typical,managed,5,1,0.9988888888888889,1,1440.00,579.4560,,,,,,,9.00,provider-billed input + output tokens,3.6216,normalized input + visible output tokens,0.00288,0.001160201112347052267405994301,private
view_b,low,500000,short,typical,managed,5,1,0.9988888888888889,1,1607.0080,746.4640,4.4640,32.400,72.00,3.1680,14.9760,40.00,10.0438,provider-billed input + output tokens,4.6654,normalized input + visible output tokens,0.003214016,0.001494588654060066724198123982,private
view_b,typical,500000,short,typical,managed,5,1,0.9988888888888889,1,1927.0080,1066.4640,4.4640,32.400,72.00,3.1680,14.9760,360.0,12.0438,provider-billed input + output tokens,6.6654,normalized input + visible output tokens,0.003854016,0.002135300556173526116403775793,private
view_b,high,500000,short,typical,managed,5,1,0.9988888888888889,1,4447.0080,3586.4640,4.4640,32.400,72.00,3.1680,14.9760,2880.0,27.7938,provider-billed input + output tokens,22.4154,normalized input + visible output tokens,0.008894016,0.007180906785317018830023283812,private
view_a,not_applicable,500000,short,typical,private,5,0.9988888888888889,1,1,1440.00,579.4560,,,,,,,9.00,provider-billed input + output tokens,3.6216,normalized input + visible output tokens,0.002883203559510567264925433153,0.001158912,private
view_b,low,500000,short,typical,private,5,0.9988888888888889,1,1,1607.0080,746.4640,4.4640,32.400,72.00,3.1680,14.9760,40.00,10.0438,provider-billed input + output tokens,4.6654,normalized input + visible output tokens,0.003217591101223581721717562834,0.001492928,private
view_b,typical,500000,short,typical,private,5,0.9988888888888889,1,1,1927.0080,1066.4640,4.4640,32.400,72.00,3.1680,14.9760,360.0,12.0438,provider-billed input + output tokens,6.6654,normalized input + visible output tokens,0.003858303003337041113923214646,0.002132928,private
view_b,high,500000,short,typical,private,5,0.9988888888888889,1,1,4447.0080,3586.4640,4.4640,32.400,72.00,3.1680,14.9760,2880.0,27.7938,provider-billed input + output tokens,22.4154,normalized input + visible output tokens,0.008903909232480533827542722664,0.007172928,private
view_a,not_applicable,500000,short,high,managed,-5,0.9488888888888889,0.9988888888888889,1,1440.00,579.4560,,,,,,,9.00,provider-billed input + output tokens,3.6216,normalized input + visible output tokens,0.003035128805620608863757273939,0.001160201112347052267405994301,private
view_b,low,500000,short,high,managed,-5,0.9488888888888889,0.9988888888888889,1,1607.0080,746.4640,4.4640,32.400,72.00,3.1680,14.9760,40.00,10.0438,provider-billed input + output tokens,4.6654,normalized input + visible output tokens,0.003387136299765807922867256443,0.001494588654060066724198123982,private
view_b,typical,500000,short,high,managed,-5,0.9488888888888889,0.9988888888888889,1,1927.0080,1066.4640,4.4640,32.400,72.00,3.1680,14.9760,360.0,12.0438,provider-billed input + output tokens,6.6654,normalized input + visible output tokens,0.004061609367681498781479983985,0.002135300556173526116403775793,private
view_b,high,500000,short,high,managed,-5,0.9488888888888889,0.9988888888888889,1,4447.0080,3586.4640,4.4640,32.400,72.00,3.1680,14.9760,2880.0,27.7938,provider-billed input + output tokens,22.4154,normalized input + visible output tokens,0.009373084777517564293055213378,0.007180906785317018830023283812,private
view_a,not_applicable,500000,short,high,private,-5,0.9988888888888889,0.9488888888888889,1,1440.00,579.4560,,,,,,,9.00,provider-billed input + output tokens,3.6216,normalized input + visible output tokens,0.002883203559510567264925433153,0.001221335831381733006775927033,private
view_b,low,500000,short,high,private,-5,0.9988888888888889,0.9488888888888889,1,1607.0080,746.4640,4.4640,32.400,72.00,3.1680,14.9760,40.00,10.0438,provider-billed input + output tokens,4.6654,normalized input + visible output tokens,0.003217591101223581721717562834,0.001573343325526932065885909537,private
view_b,typical,500000,short,high,private,-5,0.9988888888888889,0.9488888888888889,1,1927.0080,1066.4640,4.4640,32.400,72.00,3.1680,14.9760,360.0,12.0438,provider-billed input + output tokens,6.6654,normalized input + visible output tokens,0.003858303003337041113923214646,0.002247816393442622924498637079,private
view_b,high,500000,short,high,private,-5,0.9988888888888889,0.9488888888888889,1,4447.0080,3586.4640,4.4640,32.400,72.00,3.1680,14.9760,2880.0,27.7938,provider-billed input + output tokens,22.4154,normalized input + visible output tokens,0.008903909232480533827542722664,0.007559291803278688436073866472,private
view_a,not_applicable,500000,short,high,measured,0,0.9988888888888889,0.9988888888888889,1,1440.00,579.4560,,,,,,,9.00,provider-billed input + output tokens,3.6216,normalized input + visible output tokens,0.002883203559510567264925433153,0.001160201112347052267405994301,private
view_b,low,500000,short,high,measured,0,0.9988888888888889,0.9988888888888889,1,1607.0080,746.4640,4.4640,32.400,72.00,3.1680,14.9760,40.00,10.0438,provider-billed input + output tokens,4.6654,normalized input + visible output tokens,0.003217591101223581721717562834,0.001494588654060066724198123982,private
view_b,typical,500000,short,high,measured,0,0.9988888888888889,0.9988888888888889,1,1927.0080,1066.4640,4.4640,32.400,72.00,3.1680,14.9760,360.0,12.0438,provider-billed input + output tokens,6.6654,normalized input + visible output tokens,0.003858303003337041113923214646,0.002135300556173526116403775793,private
view_b,high,500000,short,high,measured,0,0.9988888888888889,0.9988888888888889,1,4447.0080,3586.4640,4.4640,32.400,72.00,3.1680,14.9760,2880.0,27.7938,provider-billed input + output tokens,22.4154,normalized input + visible output tokens,0.008903909232480533827542722664,0.007180906785317018830023283812,private
view_a,not_applicable,500000,short,high,managed,5,1,0.9988888888888889,1,1440.00,579.4560,,,,,,,9.00,provider-billed input + output tokens,3.6216,normalized input + visible output tokens,0.00288,0.001160201112347052267405994301,private
view_b,low,500000,short,high,managed,5,1,0.9988888888888889,1,1607.0080,746.4640,4.4640,32.400,72.00,3.1680,14.9760,40.00,10.0438,provider-billed input + output tokens,4.6654,normalized input + visible output tokens,0.003214016,0.001494588654060066724198123982,private
view_b,typical,500000,short,high,managed,5,1,0.9988888888888889,1,1927.0080,1066.4640,4.4640,32.400,72.00,3.1680,14.9760,360.0,12.0438,provider-billed input + output tokens,6.6654,normalized input + visible output tokens,0.003854016,0.002135300556173526116403775793,private
view_b,high,500000,short,high,managed,5,1,0.9988888888888889,1,4447.0080,3586.4640,4.4640,32.400,72.00,3.1680,14.9760,2880.0,27.7938,provider-billed input + output tokens,22.4154,normalized input + visible output tokens,0.008894016,0.007180906785317018830023283812,private
view_a,not_applicable,500000,short,high,private,5,0.9988888888888889,1,1,1440.00,579.4560,,,,,,,9.00,provider-billed input + output tokens,3.6216,normalized input + visible output tokens,0.002883203559510567264925433153,0.001158912,private
view_b,low,500000,short,high,private,5,0.9988888888888889,1,1,1607.0080,746.4640,4.4640,32.400,72.00,3.1680,14.9760,40.00,10.0438,provider-billed input + output tokens,4.6654,normalized input + visible output tokens,0.003217591101223581721717562834,0.001492928,private
view_b,typical,500000,short,high,private,5,0.9988888888888889,1,1,1927.0080,1066.4640,4.4640,32.400,72.00,3.1680,14.9760,360.0,12.0438,provider-billed input + output tokens,6.6654,normalized input + visible output tokens,0.003858303003337041113923214646,0.002132928,private
view_b,high,500000,short,high,private,5,0.9988888888888889,1,1,4447.0080,3586.4640,4.4640,32.400,72.00,3.1680,14.9760,2880.0,27.7938,provider-billed input + output tokens,22.4154,normalized input + visible output tokens,0.008903909232480533827542722664,0.007172928,private
view_a,not_applicable,500000,medium,low,managed,-5,0.9488888888888889,0.9988888888888889,5,5760.00,2897.2800,,,,,,,9.00,provider-billed input + output tokens,4.5270,normalized input + visible output tokens,0.01214051522248243545502909576,0.005801005561735261337029971505,private
view_b,low,500000,medium,low,managed,-5,0.9488888888888889,0.9988888888888889,5,5927.0080,3064.2880,4.4640,32.400,72.00,3.1680,14.9760,40.00,9.26095,provider-billed input + output tokens,4.78795,normalized input + visible output tokens,0.01249252271662763451413907826,0.006135393103448275793822101185,private
view_b,typical,500000,medium,low,managed,-5,0.9488888888888889,0.9988888888888889,5,6247.0080,3384.2880,4.4640,32.400,72.00,3.1680,14.9760,360.0,9.76095,provider-billed input + output tokens,5.28795,normalized input + visible output tokens,0.01316699578454332537275180580,0.006776105005561735186027752997,private
view_b,high,500000,medium,low,managed,-5,0.9488888888888889,0.9988888888888889,5,8767.0080,5904.2880,4.4640,32.400,72.00,3.1680,14.9760,2880.0,13.69845,provider-billed input + output tokens,9.22545,normalized input + visible output tokens,0.01847847119437939088432703519,0.01182171123470522789964726102,private
view_a,not_applicable,500000,medium,low,private,-5,0.9988888888888889,0.9488888888888889,5,5760.00,2897.2800,,,,,,,9.00,provider-billed input + output tokens,4.5270,normalized input + visible output tokens,0.01153281423804226905970173261,0.006106679156908665033879635165,private
view_b,low,500000,medium,low,private,-5,0.9988888888888889,0.9488888888888889,5,5927.0080,3064.2880,4.4640,32.400,72.00,3.1680,14.9760,40.00,9.26095,provider-billed input + output tokens,4.78795,normalized input + visible output tokens,0.01186720177975528351649386229,0.006458686651053864092989617669,private
view_b,typical,500000,medium,low,private,-5,0.9988888888888889,0.9488888888888889,5,6247.0080,3384.2880,4.4640,32.400,72.00,3.1680,14.9760,360.0,9.76095,provider-billed input + output tokens,5.28795,normalized input + visible output tokens,0.01250791368186874290869951411,0.007133159718969554951602345211,private
view_b,high,500000,medium,low,private,-5,0.9988888888888889,0.9488888888888889,5,8767.0080,5904.2880,4.4640,32.400,72.00,3.1680,14.9760,2880.0,13.69845,provider-billed input + output tokens,9.22545,normalized input + visible output tokens,0.01755351991101223562231902212,0.01244463512880562046317757460,private
view_a,not_applicable,500000,medium,low,measured,0,0.9988888888888889,0.9988888888888889,5,5760.00,2897.2800,,,,,,,9.00,provider-billed input + output tokens,4.5270,normalized input + visible output tokens,0.01153281423804226905970173261,0.005801005561735261337029971505,private
view_b,low,500000,medium,low,measured,0,0.9988888888888889,0.9988888888888889,5,5927.0080,3064.2880,4.4640,32.400,72.00,3.1680,14.9760,40.00,9.26095,provider-billed input + output tokens,4.78795,normalized input + visible output tokens,0.01186720177975528351649386229,0.006135393103448275793822101185,private
view_b,typical,500000,medium,low,measured,0,0.9988888888888889,0.9988888888888889,5,6247.0080,3384.2880,4.4640,32.400,72.00,3.1680,14.9760,360.0,9.76095,provider-billed input + output tokens,5.28795,normalized input + visible output tokens,0.01250791368186874290869951411,0.006776105005561735186027752997,private
view_b,high,500000,medium,low,measured,0,0.9988888888888889,0.9988888888888889,5,8767.0080,5904.2880,4.4640,32.400,72.00,3.1680,14.9760,2880.0,13.69845,provider-billed input + output tokens,9.22545,normalized input + visible output tokens,0.01755351991101223562231902212,0.01182171123470522789964726102,private
view_a,not_applicable,500000,medium,low,managed,5,1,0.9988888888888889,5,5760.00,2897.2800,,,,,,,9.00,provider-billed input + output tokens,4.5270,normalized input + visible output tokens,0.01152,0.005801005561735261337029971505,private
view_b,low,500000,medium,low,managed,5,1,0.9988888888888889,5,5927.0080,3064.2880,4.4640,32.400,72.00,3.1680,14.9760,40.00,9.26095,provider-billed input + output tokens,4.78795,normalized input + visible output tokens,0.011854016,0.006135393103448275793822101185,private
view_b,typical,500000,medium,low,managed,5,1,0.9988888888888889,5,6247.0080,3384.2880,4.4640,32.400,72.00,3.1680,14.9760,360.0,9.76095,provider-billed input + output tokens,5.28795,normalized input + visible output tokens,0.012494016,0.006776105005561735186027752997,private
view_b,high,500000,medium,low,managed,5,1,0.9988888888888889,5,8767.0080,5904.2880,4.4640,32.400,72.00,3.1680,14.9760,2880.0,13.69845,provider-billed input + output tokens,9.22545,normalized input + visible output tokens,0.017534016,0.01182171123470522789964726102,private
view_a,not_applicable,500000,medium,low,private,5,0.9988888888888889,1,5,5760.00,2897.2800,,,,,,,9.00,provider-billed input + output tokens,4.5270,normalized input + visible output tokens,0.01153281423804226905970173261,0.00579456,private
view_b,low,500000,medium,low,private,5,0.9988888888888889,1,5,5927.0080,3064.2880,4.4640,32.400,72.00,3.1680,14.9760,40.00,9.26095,provider-billed input + output tokens,4.78795,normalized input + visible output tokens,0.01186720177975528351649386229,0.006128576,private
view_b,typical,500000,medium,low,private,5,0.9988888888888889,1,5,6247.0080,3384.2880,4.4640,32.400,72.00,3.1680,14.9760,360.0,9.76095,provider-billed input + output tokens,5.28795,normalized input + visible output tokens,0.01250791368186874290869951411,0.006768576,private
view_b,high,500000,medium,low,private,5,0.9988888888888889,1,5,8767.0080,5904.2880,4.4640,32.400,72.00,3.1680,14.9760,2880.0,13.69845,provider-billed input + output tokens,9.22545,normalized input + visible output tokens,0.01755351991101223562231902212,0.011808576,private
view_a,not_applicable,500000,medium,typical,managed,-5,0.9488888888888889,0.9988888888888889,1,5760.00,579.4560,,,,,,,9.00,provider-billed input + output tokens,0.9054,normalized input + visible output tokens,0.01214051522248243545502909576,0.001160201112347052267405994301,private
view_b,low,500000,medium,typical,managed,-5,0.9488888888888889,0.9988888888888889,1,5927.0080,746.4640,4.4640,32.400,72.00,3.1680,14.9760,40.00,9.26095,provider-billed input + output tokens,1.16635,normalized input + visible output tokens,0.01249252271662763451413907826,0.001494588654060066724198123982,private
view_b,typical,500000,medium,typical,managed,-5,0.9488888888888889,0.9988888888888889,1,6247.0080,1066.4640,4.4640,32.400,72.00,3.1680,14.9760,360.0,9.76095,provider-billed input + output tokens,1.66635,normalized input + visible output tokens,0.01316699578454332537275180580,0.002135300556173526116403775793,private
view_b,high,500000,medium,typical,managed,-5,0.9488888888888889,0.9988888888888889,1,8767.0080,3586.4640,4.4640,32.400,72.00,3.1680,14.9760,2880.0,13.69845,provider-billed input + output tokens,5.60385,normalized input + visible output tokens,0.01847847119437939088432703519,0.007180906785317018830023283812,private
view_a,not_applicable,500000,medium,typical,private,-5,0.9988888888888889,0.9488888888888889,1,5760.00,579.4560,,,,,,,9.00,provider-billed input + output tokens,0.9054,normalized input + visible output tokens,0.01153281423804226905970173261,0.001221335831381733006775927033,private
view_b,low,500000,medium,typical,private,-5,0.9988888888888889,0.9488888888888889,1,5927.0080,746.4640,4.4640,32.400,72.00,3.1680,14.9760,40.00,9.26095,provider-billed input + output tokens,1.16635,normalized input + visible output tokens,0.01186720177975528351649386229,0.001573343325526932065885909537,private
view_b,typical,500000,medium,typical,private,-5,0.9988888888888889,0.9488888888888889,1,6247.0080,1066.4640,4.4640,32.400,72.00,3.1680,14.9760,360.0,9.76095,provider-billed input + output tokens,1.66635,normalized input + visible output tokens,0.01250791368186874290869951411,0.002247816393442622924498637079,private
view_b,high,500000,medium,typical,private,-5,0.9988888888888889,0.9488888888888889,1,8767.0080,3586.4640,4.4640,32.400,72.00,3.1680,14.9760,2880.0,13.69845,provider-billed input + output tokens,5.60385,normalized input + visible output tokens,0.01755351991101223562231902212,0.007559291803278688436073866472,private
view_a,not_applicable,500000,medium,typical,measured,0,0.9988888888888889,0.9988888888888889,1,5760.00,579.4560,,,,,,,9.00,provider-billed input + output tokens,0.9054,normalized input + visible output tokens,0.01153281423804226905970173261,0.001160201112347052267405994301,private
view_b,low,500000,medium,typical,measured,0,0.9988888888888889,0.9988888888888889,1,5927.0080,746.4640,4.4640,32.400,72.00,3.1680,14.9760,40.00,9.26095,provider-billed input + output tokens,1.16635,normalized input + visible output tokens,0.01186720177975528351649386229,0.001494588654060066724198123982,private
view_b,typical,500000,medium,typical,measured,0,0.9988888888888889,0.9988888888888889,1,6247.0080,1066.4640,4.4640,32.400,72.00,3.1680,14.9760,360.0,9.76095,provider-billed input + output tokens,1.66635,normalized input + visible output tokens,0.01250791368186874290869951411,0.002135300556173526116403775793,private
view_b,high,500000,medium,typical,measured,0,0.9988888888888889,0.9988888888888889,1,8767.0080,3586.4640,4.4640,32.400,72.00,3.1680,14.9760,2880.0,13.69845,provider-billed input + output tokens,5.60385,normalized input + visible output tokens,0.01755351991101223562231902212,0.007180906785317018830023283812,private
view_a,not_applicable,500000,medium,typical,managed,5,1,0.9988888888888889,1,5760.00,579.4560,,,,,,,9.00,provider-billed input + output tokens,0.9054,normalized input + visible output tokens,0.01152,0.001160201112347052267405994301,private
view_b,low,500000,medium,typical,managed,5,1,0.9988888888888889,1,5927.0080,746.4640,4.4640,32.400,72.00,3.1680,14.9760,40.00,9.26095,provider-billed input + output tokens,1.16635,normalized input + visible output tokens,0.011854016,0.001494588654060066724198123982,private
view_b,typical,500000,medium,typical,managed,5,1,0.9988888888888889,1,6247.0080,1066.4640,4.4640,32.400,72.00,3.1680,14.9760,360.0,9.76095,provider-billed input + output tokens,1.66635,normalized input + visible output tokens,0.012494016,0.002135300556173526116403775793,private
view_b,high,500000,medium,typical,managed,5,1,0.9988888888888889,1,8767.0080,3586.4640,4.4640,32.400,72.00,3.1680,14.9760,2880.0,13.69845,provider-billed input + output tokens,5.60385,normalized input + visible output tokens,0.017534016,0.007180906785317018830023283812,private
view_a,not_applicable,500000,medium,typical,private,5,0.9988888888888889,1,1,5760.00,579.4560,,,,,,,9.00,provider-billed input + output tokens,0.9054,normalized input + visible output tokens,0.01153281423804226905970173261,0.001158912,private
view_b,low,500000,medium,typical,private,5,0.9988888888888889,1,1,5927.0080,746.4640,4.4640,32.400,72.00,3.1680,14.9760,40.00,9.26095,provider-billed input + output tokens,1.16635,normalized input + visible output tokens,0.01186720177975528351649386229,0.001492928,private
view_b,typical,500000,medium,typical,private,5,0.9988888888888889,1,1,6247.0080,1066.4640,4.4640,32.400,72.00,3.1680,14.9760,360.0,9.76095,provider-billed input + output tokens,1.66635,normalized input + visible output tokens,0.01250791368186874290869951411,0.002132928,private
view_b,high,500000,medium,typical,private,5,0.9988888888888889,1,1,8767.0080,3586.4640,4.4640,32.400,72.00,3.1680,14.9760,2880.0,13.69845,provider-billed input + output tokens,5.60385,normalized input + visible output tokens,0.01755351991101223562231902212,0.007172928,private
view_a,not_applicable,500000,medium,high,managed,-5,0.9488888888888889,0.9988888888888889,1,5760.00,579.4560,,,,,,,9.00,provider-billed input + output tokens,0.9054,normalized input + visible output tokens,0.01214051522248243545502909576,0.001160201112347052267405994301,private
view_b,low,500000,medium,high,managed,-5,0.9488888888888889,0.9988888888888889,1,5927.0080,746.4640,4.4640,32.400,72.00,3.1680,14.9760,40.00,9.26095,provider-billed input + output tokens,1.16635,normalized input + visible output tokens,0.01249252271662763451413907826,0.001494588654060066724198123982,private
view_b,typical,500000,medium,high,managed,-5,0.9488888888888889,0.9988888888888889,1,6247.0080,1066.4640,4.4640,32.400,72.00,3.1680,14.9760,360.0,9.76095,provider-billed input + output tokens,1.66635,normalized input + visible output tokens,0.01316699578454332537275180580,0.002135300556173526116403775793,private
view_b,high,500000,medium,high,managed,-5,0.9488888888888889,0.9988888888888889,1,8767.0080,3586.4640,4.4640,32.400,72.00,3.1680,14.9760,2880.0,13.69845,provider-billed input + output tokens,5.60385,normalized input + visible output tokens,0.01847847119437939088432703519,0.007180906785317018830023283812,private
view_a,not_applicable,500000,medium,high,private,-5,0.9988888888888889,0.9488888888888889,1,5760.00,579.4560,,,,,,,9.00,provider-billed input + output tokens,0.9054,normalized input + visible output tokens,0.01153281423804226905970173261,0.001221335831381733006775927033,private
view_b,low,500000,medium,high,private,-5,0.9988888888888889,0.9488888888888889,1,5927.0080,746.4640,4.4640,32.400,72.00,3.1680,14.9760,40.00,9.26095,provider-billed input + output tokens,1.16635,normalized input + visible output tokens,0.01186720177975528351649386229,0.001573343325526932065885909537,private
view_b,typical,500000,medium,high,private,-5,0.9988888888888889,0.9488888888888889,1,6247.0080,1066.4640,4.4640,32.400,72.00,3.1680,14.9760,360.0,9.76095,provider-billed input + output tokens,1.66635,normalized input + visible output tokens,0.01250791368186874290869951411,0.002247816393442622924498637079,private
view_b,high,500000,medium,high,private,-5,0.9988888888888889,0.9488888888888889,1,8767.0080,3586.4640,4.4640,32.400,72.00,3.1680,14.9760,2880.0,13.69845,provider-billed input + output tokens,5.60385,normalized input + visible output tokens,0.01755351991101223562231902212,0.007559291803278688436073866472,private
view_a,not_applicable,500000,medium,high,measured,0,0.9988888888888889,0.9988888888888889,1,5760.00,579.4560,,,,,,,9.00,provider-billed input + output tokens,0.9054,normalized input + visible output tokens,0.01153281423804226905970173261,0.001160201112347052267405994301,private
view_b,low,500000,medium,high,measured,0,0.9988888888888889,0.9988888888888889,1,5927.0080,746.4640,4.4640,32.400,72.00,3.1680,14.9760,40.00,9.26095,provider-billed input + output tokens,1.16635,normalized input + visible output tokens,0.01186720177975528351649386229,0.001494588654060066724198123982,private
view_b,typical,500000,medium,high,measured,0,0.9988888888888889,0.9988888888888889,1,6247.0080,1066.4640,4.4640,32.400,72.00,3.1680,14.9760,360.0,9.76095,provider-billed input + output tokens,1.66635,normalized input + visible output tokens,0.01250791368186874290869951411,0.002135300556173526116403775793,private
view_b,high,500000,medium,high,measured,0,0.9988888888888889,0.9988888888888889,1,8767.0080,3586.4640,4.4640,32.400,72.00,3.1680,14.9760,2880.0,13.69845,provider-billed input + output tokens,5.60385,normalized input + visible output tokens,0.01755351991101223562231902212,0.007180906785317018830023283812,private
view_a,not_applicable,500000,medium,high,managed,5,1,0.9988888888888889,1,5760.00,579.4560,,,,,,,9.00,provider-billed input + output tokens,0.9054,normalized input + visible output tokens,0.01152,0.001160201112347052267405994301,private
view_b,low,500000,medium,high,managed,5,1,0.9988888888888889,1,5927.0080,746.4640,4.4640,32.400,72.00,3.1680,14.9760,40.00,9.26095,provider-billed input + output tokens,1.16635,normalized input + visible output tokens,0.011854016,0.001494588654060066724198123982,private
view_b,typical,500000,medium,high,managed,5,1,0.9988888888888889,1,6247.0080,1066.4640,4.4640,32.400,72.00,3.1680,14.9760,360.0,9.76095,provider-billed input + output tokens,1.66635,normalized input + visible output tokens,0.012494016,0.002135300556173526116403775793,private
view_b,high,500000,medium,high,managed,5,1,0.9988888888888889,1,8767.0080,3586.4640,4.4640,32.400,72.00,3.1680,14.9760,2880.0,13.69845,provider-billed input + output tokens,5.60385,normalized input + visible output tokens,0.017534016,0.007180906785317018830023283812,private
view_a,not_applicable,500000,medium,high,private,5,0.9988888888888889,1,1,5760.00,579.4560,,,,,,,9.00,provider-billed input + output tokens,0.9054,normalized input + visible output tokens,0.01153281423804226905970173261,0.001158912,private
view_b,low,500000,medium,high,private,5,0.9988888888888889,1,1,5927.0080,746.4640,4.4640,32.400,72.00,3.1680,14.9760,40.00,9.26095,provider-billed input + output tokens,1.16635,normalized input + visible output tokens,0.01186720177975528351649386229,0.001492928,private
view_b,typical,500000,medium,high,private,5,0.9988888888888889,1,1,6247.0080,1066.4640,4.4640,32.400,72.00,3.1680,14.9760,360.0,9.76095,provider-billed input + output tokens,1.66635,normalized input + visible output tokens,0.01250791368186874290869951411,0.002132928,private
view_b,high,500000,medium,high,private,5,0.9988888888888889,1,1,8767.0080,3586.4640,4.4640,32.400,72.00,3.1680,14.9760,2880.0,13.69845,provider-billed input + output tokens,5.60385,normalized input + visible output tokens,0.01755351991101223562231902212,0.007172928,private
view_a,not_applicable,1000000,short,low,managed,-5,0.9488888888888889,0.9988888888888889,10,2880.00,5794.5600,,,,,,,9.00,provider-billed input + output tokens,18.1080,normalized input + visible output tokens,0.003035128805620608863757273939,0.005801005561735261337029971505,managed
view_b,low,1000000,short,low,managed,-5,0.9488888888888889,0.9988888888888889,10,3047.0080,5961.5680,4.4640,32.400,72.00,3.1680,14.9760,40.00,9.5219,provider-billed input + output tokens,18.6299,normalized input + visible output tokens,0.003211132552693208393312265191,0.005968199332591768565426036345,managed
view_b,typical,1000000,short,low,managed,-5,0.9488888888888889,0.9988888888888889,10,3367.0080,6281.5680,4.4640,32.400,72.00,3.1680,14.9760,360.0,10.5219,provider-billed input + output tokens,19.6299,normalized input + visible output tokens,0.003548369086651053822618628962,0.006288555283648498261528862251,managed
view_b,high,1000000,short,low,managed,-5,0.9488888888888889,0.9988888888888889,10,5887.0080,8801.5680,4.4640,32.400,72.00,3.1680,14.9760,2880.0,18.3969,provider-billed input + output tokens,27.5049,normalized input + visible output tokens,0.006204106791569086578406243658,0.008811358398220244618338616260,managed
view_a,not_applicable,1000000,short,low,private,-5,0.9988888888888889,0.9488888888888889,10,2880.00,5794.5600,,,,,,,9.00,provider-billed input + output tokens,18.1080,normalized input + visible output tokens,0.002883203559510567264925433153,0.006106679156908665033879635165,managed
view_b,low,1000000,short,low,private,-5,0.9988888888888889,0.9488888888888889,10,3047.0080,5961.5680,4.4640,32.400,72.00,3.1680,14.9760,40.00,9.5219,provider-billed input + output tokens,18.6299,normalized input + visible output tokens,0.003050397330367074493321497994,0.006282682903981264563434626417,managed
view_b,typical,1000000,short,low,private,-5,0.9988888888888889,0.9488888888888889,10,3367.0080,6281.5680,4.4640,32.400,72.00,3.1680,14.9760,360.0,10.5219,provider-billed input + output tokens,19.6299,normalized input + visible output tokens,0.003370753281423804189424323900,0.006619919437939109992740990188,managed
view_b,high,1000000,short,low,private,-5,0.9988888888888889,0.9488888888888889,10,5887.0080,8801.5680,4.4640,32.400,72.00,3.1680,14.9760,2880.0,18.3969,provider-billed input + output tokens,27.5049,normalized input + visible output tokens,0.005893556395995550546234077909,0.009275657142857142748528604885,managed
view_a,not_applicable,1000000,short,low,measured,0,0.9988888888888889,0.9988888888888889,10,2880.00,5794.5600,,,,,,,9.00,provider-billed input + output tokens,18.1080,normalized input + visible output tokens,0.002883203559510567264925433153,0.005801005561735261337029971505,managed
view_b,low,1000000,short,low,measured,0,0.9988888888888889,0.9988888888888889,10,3047.0080,5961.5680,4.4640,32.400,72.00,3.1680,14.9760,40.00,9.5219,provider-billed input + output tokens,18.6299,normalized input + visible output tokens,0.003050397330367074493321497994,0.005968199332591768565426036345,managed
view_b,typical,1000000,short,low,measured,0,0.9988888888888889,0.9988888888888889,10,3367.0080,6281.5680,4.4640,32.400,72.00,3.1680,14.9760,360.0,10.5219,provider-billed input + output tokens,19.6299,normalized input + visible output tokens,0.003370753281423804189424323900,0.006288555283648498261528862251,managed
view_b,high,1000000,short,low,measured,0,0.9988888888888889,0.9988888888888889,10,5887.0080,8801.5680,4.4640,32.400,72.00,3.1680,14.9760,2880.0,18.3969,provider-billed input + output tokens,27.5049,normalized input + visible output tokens,0.005893556395995550546234077909,0.008811358398220244618338616260,managed
view_a,not_applicable,1000000,short,low,managed,5,1,0.9988888888888889,10,2880.00,5794.5600,,,,,,,9.00,provider-billed input + output tokens,18.1080,normalized input + visible output tokens,0.00288,0.005801005561735261337029971505,managed
view_b,low,1000000,short,low,managed,5,1,0.9988888888888889,10,3047.0080,5961.5680,4.4640,32.400,72.00,3.1680,14.9760,40.00,9.5219,provider-billed input + output tokens,18.6299,normalized input + visible output tokens,0.003047008,0.005968199332591768565426036345,managed
view_b,typical,1000000,short,low,managed,5,1,0.9988888888888889,10,3367.0080,6281.5680,4.4640,32.400,72.00,3.1680,14.9760,360.0,10.5219,provider-billed input + output tokens,19.6299,normalized input + visible output tokens,0.003367008,0.006288555283648498261528862251,managed
view_b,high,1000000,short,low,managed,5,1,0.9988888888888889,10,5887.0080,8801.5680,4.4640,32.400,72.00,3.1680,14.9760,2880.0,18.3969,provider-billed input + output tokens,27.5049,normalized input + visible output tokens,0.005887008,0.008811358398220244618338616260,managed
view_a,not_applicable,1000000,short,low,private,5,0.9988888888888889,1,10,2880.00,5794.5600,,,,,,,9.00,provider-billed input + output tokens,18.1080,normalized input + visible output tokens,0.002883203559510567264925433153,0.00579456,managed
view_b,low,1000000,short,low,private,5,0.9988888888888889,1,10,3047.0080,5961.5680,4.4640,32.400,72.00,3.1680,14.9760,40.00,9.5219,provider-billed input + output tokens,18.6299,normalized input + visible output tokens,0.003050397330367074493321497994,0.005961568,managed
view_b,typical,1000000,short,low,private,5,0.9988888888888889,1,10,3367.0080,6281.5680,4.4640,32.400,72.00,3.1680,14.9760,360.0,10.5219,provider-billed input + output tokens,19.6299,normalized input + visible output tokens,0.003370753281423804189424323900,0.006281568,managed
view_b,high,1000000,short,low,private,5,0.9988888888888889,1,10,5887.0080,8801.5680,4.4640,32.400,72.00,3.1680,14.9760,2880.0,18.3969,provider-billed input + output tokens,27.5049,normalized input + visible output tokens,0.005893556395995550546234077909,0.008801568,managed
view_a,not_applicable,1000000,short,typical,managed,-5,0.9488888888888889,0.9988888888888889,2,2880.00,1158.9120,,,,,,,9.00,provider-billed input + output tokens,3.6216,normalized input + visible output tokens,0.003035128805620608863757273939,0.001160201112347052267405994301,private
view_b,low,1000000,short,typical,managed,-5,0.9488888888888889,0.9988888888888889,2,3047.0080,1325.9200,4.4640,32.400,72.00,3.1680,14.9760,40.00,9.5219,provider-billed input + output tokens,4.1435,normalized input + visible output tokens,0.003211132552693208393312265191,0.001327394883203559495802059141,private
view_b,typical,1000000,short,typical,managed,-5,0.9488888888888889,0.9988888888888889,2,3367.0080,1645.9200,4.4640,32.400,72.00,3.1680,14.9760,360.0,10.5219,provider-billed input + output tokens,5.1435,normalized input + visible output tokens,0.003548369086651053822618628962,0.001647750834260289191904885047,private
view_b,high,1000000,short,typical,managed,-5,0.9488888888888889,0.9988888888888889,2,5887.0080,4165.9200,4.4640,32.400,72.00,3.1680,14.9760,2880.0,18.3969,provider-billed input + output tokens,13.0185,normalized input + visible output tokens,0.006204106791569086578406243658,0.004170553948832035548714639056,private
view_a,not_applicable,1000000,short,typical,private,-5,0.9988888888888889,0.9488888888888889,2,2880.00,1158.9120,,,,,,,9.00,provider-billed input + output tokens,3.6216,normalized input + visible output tokens,0.002883203559510567264925433153,0.001221335831381733006775927033,private
view_b,low,1000000,short,typical,private,-5,0.9988888888888889,0.9488888888888889,2,3047.0080,1325.9200,4.4640,32.400,72.00,3.1680,14.9760,40.00,9.5219,provider-billed input + output tokens,4.1435,normalized input + visible output tokens,0.003050397330367074493321497994,0.001397339578454332536330918285,private
view_b,typical,1000000,short,typical,private,-5,0.9988888888888889,0.9488888888888889,2,3367.0080,1645.9200,4.4640,32.400,72.00,3.1680,14.9760,360.0,10.5219,provider-billed input + output tokens,5.1435,normalized input + visible output tokens,0.003370753281423804189424323900,0.001734576112412177965637282056,private
view_b,high,1000000,short,typical,private,-5,0.9988888888888889,0.9488888888888889,2,5887.0080,4165.9200,4.4640,32.400,72.00,3.1680,14.9760,2880.0,18.3969,provider-billed input + output tokens,13.0185,normalized input + visible output tokens,0.005893556395995550546234077909,0.004390313817330210721424896753,private
view_a,not_applicable,1000000,short,typical,measured,0,0.9988888888888889,0.9988888888888889,2,2880.00,1158.9120,,,,,,,9.00,provider-billed input + output tokens,3.6216,normalized input + visible output tokens,0.002883203559510567264925433153,0.001160201112347052267405994301,private
view_b,low,1000000,short,typical,measured,0,0.9988888888888889,0.9988888888888889,2,3047.0080,1325.9200,4.4640,32.400,72.00,3.1680,14.9760,40.00,9.5219,provider-billed input + output tokens,4.1435,normalized input + visible output tokens,0.003050397330367074493321497994,0.001327394883203559495802059141,private
view_b,typical,1000000,short,typical,measured,0,0.9988888888888889,0.9988888888888889,2,3367.0080,1645.9200,4.4640,32.400,72.00,3.1680,14.9760,360.0,10.5219,provider-billed input + output tokens,5.1435,normalized input + visible output tokens,0.003370753281423804189424323900,0.001647750834260289191904885047,private
view_b,high,1000000,short,typical,measured,0,0.9988888888888889,0.9988888888888889,2,5887.0080,4165.9200,4.4640,32.400,72.00,3.1680,14.9760,2880.0,18.3969,provider-billed input + output tokens,13.0185,normalized input + visible output tokens,0.005893556395995550546234077909,0.004170553948832035548714639056,private
view_a,not_applicable,1000000,short,typical,managed,5,1,0.9988888888888889,2,2880.00,1158.9120,,,,,,,9.00,provider-billed input + output tokens,3.6216,normalized input + visible output tokens,0.00288,0.001160201112347052267405994301,private
view_b,low,1000000,short,typical,managed,5,1,0.9988888888888889,2,3047.0080,1325.9200,4.4640,32.400,72.00,3.1680,14.9760,40.00,9.5219,provider-billed input + output tokens,4.1435,normalized input + visible output tokens,0.003047008,0.001327394883203559495802059141,private
view_b,typical,1000000,short,typical,managed,5,1,0.9988888888888889,2,3367.0080,1645.9200,4.4640,32.400,72.00,3.1680,14.9760,360.0,10.5219,provider-billed input + output tokens,5.1435,normalized input + visible output tokens,0.003367008,0.001647750834260289191904885047,private
view_b,high,1000000,short,typical,managed,5,1,0.9988888888888889,2,5887.0080,4165.9200,4.4640,32.400,72.00,3.1680,14.9760,2880.0,18.3969,provider-billed input + output tokens,13.0185,normalized input + visible output tokens,0.005887008,0.004170553948832035548714639056,private
view_a,not_applicable,1000000,short,typical,private,5,0.9988888888888889,1,2,2880.00,1158.9120,,,,,,,9.00,provider-billed input + output tokens,3.6216,normalized input + visible output tokens,0.002883203559510567264925433153,0.001158912,private
view_b,low,1000000,short,typical,private,5,0.9988888888888889,1,2,3047.0080,1325.9200,4.4640,32.400,72.00,3.1680,14.9760,40.00,9.5219,provider-billed input + output tokens,4.1435,normalized input + visible output tokens,0.003050397330367074493321497994,0.00132592,private
view_b,typical,1000000,short,typical,private,5,0.9988888888888889,1,2,3367.0080,1645.9200,4.4640,32.400,72.00,3.1680,14.9760,360.0,10.5219,provider-billed input + output tokens,5.1435,normalized input + visible output tokens,0.003370753281423804189424323900,0.00164592,private
view_b,high,1000000,short,typical,private,5,0.9988888888888889,1,2,5887.0080,4165.9200,4.4640,32.400,72.00,3.1680,14.9760,2880.0,18.3969,provider-billed input + output tokens,13.0185,normalized input + visible output tokens,0.005893556395995550546234077909,0.00416592,private
view_a,not_applicable,1000000,short,high,managed,-5,0.9488888888888889,0.9988888888888889,1,2880.00,579.4560,,,,,,,9.00,provider-billed input + output tokens,1.8108,normalized input + visible output tokens,0.003035128805620608863757273939,0.0005801005561735261337029971505,private
view_b,low,1000000,short,high,managed,-5,0.9488888888888889,0.9988888888888889,1,3047.0080,746.4640,4.4640,32.400,72.00,3.1680,14.9760,40.00,9.5219,provider-billed input + output tokens,2.3327,normalized input + visible output tokens,0.003211132552693208393312265191,0.0007472943270300333620990619908,private
view_b,typical,1000000,short,high,managed,-5,0.9488888888888889,0.9988888888888889,1,3367.0080,1066.4640,4.4640,32.400,72.00,3.1680,14.9760,360.0,10.5219,provider-billed input + output tokens,3.3327,normalized input + visible output tokens,0.003548369086651053822618628962,0.001067650278086763058201887897,private
view_b,high,1000000,short,high,managed,-5,0.9488888888888889,0.9988888888888889,1,5887.0080,3586.4640,4.4640,32.400,72.00,3.1680,14.9760,2880.0,18.3969,provider-billed input + output tokens,11.2077,normalized input + visible output tokens,0.006204106791569086578406243658,0.003590453392658509415011641906,private
view_a,not_applicable,1000000,short,high,private,-5,0.9988888888888889,0.9488888888888889,1,2880.00,579.4560,,,,,,,9.00,provider-billed input + output tokens,1.8108,normalized input + visible output tokens,0.002883203559510567264925433153,0.0006106679156908665033879635165,private
view_b,low,1000000,short,high,private,-5,0.9988888888888889,0.9488888888888889,1,3047.0080,746.4640,4.4640,32.400,72.00,3.1680,14.9760,40.00,9.5219,provider-billed input + output tokens,2.3327,normalized input + visible output tokens,0.003050397330367074493321497994,0.0007866716627634660329429547686,private
view_b,typical,1000000,short,high,private,-5,0.9988888888888889,0.9488888888888889,1,3367.0080,1066.4640,4.4640,32.400,72.00,3.1680,14.9760,360.0,10.5219,provider-billed input + output tokens,3.3327,normalized input + visible output tokens,0.003370753281423804189424323900,0.001123908196721311462249318540,private
view_b,high,1000000,short,high,private,-5,0.9988888888888889,0.9488888888888889,1,5887.0080,3586.4640,4.4640,32.400,72.00,3.1680,14.9760,2880.0,18.3969,provider-billed input + output tokens,11.2077,normalized input + visible output tokens,0.005893556395995550546234077909,0.003779645901639344218036933236,private
view_a,not_applicable,1000000,short,high,measured,0,0.9988888888888889,0.9988888888888889,1,2880.00,579.4560,,,,,,,9.00,provider-billed input + output tokens,1.8108,normalized input + visible output tokens,0.002883203559510567264925433153,0.0005801005561735261337029971505,private
view_b,low,1000000,short,high,measured,0,0.9988888888888889,0.9988888888888889,1,3047.0080,746.4640,4.4640,32.400,72.00,3.1680,14.9760,40.00,9.5219,provider-billed input + output tokens,2.3327,normalized input + visible output tokens,0.003050397330367074493321497994,0.0007472943270300333620990619908,private
view_b,typical,1000000,short,high,measured,0,0.9988888888888889,0.9988888888888889,1,3367.0080,1066.4640,4.4640,32.400,72.00,3.1680,14.9760,360.0,10.5219,provider-billed input + output tokens,3.3327,normalized input + visible output tokens,0.003370753281423804189424323900,0.001067650278086763058201887897,private
view_b,high,1000000,short,high,measured,0,0.9988888888888889,0.9988888888888889,1,5887.0080,3586.4640,4.4640,32.400,72.00,3.1680,14.9760,2880.0,18.3969,provider-billed input + output tokens,11.2077,normalized input + visible output tokens,0.005893556395995550546234077909,0.003590453392658509415011641906,private
view_a,not_applicable,1000000,short,high,managed,5,1,0.9988888888888889,1,2880.00,579.4560,,,,,,,9.00,provider-billed input + output tokens,1.8108,normalized input + visible output tokens,0.00288,0.0005801005561735261337029971505,private
view_b,low,1000000,short,high,managed,5,1,0.9988888888888889,1,3047.0080,746.4640,4.4640,32.400,72.00,3.1680,14.9760,40.00,9.5219,provider-billed input + output tokens,2.3327,normalized input + visible output tokens,0.003047008,0.0007472943270300333620990619908,private
view_b,typical,1000000,short,high,managed,5,1,0.9988888888888889,1,3367.0080,1066.4640,4.4640,32.400,72.00,3.1680,14.9760,360.0,10.5219,provider-billed input + output tokens,3.3327,normalized input + visible output tokens,0.003367008,0.001067650278086763058201887897,private
view_b,high,1000000,short,high,managed,5,1,0.9988888888888889,1,5887.0080,3586.4640,4.4640,32.400,72.00,3.1680,14.9760,2880.0,18.3969,provider-billed input + output tokens,11.2077,normalized input + visible output tokens,0.005887008,0.003590453392658509415011641906,private
view_a,not_applicable,1000000,short,high,private,5,0.9988888888888889,1,1,2880.00,579.4560,,,,,,,9.00,provider-billed input + output tokens,1.8108,normalized input + visible output tokens,0.002883203559510567264925433153,0.000579456,private
view_b,low,1000000,short,high,private,5,0.9988888888888889,1,1,3047.0080,746.4640,4.4640,32.400,72.00,3.1680,14.9760,40.00,9.5219,provider-billed input + output tokens,2.3327,normalized input + visible output tokens,0.003050397330367074493321497994,0.000746464,private
view_b,typical,1000000,short,high,private,5,0.9988888888888889,1,1,3367.0080,1066.4640,4.4640,32.400,72.00,3.1680,14.9760,360.0,10.5219,provider-billed input + output tokens,3.3327,normalized input + visible output tokens,0.003370753281423804189424323900,0.001066464,private
view_b,high,1000000,short,high,private,5,0.9988888888888889,1,1,5887.0080,3586.4640,4.4640,32.400,72.00,3.1680,14.9760,2880.0,18.3969,provider-billed input + output tokens,11.2077,normalized input + visible output tokens,0.005893556395995550546234077909,0.003586464,private
view_a,not_applicable,1000000,medium,low,managed,-5,0.9488888888888889,0.9988888888888889,10,11520.00,5794.5600,,,,,,,9.00,provider-billed input + output tokens,4.5270,normalized input + visible output tokens,0.01214051522248243545502909576,0.005801005561735261337029971505,private
view_b,low,1000000,medium,low,managed,-5,0.9488888888888889,0.9988888888888889,10,11687.0080,5961.5680,4.4640,32.400,72.00,3.1680,14.9760,40.00,9.130475,provider-billed input + output tokens,4.657475,normalized input + visible output tokens,0.01231651896955503498458408701,0.005968199332591768565426036345,private
view_b,typical,1000000,medium,low,managed,-5,0.9488888888888889,0.9988888888888889,10,12007.0080,6281.5680,4.4640,32.400,72.00,3.1680,14.9760,360.0,9.380475,provider-billed input + output tokens,4.907475,normalized input + visible output tokens,0.01265375550351288041389045078,0.006288555283648498261528862251,private
view_b,high,1000000,medium,low,managed,-5,0.9488888888888889,0.9988888888888889,10,14527.0080,8801.5680,4.4640,32.400,72.00,3.1680,14.9760,2880.0,11.349225,provider-billed input + output tokens,6.876225,normalized input + visible output tokens,0.01530949320843091316967806548,0.008811358398220244618338616260,private
view_a,not_applicable,1000000,medium,low,private,-5,0.9988888888888889,0.9488888888888889,10,11520.00,5794.5600,,,,,,,9.00,provider-billed input + output tokens,4.5270,normalized input + visible output tokens,0.01153281423804226905970173261,0.006106679156908665033879635165,private
view_b,low,1000000,medium,low,private,-5,0.9988888888888889,0.9488888888888889,10,11687.0080,5961.5680,4.4640,32.400,72.00,3.1680,14.9760,40.00,9.130475,provider-billed input + output tokens,4.657475,normalized input + visible output tokens,0.01170000800889877628809779745,0.006282682903981264563434626417,private
view_b,typical,1000000,medium,low,private,-5,0.9988888888888889,0.9488888888888889,10,12007.0080,6281.5680,4.4640,32.400,72.00,3.1680,14.9760,360.0,9.380475,provider-billed input + output tokens,4.907475,normalized input + visible output tokens,0.01202036395995550598420062336,0.006619919437939109992740990188,private
view_b,high,1000000,medium,low,private,-5,0.9988888888888889,0.9488888888888889,10,14527.0080,8801.5680,4.4640,32.400,72.00,3.1680,14.9760,2880.0,11.349225,provider-billed input + output tokens,6.876225,normalized input + visible output tokens,0.01454316707452725234101037737,0.009275657142857142748528604885,private
view_a,not_applicable,1000000,medium,low,measured,0,0.9988888888888889,0.9988888888888889,10,11520.00,5794.5600,,,,,,,9.00,provider-billed input + output tokens,4.5270,normalized input + visible output tokens,0.01153281423804226905970173261,0.005801005561735261337029971505,private
view_b,low,1000000,medium,low,measured,0,0.9988888888888889,0.9988888888888889,10,11687.0080,5961.5680,4.4640,32.400,72.00,3.1680,14.9760,40.00,9.130475,provider-billed input + output tokens,4.657475,normalized input + visible output tokens,0.01170000800889877628809779745,0.005968199332591768565426036345,private
view_b,typical,1000000,medium,low,measured,0,0.9988888888888889,0.9988888888888889,10,12007.0080,6281.5680,4.4640,32.400,72.00,3.1680,14.9760,360.0,9.380475,provider-billed input + output tokens,4.907475,normalized input + visible output tokens,0.01202036395995550598420062336,0.006288555283648498261528862251,private
view_b,high,1000000,medium,low,measured,0,0.9988888888888889,0.9988888888888889,10,14527.0080,8801.5680,4.4640,32.400,72.00,3.1680,14.9760,2880.0,11.349225,provider-billed input + output tokens,6.876225,normalized input + visible output tokens,0.01454316707452725234101037737,0.008811358398220244618338616260,private
view_a,not_applicable,1000000,medium,low,managed,5,1,0.9988888888888889,10,11520.00,5794.5600,,,,,,,9.00,provider-billed input + output tokens,4.5270,normalized input + visible output tokens,0.01152,0.005801005561735261337029971505,private
view_b,low,1000000,medium,low,managed,5,1,0.9988888888888889,10,11687.0080,5961.5680,4.4640,32.400,72.00,3.1680,14.9760,40.00,9.130475,provider-billed input + output tokens,4.657475,normalized input + visible output tokens,0.011687008,0.005968199332591768565426036345,private
view_b,typical,1000000,medium,low,managed,5,1,0.9988888888888889,10,12007.0080,6281.5680,4.4640,32.400,72.00,3.1680,14.9760,360.0,9.380475,provider-billed input + output tokens,4.907475,normalized input + visible output tokens,0.012007008,0.006288555283648498261528862251,private
view_b,high,1000000,medium,low,managed,5,1,0.9988888888888889,10,14527.0080,8801.5680,4.4640,32.400,72.00,3.1680,14.9760,2880.0,11.349225,provider-billed input + output tokens,6.876225,normalized input + visible output tokens,0.014527008,0.008811358398220244618338616260,private
view_a,not_applicable,1000000,medium,low,private,5,0.9988888888888889,1,10,11520.00,5794.5600,,,,,,,9.00,provider-billed input + output tokens,4.5270,normalized input + visible output tokens,0.01153281423804226905970173261,0.00579456,private
view_b,low,1000000,medium,low,private,5,0.9988888888888889,1,10,11687.0080,5961.5680,4.4640,32.400,72.00,3.1680,14.9760,40.00,9.130475,provider-billed input + output tokens,4.657475,normalized input + visible output tokens,0.01170000800889877628809779745,0.005961568,private
view_b,typical,1000000,medium,low,private,5,0.9988888888888889,1,10,12007.0080,6281.5680,4.4640,32.400,72.00,3.1680,14.9760,360.0,9.380475,provider-billed input + output tokens,4.907475,normalized input + visible output tokens,0.01202036395995550598420062336,0.006281568,private
view_b,high,1000000,medium,low,private,5,0.9988888888888889,1,10,14527.0080,8801.5680,4.4640,32.400,72.00,3.1680,14.9760,2880.0,11.349225,provider-billed input + output tokens,6.876225,normalized input + visible output tokens,0.01454316707452725234101037737,0.008801568,private
view_a,not_applicable,1000000,medium,typical,managed,-5,0.9488888888888889,0.9988888888888889,2,11520.00,1158.9120,,,,,,,9.00,provider-billed input + output tokens,0.9054,normalized input + visible output tokens,0.01214051522248243545502909576,0.001160201112347052267405994301,private
view_b,low,1000000,medium,typical,managed,-5,0.9488888888888889,0.9988888888888889,2,11687.0080,1325.9200,4.4640,32.400,72.00,3.1680,14.9760,40.00,9.130475,provider-billed input + output tokens,1.035875,normalized input + visible output tokens,0.01231651896955503498458408701,0.001327394883203559495802059141,private
view_b,typical,1000000,medium,typical,managed,-5,0.9488888888888889,0.9988888888888889,2,12007.0080,1645.9200,4.4640,32.400,72.00,3.1680,14.9760,360.0,9.380475,provider-billed input + output tokens,1.285875,normalized input + visible output tokens,0.01265375550351288041389045078,0.001647750834260289191904885047,private
view_b,high,1000000,medium,typical,managed,-5,0.9488888888888889,0.9988888888888889,2,14527.0080,4165.9200,4.4640,32.400,72.00,3.1680,14.9760,2880.0,11.349225,provider-billed input + output tokens,3.254625,normalized input + visible output tokens,0.01530949320843091316967806548,0.004170553948832035548714639056,private
view_a,not_applicable,1000000,medium,typical,private,-5,0.9988888888888889,0.9488888888888889,2,11520.00,1158.9120,,,,,,,9.00,provider-billed input + output tokens,0.9054,normalized input + visible output tokens,0.01153281423804226905970173261,0.001221335831381733006775927033,private
view_b,low,1000000,medium,typical,private,-5,0.9988888888888889,0.9488888888888889,2,11687.0080,1325.9200,4.4640,32.400,72.00,3.1680,14.9760,40.00,9.130475,provider-billed input + output tokens,1.035875,normalized input + visible output tokens,0.01170000800889877628809779745,0.001397339578454332536330918285,private
view_b,typical,1000000,medium,typical,private,-5,0.9988888888888889,0.9488888888888889,2,12007.0080,1645.9200,4.4640,32.400,72.00,3.1680,14.9760,360.0,9.380475,provider-billed input + output tokens,1.285875,normalized input + visible output tokens,0.01202036395995550598420062336,0.001734576112412177965637282056,private
view_b,high,1000000,medium,typical,private,-5,0.9988888888888889,0.9488888888888889,2,14527.0080,4165.9200,4.4640,32.400,72.00,3.1680,14.9760,2880.0,11.349225,provider-billed input + output tokens,3.254625,normalized input + visible output tokens,0.01454316707452725234101037737,0.004390313817330210721424896753,private
view_a,not_applicable,1000000,medium,typical,measured,0,0.9988888888888889,0.9988888888888889,2,11520.00,1158.9120,,,,,,,9.00,provider-billed input + output tokens,0.9054,normalized input + visible output tokens,0.01153281423804226905970173261,0.001160201112347052267405994301,private
view_b,low,1000000,medium,typical,measured,0,0.9988888888888889,0.9988888888888889,2,11687.0080,1325.9200,4.4640,32.400,72.00,3.1680,14.9760,40.00,9.130475,provider-billed input + output tokens,1.035875,normalized input + visible output tokens,0.01170000800889877628809779745,0.001327394883203559495802059141,private
view_b,typical,1000000,medium,typical,measured,0,0.9988888888888889,0.9988888888888889,2,12007.0080,1645.9200,4.4640,32.400,72.00,3.1680,14.9760,360.0,9.380475,provider-billed input + output tokens,1.285875,normalized input + visible output tokens,0.01202036395995550598420062336,0.001647750834260289191904885047,private
view_b,high,1000000,medium,typical,measured,0,0.9988888888888889,0.9988888888888889,2,14527.0080,4165.9200,4.4640,32.400,72.00,3.1680,14.9760,2880.0,11.349225,provider-billed input + output tokens,3.254625,normalized input + visible output tokens,0.01454316707452725234101037737,0.004170553948832035548714639056,private
view_a,not_applicable,1000000,medium,typical,managed,5,1,0.9988888888888889,2,11520.00,1158.9120,,,,,,,9.00,provider-billed input + output tokens,0.9054,normalized input + visible output tokens,0.01152,0.001160201112347052267405994301,private
view_b,low,1000000,medium,typical,managed,5,1,0.9988888888888889,2,11687.0080,1325.9200,4.4640,32.400,72.00,3.1680,14.9760,40.00,9.130475,provider-billed input + output tokens,1.035875,normalized input + visible output tokens,0.011687008,0.001327394883203559495802059141,private
view_b,typical,1000000,medium,typical,managed,5,1,0.9988888888888889,2,12007.0080,1645.9200,4.4640,32.400,72.00,3.1680,14.9760,360.0,9.380475,provider-billed input + output tokens,1.285875,normalized input + visible output tokens,0.012007008,0.001647750834260289191904885047,private
view_b,high,1000000,medium,typical,managed,5,1,0.9988888888888889,2,14527.0080,4165.9200,4.4640,32.400,72.00,3.1680,14.9760,2880.0,11.349225,provider-billed input + output tokens,3.254625,normalized input + visible output tokens,0.014527008,0.004170553948832035548714639056,private
view_a,not_applicable,1000000,medium,typical,private,5,0.9988888888888889,1,2,11520.00,1158.9120,,,,,,,9.00,provider-billed input + output tokens,0.9054,normalized input + visible output tokens,0.01153281423804226905970173261,0.001158912,private
view_b,low,1000000,medium,typical,private,5,0.9988888888888889,1,2,11687.0080,1325.9200,4.4640,32.400,72.00,3.1680,14.9760,40.00,9.130475,provider-billed input + output tokens,1.035875,normalized input + visible output tokens,0.01170000800889877628809779745,0.00132592,private
view_b,typical,1000000,medium,typical,private,5,0.9988888888888889,1,2,12007.0080,1645.9200,4.4640,32.400,72.00,3.1680,14.9760,360.0,9.380475,provider-billed input + output tokens,1.285875,normalized input + visible output tokens,0.01202036395995550598420062336,0.00164592,private
view_b,high,1000000,medium,typical,private,5,0.9988888888888889,1,2,14527.0080,4165.9200,4.4640,32.400,72.00,3.1680,14.9760,2880.0,11.349225,provider-billed input + output tokens,3.254625,normalized input + visible output tokens,0.01454316707452725234101037737,0.00416592,private
view_a,not_applicable,1000000,medium,high,managed,-5,0.9488888888888889,0.9988888888888889,1,11520.00,579.4560,,,,,,,9.00,provider-billed input + output tokens,0.4527,normalized input + visible output tokens,0.01214051522248243545502909576,0.0005801005561735261337029971505,private
view_b,low,1000000,medium,high,managed,-5,0.9488888888888889,0.9988888888888889,1,11687.0080,746.4640,4.4640,32.400,72.00,3.1680,14.9760,40.00,9.130475,provider-billed input + output tokens,0.583175,normalized input + visible output tokens,0.01231651896955503498458408701,0.0007472943270300333620990619908,private
view_b,typical,1000000,medium,high,managed,-5,0.9488888888888889,0.9988888888888889,1,12007.0080,1066.4640,4.4640,32.400,72.00,3.1680,14.9760,360.0,9.380475,provider-billed input + output tokens,0.833175,normalized input + visible output tokens,0.01265375550351288041389045078,0.001067650278086763058201887897,private
view_b,high,1000000,medium,high,managed,-5,0.9488888888888889,0.9988888888888889,1,14527.0080,3586.4640,4.4640,32.400,72.00,3.1680,14.9760,2880.0,11.349225,provider-billed input + output tokens,2.801925,normalized input + visible output tokens,0.01530949320843091316967806548,0.003590453392658509415011641906,private
view_a,not_applicable,1000000,medium,high,private,-5,0.9988888888888889,0.9488888888888889,1,11520.00,579.4560,,,,,,,9.00,provider-billed input + output tokens,0.4527,normalized input + visible output tokens,0.01153281423804226905970173261,0.0006106679156908665033879635165,private
view_b,low,1000000,medium,high,private,-5,0.9988888888888889,0.9488888888888889,1,11687.0080,746.4640,4.4640,32.400,72.00,3.1680,14.9760,40.00,9.130475,provider-billed input + output tokens,0.583175,normalized input + visible output tokens,0.01170000800889877628809779745,0.0007866716627634660329429547686,private
view_b,typical,1000000,medium,high,private,-5,0.9988888888888889,0.9488888888888889,1,12007.0080,1066.4640,4.4640,32.400,72.00,3.1680,14.9760,360.0,9.380475,provider-billed input + output tokens,0.833175,normalized input + visible output tokens,0.01202036395995550598420062336,0.001123908196721311462249318540,private
view_b,high,1000000,medium,high,private,-5,0.9988888888888889,0.9488888888888889,1,14527.0080,3586.4640,4.4640,32.400,72.00,3.1680,14.9760,2880.0,11.349225,provider-billed input + output tokens,2.801925,normalized input + visible output tokens,0.01454316707452725234101037737,0.003779645901639344218036933236,private
view_a,not_applicable,1000000,medium,high,measured,0,0.9988888888888889,0.9988888888888889,1,11520.00,579.4560,,,,,,,9.00,provider-billed input + output tokens,0.4527,normalized input + visible output tokens,0.01153281423804226905970173261,0.0005801005561735261337029971505,private
view_b,low,1000000,medium,high,measured,0,0.9988888888888889,0.9988888888888889,1,11687.0080,746.4640,4.4640,32.400,72.00,3.1680,14.9760,40.00,9.130475,provider-billed input + output tokens,0.583175,normalized input + visible output tokens,0.01170000800889877628809779745,0.0007472943270300333620990619908,private
view_b,typical,1000000,medium,high,measured,0,0.9988888888888889,0.9988888888888889,1,12007.0080,1066.4640,4.4640,32.400,72.00,3.1680,14.9760,360.0,9.380475,provider-billed input + output tokens,0.833175,normalized input + visible output tokens,0.01202036395995550598420062336,0.001067650278086763058201887897,private
view_b,high,1000000,medium,high,measured,0,0.9988888888888889,0.9988888888888889,1,14527.0080,3586.4640,4.4640,32.400,72.00,3.1680,14.9760,2880.0,11.349225,provider-billed input + output tokens,2.801925,normalized input + visible output tokens,0.01454316707452725234101037737,0.003590453392658509415011641906,private
view_a,not_applicable,1000000,medium,high,managed,5,1,0.9988888888888889,1,11520.00,579.4560,,,,,,,9.00,provider-billed input + output tokens,0.4527,normalized input + visible output tokens,0.01152,0.0005801005561735261337029971505,private
view_b,low,1000000,medium,high,managed,5,1,0.9988888888888889,1,11687.0080,746.4640,4.4640,32.400,72.00,3.1680,14.9760,40.00,9.130475,provider-billed input + output tokens,0.583175,normalized input + visible output tokens,0.011687008,0.0007472943270300333620990619908,private
view_b,typical,1000000,medium,high,managed,5,1,0.9988888888888889,1,12007.0080,1066.4640,4.4640,32.400,72.00,3.1680,14.9760,360.0,9.380475,provider-billed input + output tokens,0.833175,normalized input + visible output tokens,0.012007008,0.001067650278086763058201887897,private
view_b,high,1000000,medium,high,managed,5,1,0.9988888888888889,1,14527.0080,3586.4640,4.4640,32.400,72.00,3.1680,14.9760,2880.0,11.349225,provider-billed input + output tokens,2.801925,normalized input + visible output tokens,0.014527008,0.003590453392658509415011641906,private
view_a,not_applicable,1000000,medium,high,private,5,0.9988888888888889,1,1,11520.00,579.4560,,,,,,,9.00,provider-billed input + output tokens,0.4527,normalized input + visible output tokens,0.01153281423804226905970173261,0.000579456,private
view_b,low,1000000,medium,high,private,5,0.9988888888888889,1,1,11687.0080,746.4640,4.4640,32.400,72.00,3.1680,14.9760,40.00,9.130475,provider-billed input + output tokens,0.583175,normalized input + visible output tokens,0.01170000800889877628809779745,0.000746464,private
view_b,typical,1000000,medium,high,private,5,0.9988888888888889,1,1,12007.0080,1066.4640,4.4640,32.400,72.00,3.1680,14.9760,360.0,9.380475,provider-billed input + output tokens,0.833175,normalized input + visible output tokens,0.01202036395995550598420062336,0.001066464,private
view_b,high,1000000,medium,high,private,5,0.9988888888888889,1,1,14527.0080,3586.4640,4.4640,32.400,72.00,3.1680,14.9760,2880.0,11.349225,provider-billed input + output tokens,2.801925,normalized input + visible output tokens,0.01454316707452725234101037737,0.003586464,private
