view,operations_sensitivity,monthly_requests,token_profile,utilization_tier,quality_sensitivity_path,quality_delta_points,managed_quality_rate,private_quality_rate,replicas,managed_total_usd,private_total_usd,gateway_runtime_usd,network_nat_usd,control_plane_usd,shared_storage_usd,observability_usd,operations_engineering_allocation_usd,managed_cost_per_1m_provider_billed_tokens_usd,managed_token_definition,private_cost_per_1m_normalized_tokens_usd,private_token_definition,managed_cost_per_correct_task_usd,private_cost_per_correct_task_usd,lower_cost_path
view_a,not_applicable,10000,short,low,managed,-5,0.3566666666666667,0.4066666666666667,1,28.80,579.4560,,,,,,,9.00,provider-billed input + output tokens,181.0800,normalized input + visible output tokens,0.008074766355140186161236789239,0.1424891803278688407795753830,managed
view_b,low,10000,short,low,managed,-5,0.3566666666666667,0.4066666666666667,1,195.8080,746.4640,4.4640,32.400,72.00,3.1680,14.9760,40.00,61.1900,provider-billed input + output tokens,233.2700,normalized input + visible output tokens,0.05489943925233644346734212595,0.1835567213114753947904326794,managed
view_b,typical,10000,short,low,managed,-5,0.3566666666666667,0.4066666666666667,1,515.8080,1066.4640,4.4640,32.400,72.00,3.1680,14.9760,360.0,161.1900,provider-billed input + output tokens,333.2700,normalized input + visible output tokens,0.1446190654205607341477508953,0.2622452459016393227667831228,managed
view_b,high,10000,short,low,managed,-5,0.3566666666666667,0.4066666666666667,1,3035.8080,3586.4640,4.4640,32.400,72.00,3.1680,14.9760,2880.0,948.6900,provider-billed input + output tokens,1120.7700,normalized input + visible output tokens,0.8511611214953270232559699537,0.8819173770491802555805428648,managed
view_a,not_applicable,10000,short,low,private,-5,0.4066666666666667,0.3566666666666667,1,28.80,579.4560,,,,,,,9.00,provider-billed input + output tokens,181.0800,normalized input + visible output tokens,0.007081967213114753517871539909,0.1624642990654205455640841995,managed
view_b,low,10000,short,low,private,-5,0.4066666666666667,0.3566666666666667,1,195.8080,746.4640,4.4640,32.400,72.00,3.1680,14.9760,40.00,61.1900,provider-billed input + output tokens,233.2700,normalized input + visible output tokens,0.04814950819672130752872883633,0.2092889719626168028701895362,managed
view_b,typical,10000,short,low,private,-5,0.4066666666666667,0.3566666666666667,1,515.8080,1066.4640,4.4640,32.400,72.00,3.1680,14.9760,360.0,161.1900,provider-billed input + output tokens,333.2700,normalized input + visible output tokens,0.1268380327868852355050792798,0.2990085981308410935505983055,managed
view_b,high,10000,short,low,private,-5,0.4066666666666667,0.3566666666666667,1,3035.8080,3586.4640,4.4640,32.400,72.00,3.1680,14.9760,2880.0,948.6900,provider-billed input + output tokens,1120.7700,normalized input + visible output tokens,0.7465101639344261683188390218,1.005550654205607382658817364,managed
view_a,not_applicable,10000,short,low,measured,0,0.4066666666666667,0.4066666666666667,1,28.80,579.4560,,,,,,,9.00,provider-billed input + output tokens,181.0800,normalized input + visible output tokens,0.007081967213114753517871539909,0.1424891803278688407795753830,managed
view_b,low,10000,short,low,measured,0,0.4066666666666667,0.4066666666666667,1,195.8080,746.4640,4.4640,32.400,72.00,3.1680,14.9760,40.00,61.1900,provider-billed input + output tokens,233.2700,normalized input + visible output tokens,0.04814950819672130752872883633,0.1835567213114753947904326794,managed
view_b,typical,10000,short,low,measured,0,0.4066666666666667,0.4066666666666667,1,515.8080,1066.4640,4.4640,32.400,72.00,3.1680,14.9760,360.0,161.1900,provider-billed input + output tokens,333.2700,normalized input + visible output tokens,0.1268380327868852355050792798,0.2622452459016393227667831228,managed
view_b,high,10000,short,low,measured,0,0.4066666666666667,0.4066666666666667,1,3035.8080,3586.4640,4.4640,32.400,72.00,3.1680,14.9760,2880.0,948.6900,provider-billed input + output tokens,1120.7700,normalized input + visible output tokens,0.7465101639344261683188390218,0.8819173770491802555805428648,managed
view_a,not_applicable,10000,short,low,managed,5,0.4566666666666667,0.4066666666666667,1,28.80,579.4560,,,,,,,9.00,provider-billed input + output tokens,181.0800,normalized input + visible output tokens,0.006306569343065692970323405616,0.1424891803278688407795753830,managed
view_b,low,10000,short,low,managed,5,0.4566666666666667,0.4066666666666667,1,195.8080,746.4640,4.4640,32.400,72.00,3.1680,14.9760,40.00,61.1900,provider-billed input + output tokens,233.2700,normalized input + visible output tokens,0.04287766423357663920600990996,0.1835567213114753947904326794,managed
view_b,typical,10000,short,low,managed,5,0.4566666666666667,0.4066666666666667,1,515.8080,1066.4640,4.4640,32.400,72.00,3.1680,14.9760,360.0,161.1900,provider-billed input + output tokens,333.2700,normalized input + visible output tokens,0.1129506569343065610984921946,0.2622452459016393227667831228,managed
view_b,high,10000,short,low,managed,5,0.4566666666666667,0.4066666666666667,1,3035.8080,3586.4640,4.4640,32.400,72.00,3.1680,14.9760,2880.0,948.6900,provider-billed input + output tokens,1120.7700,normalized input + visible output tokens,0.6647754744525546960017901859,0.8819173770491802555805428648,managed
view_a,not_applicable,10000,short,low,private,5,0.4066666666666667,0.4566666666666667,1,28.80,579.4560,,,,,,,9.00,provider-billed input + output tokens,181.0800,normalized input + visible output tokens,0.007081967213114753517871539909,0.1268881751824817425629069210,managed
view_b,low,10000,short,low,private,5,0.4066666666666667,0.4566666666666667,1,195.8080,746.4640,4.4640,32.400,72.00,3.1680,14.9760,40.00,61.1900,provider-billed input + output tokens,233.2700,normalized input + visible output tokens,0.04814950819672130752872883633,0.1634592700729926887985934253,managed
view_b,typical,10000,short,low,private,5,0.4066666666666667,0.4566666666666667,1,515.8080,1066.4640,4.4640,32.400,72.00,3.1680,14.9760,360.0,161.1900,provider-billed input + output tokens,333.2700,normalized input + visible output tokens,0.1268380327868852355050792798,0.2335322627737226106910757099,managed
view_b,high,10000,short,low,private,5,0.4066666666666667,0.4566666666666667,1,3035.8080,3586.4640,4.4640,32.400,72.00,3.1680,14.9760,2880.0,948.6900,provider-billed input + output tokens,1120.7700,normalized input + visible output tokens,0.7465101639344261683188390218,0.7853570802919707455943737013,managed
view_a,not_applicable,10000,short,typical,managed,-5,0.3566666666666667,0.4066666666666667,1,28.80,579.4560,,,,,,,9.00,provider-billed input + output tokens,181.0800,normalized input + visible output tokens,0.008074766355140186161236789239,0.1424891803278688407795753830,managed
view_b,low,10000,short,typical,managed,-5,0.3566666666666667,0.4066666666666667,1,195.8080,746.4640,4.4640,32.400,72.00,3.1680,14.9760,40.00,61.1900,provider-billed input + output tokens,233.2700,normalized input + visible output tokens,0.05489943925233644346734212595,0.1835567213114753947904326794,managed
view_b,typical,10000,short,typical,managed,-5,0.3566666666666667,0.4066666666666667,1,515.8080,1066.4640,4.4640,32.400,72.00,3.1680,14.9760,360.0,161.1900,provider-billed input + output tokens,333.2700,normalized input + visible output tokens,0.1446190654205607341477508953,0.2622452459016393227667831228,managed
view_b,high,10000,short,typical,managed,-5,0.3566666666666667,0.4066666666666667,1,3035.8080,3586.4640,4.4640,32.400,72.00,3.1680,14.9760,2880.0,948.6900,provider-billed input + output tokens,1120.7700,normalized input + visible output tokens,0.8511611214953270232559699537,0.8819173770491802555805428648,managed
view_a,not_applicable,10000,short,typical,private,-5,0.4066666666666667,0.3566666666666667,1,28.80,579.4560,,,,,,,9.00,provider-billed input + output tokens,181.0800,normalized input + visible output tokens,0.007081967213114753517871539909,0.1624642990654205455640841995,managed
view_b,low,10000,short,typical,private,-5,0.4066666666666667,0.3566666666666667,1,195.8080,746.4640,4.4640,32.400,72.00,3.1680,14.9760,40.00,61.1900,provider-billed input + output tokens,233.2700,normalized input + visible output tokens,0.04814950819672130752872883633,0.2092889719626168028701895362,managed
view_b,typical,10000,short,typical,private,-5,0.4066666666666667,0.3566666666666667,1,515.8080,1066.4640,4.4640,32.400,72.00,3.1680,14.9760,360.0,161.1900,provider-billed input + output tokens,333.2700,normalized input + visible output tokens,0.1268380327868852355050792798,0.2990085981308410935505983055,managed
view_b,high,10000,short,typical,private,-5,0.4066666666666667,0.3566666666666667,1,3035.8080,3586.4640,4.4640,32.400,72.00,3.1680,14.9760,2880.0,948.6900,provider-billed input + output tokens,1120.7700,normalized input + visible output tokens,0.7465101639344261683188390218,1.005550654205607382658817364,managed
view_a,not_applicable,10000,short,typical,measured,0,0.4066666666666667,0.4066666666666667,1,28.80,579.4560,,,,,,,9.00,provider-billed input + output tokens,181.0800,normalized input + visible output tokens,0.007081967213114753517871539909,0.1424891803278688407795753830,managed
view_b,low,10000,short,typical,measured,0,0.4066666666666667,0.4066666666666667,1,195.8080,746.4640,4.4640,32.400,72.00,3.1680,14.9760,40.00,61.1900,provider-billed input + output tokens,233.2700,normalized input + visible output tokens,0.04814950819672130752872883633,0.1835567213114753947904326794,managed
view_b,typical,10000,short,typical,measured,0,0.4066666666666667,0.4066666666666667,1,515.8080,1066.4640,4.4640,32.400,72.00,3.1680,14.9760,360.0,161.1900,provider-billed input + output tokens,333.2700,normalized input + visible output tokens,0.1268380327868852355050792798,0.2622452459016393227667831228,managed
view_b,high,10000,short,typical,measured,0,0.4066666666666667,0.4066666666666667,1,3035.8080,3586.4640,4.4640,32.400,72.00,3.1680,14.9760,2880.0,948.6900,provider-billed input + output tokens,1120.7700,normalized input + visible output tokens,0.7465101639344261683188390218,0.8819173770491802555805428648,managed
view_a,not_applicable,10000,short,typical,managed,5,0.4566666666666667,0.4066666666666667,1,28.80,579.4560,,,,,,,9.00,provider-billed input + output tokens,181.0800,normalized input + visible output tokens,0.006306569343065692970323405616,0.1424891803278688407795753830,managed
view_b,low,10000,short,typical,managed,5,0.4566666666666667,0.4066666666666667,1,195.8080,746.4640,4.4640,32.400,72.00,3.1680,14.9760,40.00,61.1900,provider-billed input + output tokens,233.2700,normalized input + visible output tokens,0.04287766423357663920600990996,0.1835567213114753947904326794,managed
view_b,typical,10000,short,typical,managed,5,0.4566666666666667,0.4066666666666667,1,515.8080,1066.4640,4.4640,32.400,72.00,3.1680,14.9760,360.0,161.1900,provider-billed input + output tokens,333.2700,normalized input + visible output tokens,0.1129506569343065610984921946,0.2622452459016393227667831228,managed
view_b,high,10000,short,typical,managed,5,0.4566666666666667,0.4066666666666667,1,3035.8080,3586.4640,4.4640,32.400,72.00,3.1680,14.9760,2880.0,948.6900,provider-billed input + output tokens,1120.7700,normalized input + visible output tokens,0.6647754744525546960017901859,0.8819173770491802555805428648,managed
view_a,not_applicable,10000,short,typical,private,5,0.4066666666666667,0.4566666666666667,1,28.80,579.4560,,,,,,,9.00,provider-billed input + output tokens,181.0800,normalized input + visible output tokens,0.007081967213114753517871539909,0.1268881751824817425629069210,managed
view_b,low,10000,short,typical,private,5,0.4066666666666667,0.4566666666666667,1,195.8080,746.4640,4.4640,32.400,72.00,3.1680,14.9760,40.00,61.1900,provider-billed input + output tokens,233.2700,normalized input + visible output tokens,0.04814950819672130752872883633,0.1634592700729926887985934253,managed
view_b,typical,10000,short,typical,private,5,0.4066666666666667,0.4566666666666667,1,515.8080,1066.4640,4.4640,32.400,72.00,3.1680,14.9760,360.0,161.1900,provider-billed input + output tokens,333.2700,normalized input + visible output tokens,0.1268380327868852355050792798,0.2335322627737226106910757099,managed
view_b,high,10000,short,typical,private,5,0.4066666666666667,0.4566666666666667,1,3035.8080,3586.4640,4.4640,32.400,72.00,3.1680,14.9760,2880.0,948.6900,provider-billed input + output tokens,1120.7700,normalized input + visible output tokens,0.7465101639344261683188390218,0.7853570802919707455943737013,managed
view_a,not_applicable,10000,short,high,managed,-5,0.3566666666666667,0.4066666666666667,1,28.80,579.4560,,,,,,,9.00,provider-billed input + output tokens,181.0800,normalized input + visible output tokens,0.008074766355140186161236789239,0.1424891803278688407795753830,managed
view_b,low,10000,short,high,managed,-5,0.3566666666666667,0.4066666666666667,1,195.8080,746.4640,4.4640,32.400,72.00,3.1680,14.9760,40.00,61.1900,provider-billed input + output tokens,233.2700,normalized input + visible output tokens,0.05489943925233644346734212595,0.1835567213114753947904326794,managed
view_b,typical,10000,short,high,managed,-5,0.3566666666666667,0.4066666666666667,1,515.8080,1066.4640,4.4640,32.400,72.00,3.1680,14.9760,360.0,161.1900,provider-billed input + output tokens,333.2700,normalized input + visible output tokens,0.1446190654205607341477508953,0.2622452459016393227667831228,managed
view_b,high,10000,short,high,managed,-5,0.3566666666666667,0.4066666666666667,1,3035.8080,3586.4640,4.4640,32.400,72.00,3.1680,14.9760,2880.0,948.6900,provider-billed input + output tokens,1120.7700,normalized input + visible output tokens,0.8511611214953270232559699537,0.8819173770491802555805428648,managed
view_a,not_applicable,10000,short,high,private,-5,0.4066666666666667,0.3566666666666667,1,28.80,579.4560,,,,,,,9.00,provider-billed input + output tokens,181.0800,normalized input + visible output tokens,0.007081967213114753517871539909,0.1624642990654205455640841995,managed
view_b,low,10000,short,high,private,-5,0.4066666666666667,0.3566666666666667,1,195.8080,746.4640,4.4640,32.400,72.00,3.1680,14.9760,40.00,61.1900,provider-billed input + output tokens,233.2700,normalized input + visible output tokens,0.04814950819672130752872883633,0.2092889719626168028701895362,managed
view_b,typical,10000,short,high,private,-5,0.4066666666666667,0.3566666666666667,1,515.8080,1066.4640,4.4640,32.400,72.00,3.1680,14.9760,360.0,161.1900,provider-billed input + output tokens,333.2700,normalized input + visible output tokens,0.1268380327868852355050792798,0.2990085981308410935505983055,managed
view_b,high,10000,short,high,private,-5,0.4066666666666667,0.3566666666666667,1,3035.8080,3586.4640,4.4640,32.400,72.00,3.1680,14.9760,2880.0,948.6900,provider-billed input + output tokens,1120.7700,normalized input + visible output tokens,0.7465101639344261683188390218,1.005550654205607382658817364,managed
view_a,not_applicable,10000,short,high,measured,0,0.4066666666666667,0.4066666666666667,1,28.80,579.4560,,,,,,,9.00,provider-billed input + output tokens,181.0800,normalized input + visible output tokens,0.007081967213114753517871539909,0.1424891803278688407795753830,managed
view_b,low,10000,short,high,measured,0,0.4066666666666667,0.4066666666666667,1,195.8080,746.4640,4.4640,32.400,72.00,3.1680,14.9760,40.00,61.1900,provider-billed input + output tokens,233.2700,normalized input + visible output tokens,0.04814950819672130752872883633,0.1835567213114753947904326794,managed
view_b,typical,10000,short,high,measured,0,0.4066666666666667,0.4066666666666667,1,515.8080,1066.4640,4.4640,32.400,72.00,3.1680,14.9760,360.0,161.1900,provider-billed input + output tokens,333.2700,normalized input + visible output tokens,0.1268380327868852355050792798,0.2622452459016393227667831228,managed
view_b,high,10000,short,high,measured,0,0.4066666666666667,0.4066666666666667,1,3035.8080,3586.4640,4.4640,32.400,72.00,3.1680,14.9760,2880.0,948.6900,provider-billed input + output tokens,1120.7700,normalized input + visible output tokens,0.7465101639344261683188390218,0.8819173770491802555805428648,managed
view_a,not_applicable,10000,short,high,managed,5,0.4566666666666667,0.4066666666666667,1,28.80,579.4560,,,,,,,9.00,provider-billed input + output tokens,181.0800,normalized input + visible output tokens,0.006306569343065692970323405616,0.1424891803278688407795753830,managed
view_b,low,10000,short,high,managed,5,0.4566666666666667,0.4066666666666667,1,195.8080,746.4640,4.4640,32.400,72.00,3.1680,14.9760,40.00,61.1900,provider-billed input + output tokens,233.2700,normalized input + visible output tokens,0.04287766423357663920600990996,0.1835567213114753947904326794,managed
view_b,typical,10000,short,high,managed,5,0.4566666666666667,0.4066666666666667,1,515.8080,1066.4640,4.4640,32.400,72.00,3.1680,14.9760,360.0,161.1900,provider-billed input + output tokens,333.2700,normalized input + visible output tokens,0.1129506569343065610984921946,0.2622452459016393227667831228,managed
view_b,high,10000,short,high,managed,5,0.4566666666666667,0.4066666666666667,1,3035.8080,3586.4640,4.4640,32.400,72.00,3.1680,14.9760,2880.0,948.6900,provider-billed input + output tokens,1120.7700,normalized input + visible output tokens,0.6647754744525546960017901859,0.8819173770491802555805428648,managed
view_a,not_applicable,10000,short,high,private,5,0.4066666666666667,0.4566666666666667,1,28.80,579.4560,,,,,,,9.00,provider-billed input + output tokens,181.0800,normalized input + visible output tokens,0.007081967213114753517871539909,0.1268881751824817425629069210,managed
view_b,low,10000,short,high,private,5,0.4066666666666667,0.4566666666666667,1,195.8080,746.4640,4.4640,32.400,72.00,3.1680,14.9760,40.00,61.1900,provider-billed input + output tokens,233.2700,normalized input + visible output tokens,0.04814950819672130752872883633,0.1634592700729926887985934253,managed
view_b,typical,10000,short,high,private,5,0.4066666666666667,0.4566666666666667,1,515.8080,1066.4640,4.4640,32.400,72.00,3.1680,14.9760,360.0,161.1900,provider-billed input + output tokens,333.2700,normalized input + visible output tokens,0.1268380327868852355050792798,0.2335322627737226106910757099,managed
view_b,high,10000,short,high,private,5,0.4066666666666667,0.4566666666666667,1,3035.8080,3586.4640,4.4640,32.400,72.00,3.1680,14.9760,2880.0,948.6900,provider-billed input + output tokens,1120.7700,normalized input + visible output tokens,0.7465101639344261683188390218,0.7853570802919707455943737013,managed
view_a,not_applicable,10000,medium,low,managed,-5,0.3566666666666667,0.4066666666666667,1,115.20,579.4560,,,,,,,9.00,provider-billed input + output tokens,45.2700,normalized input + visible output tokens,0.03229906542056074464494715696,0.1424891803278688407795753830,managed
view_b,low,10000,medium,low,managed,-5,0.3566666666666667,0.4066666666666667,1,282.2080,746.4640,4.4640,32.400,72.00,3.1680,14.9760,40.00,22.0475,provider-billed input + output tokens,58.3175,normalized input + visible output tokens,0.07912373831775700195105249367,0.1835567213114753947904326794,managed
view_b,typical,10000,medium,low,managed,-5,0.3566666666666667,0.4066666666666667,1,602.2080,1066.4640,4.4640,32.400,72.00,3.1680,14.9760,360.0,47.0475,provider-billed input + output tokens,83.3175,normalized input + visible output tokens,0.1688433644859812926314612630,0.2622452459016393227667831228,managed
view_b,high,10000,medium,low,managed,-5,0.3566666666666667,0.4066666666666667,1,3122.2080,3586.4640,4.4640,32.400,72.00,3.1680,14.9760,2880.0,243.9225,provider-billed input + output tokens,280.1925,normalized input + visible output tokens,0.8753854205607475817396803214,0.8819173770491802555805428648,managed
view_a,not_applicable,10000,medium,low,private,-5,0.4066666666666667,0.3566666666666667,1,115.20,579.4560,,,,,,,9.00,provider-billed input + output tokens,45.2700,normalized input + visible output tokens,0.02832786885245901407148615963,0.1624642990654205455640841995,managed
view_b,low,10000,medium,low,private,-5,0.4066666666666667,0.3566666666666667,1,282.2080,746.4640,4.4640,32.400,72.00,3.1680,14.9760,40.00,22.0475,provider-billed input + output tokens,58.3175,normalized input + visible output tokens,0.06939540983606556808234345606,0.2092889719626168028701895362,managed
view_b,typical,10000,medium,low,private,-5,0.4066666666666667,0.3566666666666667,1,602.2080,1066.4640,4.4640,32.400,72.00,3.1680,14.9760,360.0,47.0475,provider-billed input + output tokens,83.3175,normalized input + visible output tokens,0.1480839344262294960586938995,0.2990085981308410935505983055,managed
view_b,high,10000,medium,low,private,-5,0.4066666666666667,0.3566666666666667,1,3122.2080,3586.4640,4.4640,32.400,72.00,3.1680,14.9760,2880.0,243.9225,provider-billed input + output tokens,280.1925,normalized input + visible output tokens,0.7677560655737704288724536415,1.005550654205607382658817364,managed
view_a,not_applicable,10000,medium,low,measured,0,0.4066666666666667,0.4066666666666667,1,115.20,579.4560,,,,,,,9.00,provider-billed input + output tokens,45.2700,normalized input + visible output tokens,0.02832786885245901407148615963,0.1424891803278688407795753830,managed
view_b,low,10000,medium,low,measured,0,0.4066666666666667,0.4066666666666667,1,282.2080,746.4640,4.4640,32.400,72.00,3.1680,14.9760,40.00,22.0475,provider-billed input + output tokens,58.3175,normalized input + visible output tokens,0.06939540983606556808234345606,0.1835567213114753947904326794,managed
view_b,typical,10000,medium,low,measured,0,0.4066666666666667,0.4066666666666667,1,602.2080,1066.4640,4.4640,32.400,72.00,3.1680,14.9760,360.0,47.0475,provider-billed input + output tokens,83.3175,normalized input + visible output tokens,0.1480839344262294960586938995,0.2622452459016393227667831228,managed
view_b,high,10000,medium,low,measured,0,0.4066666666666667,0.4066666666666667,1,3122.2080,3586.4640,4.4640,32.400,72.00,3.1680,14.9760,2880.0,243.9225,provider-billed input + output tokens,280.1925,normalized input + visible output tokens,0.7677560655737704288724536415,0.8819173770491802555805428648,managed
view_a,not_applicable,10000,medium,low,managed,5,0.4566666666666667,0.4066666666666667,1,115.20,579.4560,,,,,,,9.00,provider-billed input + output tokens,45.2700,normalized input + visible output tokens,0.02522627737226277188129362246,0.1424891803278688407795753830,managed
view_b,low,10000,medium,low,managed,5,0.4566666666666667,0.4066666666666667,1,282.2080,746.4640,4.4640,32.400,72.00,3.1680,14.9760,40.00,22.0475,provider-billed input + output tokens,58.3175,normalized input + visible output tokens,0.06179737226277371811698012680,0.1835567213114753947904326794,managed
view_b,typical,10000,medium,low,managed,5,0.4566666666666667,0.4066666666666667,1,602.2080,1066.4640,4.4640,32.400,72.00,3.1680,14.9760,360.0,47.0475,provider-billed input + output tokens,83.3175,normalized input + visible output tokens,0.1318703649635036400094624114,0.2622452459016393227667831228,managed
view_b,high,10000,medium,low,managed,5,0.4566666666666667,0.4066666666666667,1,3122.2080,3586.4640,4.4640,32.400,72.00,3.1680,14.9760,2880.0,243.9225,provider-billed input + output tokens,280.1925,normalized input + visible output tokens,0.6836951824817517749127604028,0.8819173770491802555805428648,managed
view_a,not_applicable,10000,medium,low,private,5,0.4066666666666667,0.4566666666666667,1,115.20,579.4560,,,,,,,9.00,provider-billed input + output tokens,45.2700,normalized input + visible output tokens,0.02832786885245901407148615963,0.1268881751824817425629069210,managed
view_b,low,10000,medium,low,private,5,0.4066666666666667,0.4566666666666667,1,282.2080,746.4640,4.4640,32.400,72.00,3.1680,14.9760,40.00,22.0475,provider-billed input + output tokens,58.3175,normalized input + visible output tokens,0.06939540983606556808234345606,0.1634592700729926887985934253,managed
view_b,typical,10000,medium,low,private,5,0.4066666666666667,0.4566666666666667,1,602.2080,1066.4640,4.4640,32.400,72.00,3.1680,14.9760,360.0,47.0475,provider-billed input + output tokens,83.3175,normalized input + visible output tokens,0.1480839344262294960586938995,0.2335322627737226106910757099,managed
view_b,high,10000,medium,low,private,5,0.4066666666666667,0.4566666666666667,1,3122.2080,3586.4640,4.4640,32.400,72.00,3.1680,14.9760,2880.0,243.9225,provider-billed input + output tokens,280.1925,normalized input + visible output tokens,0.7677560655737704288724536415,0.7853570802919707455943737013,managed
view_a,not_applicable,10000,medium,typical,managed,-5,0.3566666666666667,0.4066666666666667,1,115.20,579.4560,,,,,,,9.00,provider-billed input + output tokens,45.2700,normalized input + visible output tokens,0.03229906542056074464494715696,0.1424891803278688407795753830,managed
view_b,low,10000,medium,typical,managed,-5,0.3566666666666667,0.4066666666666667,1,282.2080,746.4640,4.4640,32.400,72.00,3.1680,14.9760,40.00,22.0475,provider-billed input + output tokens,58.3175,normalized input + visible output tokens,0.07912373831775700195105249367,0.1835567213114753947904326794,managed
view_b,typical,10000,medium,typical,managed,-5,0.3566666666666667,0.4066666666666667,1,602.2080,1066.4640,4.4640,32.400,72.00,3.1680,14.9760,360.0,47.0475,provider-billed input + output tokens,83.3175,normalized input + visible output tokens,0.1688433644859812926314612630,0.2622452459016393227667831228,managed
view_b,high,10000,medium,typical,managed,-5,0.3566666666666667,0.4066666666666667,1,3122.2080,3586.4640,4.4640,32.400,72.00,3.1680,14.9760,2880.0,243.9225,provider-billed input + output tokens,280.1925,normalized input + visible output tokens,0.8753854205607475817396803214,0.8819173770491802555805428648,managed
view_a,not_applicable,10000,medium,typical,private,-5,0.4066666666666667,0.3566666666666667,1,115.20,579.4560,,,,,,,9.00,provider-billed input + output tokens,45.2700,normalized input + visible output tokens,0.02832786885245901407148615963,0.1624642990654205455640841995,managed
view_b,low,10000,medium,typical,private,-5,0.4066666666666667,0.3566666666666667,1,282.2080,746.4640,4.4640,32.400,72.00,3.1680,14.9760,40.00,22.0475,provider-billed input + output tokens,58.3175,normalized input + visible output tokens,0.06939540983606556808234345606,0.2092889719626168028701895362,managed
view_b,typical,10000,medium,typical,private,-5,0.4066666666666667,0.3566666666666667,1,602.2080,1066.4640,4.4640,32.400,72.00,3.1680,14.9760,360.0,47.0475,provider-billed input + output tokens,83.3175,normalized input + visible output tokens,0.1480839344262294960586938995,0.2990085981308410935505983055,managed
view_b,high,10000,medium,typical,private,-5,0.4066666666666667,0.3566666666666667,1,3122.2080,3586.4640,4.4640,32.400,72.00,3.1680,14.9760,2880.0,243.9225,provider-billed input + output tokens,280.1925,normalized input + visible output tokens,0.7677560655737704288724536415,1.005550654205607382658817364,managed
view_a,not_applicable,10000,medium,typical,measured,0,0.4066666666666667,0.4066666666666667,1,115.20,579.4560,,,,,,,9.00,provider-billed input + output tokens,45.2700,normalized input + visible output tokens,0.02832786885245901407148615963,0.1424891803278688407795753830,managed
view_b,low,10000,medium,typical,measured,0,0.4066666666666667,0.4066666666666667,1,282.2080,746.4640,4.4640,32.400,72.00,3.1680,14.9760,40.00,22.0475,provider-billed input + output tokens,58.3175,normalized input + visible output tokens,0.06939540983606556808234345606,0.1835567213114753947904326794,managed
view_b,typical,10000,medium,typical,measured,0,0.4066666666666667,0.4066666666666667,1,602.2080,1066.4640,4.4640,32.400,72.00,3.1680,14.9760,360.0,47.0475,provider-billed input + output tokens,83.3175,normalized input + visible output tokens,0.1480839344262294960586938995,0.2622452459016393227667831228,managed
view_b,high,10000,medium,typical,measured,0,0.4066666666666667,0.4066666666666667,1,3122.2080,3586.4640,4.4640,32.400,72.00,3.1680,14.9760,2880.0,243.9225,provider-billed input + output tokens,280.1925,normalized input + visible output tokens,0.7677560655737704288724536415,0.8819173770491802555805428648,managed
view_a,not_applicable,10000,medium,typical,managed,5,0.4566666666666667,0.4066666666666667,1,115.20,579.4560,,,,,,,9.00,provider-billed input + output tokens,45.2700,normalized input + visible output tokens,0.02522627737226277188129362246,0.1424891803278688407795753830,managed
view_b,low,10000,medium,typical,managed,5,0.4566666666666667,0.4066666666666667,1,282.2080,746.4640,4.4640,32.400,72.00,3.1680,14.9760,40.00,22.0475,provider-billed input + output tokens,58.3175,normalized input + visible output tokens,0.06179737226277371811698012680,0.1835567213114753947904326794,managed
view_b,typical,10000,medium,typical,managed,5,0.4566666666666667,0.4066666666666667,1,602.2080,1066.4640,4.4640,32.400,72.00,3.1680,14.9760,360.0,47.0475,provider-billed input + output tokens,83.3175,normalized input + visible output tokens,0.1318703649635036400094624114,0.2622452459016393227667831228,managed
view_b,high,10000,medium,typical,managed,5,0.4566666666666667,0.4066666666666667,1,3122.2080,3586.4640,4.4640,32.400,72.00,3.1680,14.9760,2880.0,243.9225,provider-billed input + output tokens,280.1925,normalized input + visible output tokens,0.6836951824817517749127604028,0.8819173770491802555805428648,managed
view_a,not_applicable,10000,medium,typical,private,5,0.4066666666666667,0.4566666666666667,1,115.20,579.4560,,,,,,,9.00,provider-billed input + output tokens,45.2700,normalized input + visible output tokens,0.02832786885245901407148615963,0.1268881751824817425629069210,managed
view_b,low,10000,medium,typical,private,5,0.4066666666666667,0.4566666666666667,1,282.2080,746.4640,4.4640,32.400,72.00,3.1680,14.9760,40.00,22.0475,provider-billed input + output tokens,58.3175,normalized input + visible output tokens,0.06939540983606556808234345606,0.1634592700729926887985934253,managed
view_b,typical,10000,medium,typical,private,5,0.4066666666666667,0.4566666666666667,1,602.2080,1066.4640,4.4640,32.400,72.00,3.1680,14.9760,360.0,47.0475,provider-billed input + output tokens,83.3175,normalized input + visible output tokens,0.1480839344262294960586938995,0.2335322627737226106910757099,managed
view_b,high,10000,medium,typical,private,5,0.4066666666666667,0.4566666666666667,1,3122.2080,3586.4640,4.4640,32.400,72.00,3.1680,14.9760,2880.0,243.9225,provider-billed input + output tokens,280.1925,normalized input + visible output tokens,0.7677560655737704288724536415,0.7853570802919707455943737013,managed
view_a,not_applicable,10000,medium,high,managed,-5,0.3566666666666667,0.4066666666666667,1,115.20,579.4560,,,,,,,9.00,provider-billed input + output tokens,45.2700,normalized input + visible output tokens,0.03229906542056074464494715696,0.1424891803278688407795753830,managed
view_b,low,10000,medium,high,managed,-5,0.3566666666666667,0.4066666666666667,1,282.2080,746.4640,4.4640,32.400,72.00,3.1680,14.9760,40.00,22.0475,provider-billed input + output tokens,58.3175,normalized input + visible output tokens,0.07912373831775700195105249367,0.1835567213114753947904326794,managed
view_b,typical,10000,medium,high,managed,-5,0.3566666666666667,0.4066666666666667,1,602.2080,1066.4640,4.4640,32.400,72.00,3.1680,14.9760,360.0,47.0475,provider-billed input + output tokens,83.3175,normalized input + visible output tokens,0.1688433644859812926314612630,0.2622452459016393227667831228,managed
view_b,high,10000,medium,high,managed,-5,0.3566666666666667,0.4066666666666667,1,3122.2080,3586.4640,4.4640,32.400,72.00,3.1680,14.9760,2880.0,243.9225,provider-billed input + output tokens,280.1925,normalized input + visible output tokens,0.8753854205607475817396803214,0.8819173770491802555805428648,managed
view_a,not_applicable,10000,medium,high,private,-5,0.4066666666666667,0.3566666666666667,1,115.20,579.4560,,,,,,,9.00,provider-billed input + output tokens,45.2700,normalized input + visible output tokens,0.02832786885245901407148615963,0.1624642990654205455640841995,managed
view_b,low,10000,medium,high,private,-5,0.4066666666666667,0.3566666666666667,1,282.2080,746.4640,4.4640,32.400,72.00,3.1680,14.9760,40.00,22.0475,provider-billed input + output tokens,58.3175,normalized input + visible output tokens,0.06939540983606556808234345606,0.2092889719626168028701895362,managed
view_b,typical,10000,medium,high,private,-5,0.4066666666666667,0.3566666666666667,1,602.2080,1066.4640,4.4640,32.400,72.00,3.1680,14.9760,360.0,47.0475,provider-billed input + output tokens,83.3175,normalized input + visible output tokens,0.1480839344262294960586938995,0.2990085981308410935505983055,managed
view_b,high,10000,medium,high,private,-5,0.4066666666666667,0.3566666666666667,1,3122.2080,3586.4640,4.4640,32.400,72.00,3.1680,14.9760,2880.0,243.9225,provider-billed input + output tokens,280.1925,normalized input + visible output tokens,0.7677560655737704288724536415,1.005550654205607382658817364,managed
view_a,not_applicable,10000,medium,high,measured,0,0.4066666666666667,0.4066666666666667,1,115.20,579.4560,,,,,,,9.00,provider-billed input + output tokens,45.2700,normalized input + visible output tokens,0.02832786885245901407148615963,0.1424891803278688407795753830,managed
view_b,low,10000,medium,high,measured,0,0.4066666666666667,0.4066666666666667,1,282.2080,746.4640,4.4640,32.400,72.00,3.1680,14.9760,40.00,22.0475,provider-billed input + output tokens,58.3175,normalized input + visible output tokens,0.06939540983606556808234345606,0.1835567213114753947904326794,managed
view_b,typical,10000,medium,high,measured,0,0.4066666666666667,0.4066666666666667,1,602.2080,1066.4640,4.4640,32.400,72.00,3.1680,14.9760,360.0,47.0475,provider-billed input + output tokens,83.3175,normalized input + visible output tokens,0.1480839344262294960586938995,0.2622452459016393227667831228,managed
view_b,high,10000,medium,high,measured,0,0.4066666666666667,0.4066666666666667,1,3122.2080,3586.4640,4.4640,32.400,72.00,3.1680,14.9760,2880.0,243.9225,provider-billed input + output tokens,280.1925,normalized input + visible output tokens,0.7677560655737704288724536415,0.8819173770491802555805428648,managed
view_a,not_applicable,10000,medium,high,managed,5,0.4566666666666667,0.4066666666666667,1,115.20,579.4560,,,,,,,9.00,provider-billed input + output tokens,45.2700,normalized input + visible output tokens,0.02522627737226277188129362246,0.1424891803278688407795753830,managed
view_b,low,10000,medium,high,managed,5,0.4566666666666667,0.4066666666666667,1,282.2080,746.4640,4.4640,32.400,72.00,3.1680,14.9760,40.00,22.0475,provider-billed input + output tokens,58.3175,normalized input + visible output tokens,0.06179737226277371811698012680,0.1835567213114753947904326794,managed
view_b,typical,10000,medium,high,managed,5,0.4566666666666667,0.4066666666666667,1,602.2080,1066.4640,4.4640,32.400,72.00,3.1680,14.9760,360.0,47.0475,provider-billed input + output tokens,83.3175,normalized input + visible output tokens,0.1318703649635036400094624114,0.2622452459016393227667831228,managed
view_b,high,10000,medium,high,managed,5,0.4566666666666667,0.4066666666666667,1,3122.2080,3586.4640,4.4640,32.400,72.00,3.1680,14.9760,2880.0,243.9225,provider-billed input + output tokens,280.1925,normalized input + visible output tokens,0.6836951824817517749127604028,0.8819173770491802555805428648,managed
view_a,not_applicable,10000,medium,high,private,5,0.4066666666666667,0.4566666666666667,1,115.20,579.4560,,,,,,,9.00,provider-billed input + output tokens,45.2700,normalized input + visible output tokens,0.02832786885245901407148615963,0.1268881751824817425629069210,managed
view_b,low,10000,medium,high,private,5,0.4066666666666667,0.4566666666666667,1,282.2080,746.4640,4.4640,32.400,72.00,3.1680,14.9760,40.00,22.0475,provider-billed input + output tokens,58.3175,normalized input + visible output tokens,0.06939540983606556808234345606,0.1634592700729926887985934253,managed
view_b,typical,10000,medium,high,private,5,0.4066666666666667,0.4566666666666667,1,602.2080,1066.4640,4.4640,32.400,72.00,3.1680,14.9760,360.0,47.0475,provider-billed input + output tokens,83.3175,normalized input + visible output tokens,0.1480839344262294960586938995,0.2335322627737226106910757099,managed
view_b,high,10000,medium,high,private,5,0.4066666666666667,0.4566666666666667,1,3122.2080,3586.4640,4.4640,32.400,72.00,3.1680,14.9760,2880.0,243.9225,provider-billed input + output tokens,280.1925,normalized input + visible output tokens,0.7677560655737704288724536415,0.7853570802919707455943737013,managed
view_a,not_applicable,50000,short,low,managed,-5,0.3566666666666667,0.4066666666666667,1,144.00,579.4560,,,,,,,9.00,provider-billed input + output tokens,36.2160,normalized input + visible output tokens,0.008074766355140186161236789239,0.02849783606557376815591507659,managed
view_b,low,50000,short,low,managed,-5,0.3566666666666667,0.4066666666666667,1,311.0080,746.4640,4.4640,32.400,72.00,3.1680,14.9760,40.00,19.4380,provider-billed input + output tokens,46.6540,normalized input + visible output tokens,0.01743970093457943762245785658,0.03671134426229507895808653588,managed
view_b,typical,50000,short,low,managed,-5,0.3566666666666667,0.4066666666666667,1,631.0080,1066.4640,4.4640,32.400,72.00,3.1680,14.9760,360.0,39.4380,provider-billed input + output tokens,66.6540,normalized input + visible output tokens,0.03538362616822429575853961045,0.05244904918032786455335662456,managed
view_b,high,50000,short,low,managed,-5,0.3566666666666667,0.4066666666666667,1,3151.0080,3586.4640,4.4640,32.400,72.00,3.1680,14.9760,2880.0,196.9380,provider-billed input + output tokens,224.1540,normalized input + visible output tokens,0.1766920373831775535801834221,0.1763834754098360511161085730,private
view_a,not_applicable,50000,short,low,private,-5,0.4066666666666667,0.3566666666666667,1,144.00,579.4560,,,,,,,9.00,provider-billed input + output tokens,36.2160,normalized input + visible output tokens,0.007081967213114753517871539909,0.03249285981308410911281683990,managed
view_b,low,50000,short,low,private,-5,0.4066666666666667,0.3566666666666667,1,311.0080,746.4640,4.4640,32.400,72.00,3.1680,14.9760,40.00,19.4380,provider-billed input + output tokens,46.6540,normalized input + visible output tokens,0.01529547540983606432004299919,0.04185779439252336057403790724,managed
view_b,typical,50000,short,low,private,-5,0.4066666666666667,0.3566666666666667,1,631.0080,1066.4640,4.4640,32.400,72.00,3.1680,14.9760,360.0,39.4380,provider-billed input + output tokens,66.6540,normalized input + visible output tokens,0.03103318032786884991531308788,0.05980171962616821871011966111,managed
view_b,high,50000,short,low,private,-5,0.4066666666666667,0.3566666666666667,1,3151.0080,3586.4640,4.4640,32.400,72.00,3.1680,14.9760,2880.0,196.9380,provider-billed input + output tokens,224.1540,normalized input + visible output tokens,0.1549676065573770364780650363,0.2011101308411214765317634728,managed
view_a,not_applicable,50000,short,low,measured,0,0.4066666666666667,0.4066666666666667,1,144.00,579.4560,,,,,,,9.00,provider-billed input + output tokens,36.2160,normalized input + visible output tokens,0.007081967213114753517871539909,0.02849783606557376815591507659,managed
view_b,low,50000,short,low,measured,0,0.4066666666666667,0.4066666666666667,1,311.0080,746.4640,4.4640,32.400,72.00,3.1680,14.9760,40.00,19.4380,provider-billed input + output tokens,46.6540,normalized input + visible output tokens,0.01529547540983606432004299919,0.03671134426229507895808653588,managed
view_b,typical,50000,short,low,measured,0,0.4066666666666667,0.4066666666666667,1,631.0080,1066.4640,4.4640,32.400,72.00,3.1680,14.9760,360.0,39.4380,provider-billed input + output tokens,66.6540,normalized input + visible output tokens,0.03103318032786884991531308788,0.05244904918032786455335662456,managed
view_b,high,50000,short,low,measured,0,0.4066666666666667,0.4066666666666667,1,3151.0080,3586.4640,4.4640,32.400,72.00,3.1680,14.9760,2880.0,196.9380,provider-billed input + output tokens,224.1540,normalized input + visible output tokens,0.1549676065573770364780650363,0.1763834754098360511161085730,managed
view_a,not_applicable,50000,short,low,managed,5,0.4566666666666667,0.4066666666666667,1,144.00,579.4560,,,,,,,9.00,provider-billed input + output tokens,36.2160,normalized input + visible output tokens,0.006306569343065692970323405616,0.02849783606557376815591507659,managed
view_b,low,50000,short,low,managed,5,0.4566666666666667,0.4066666666666667,1,311.0080,746.4640,4.4640,32.400,72.00,3.1680,14.9760,40.00,19.4380,provider-billed input + output tokens,46.6540,normalized input + visible output tokens,0.01362078832116788221746070648,0.03671134426229507895808653588,managed
view_b,typical,50000,short,low,managed,5,0.4566666666666667,0.4066666666666667,1,631.0080,1066.4640,4.4640,32.400,72.00,3.1680,14.9760,360.0,39.4380,provider-billed input + output tokens,66.6540,normalized input + visible output tokens,0.02763538686131386659595716341,0.05244904918032786455335662456,managed
view_b,high,50000,short,low,managed,5,0.4566666666666667,0.4066666666666667,1,3151.0080,3586.4640,4.4640,32.400,72.00,3.1680,14.9760,2880.0,196.9380,provider-billed input + output tokens,224.1540,normalized input + visible output tokens,0.1380003503649634935766167617,0.1763834754098360511161085730,managed
view_a,not_applicable,50000,short,low,private,5,0.4066666666666667,0.4566666666666667,1,144.00,579.4560,,,,,,,9.00,provider-billed input + output tokens,36.2160,normalized input + visible output tokens,0.007081967213114753517871539909,0.02537763503649634851258138420,managed
view_b,low,50000,short,low,private,5,0.4066666666666667,0.4566666666666667,1,311.0080,746.4640,4.4640,32.400,72.00,3.1680,14.9760,40.00,19.4380,provider-billed input + output tokens,46.6540,normalized input + visible output tokens,0.01529547540983606432004299919,0.03269185401459853775971868507,managed
view_b,typical,50000,short,low,private,5,0.4066666666666667,0.4566666666666667,1,631.0080,1066.4640,4.4640,32.400,72.00,3.1680,14.9760,360.0,39.4380,provider-billed input + output tokens,66.6540,normalized input + visible output tokens,0.03103318032786884991531308788,0.04670645255474452213821514199,managed
view_b,high,50000,short,low,private,5,0.4066666666666667,0.4566666666666667,1,3151.0080,3586.4640,4.4640,32.400,72.00,3.1680,14.9760,2880.0,196.9380,provider-billed input + output tokens,224.1540,normalized input + visible output tokens,0.1549676065573770364780650363,0.1570714160583941491188747403,managed
view_a,not_applicable,50000,short,typical,managed,-5,0.3566666666666667,0.4066666666666667,1,144.00,579.4560,,,,,,,9.00,provider-billed input + output tokens,36.2160,normalized input + visible output tokens,0.008074766355140186161236789239,0.02849783606557376815591507659,managed
view_b,low,50000,short,typical,managed,-5,0.3566666666666667,0.4066666666666667,1,311.0080,746.4640,4.4640,32.400,72.00,3.1680,14.9760,40.00,19.4380,provider-billed input + output tokens,46.6540,normalized input + visible output tokens,0.01743970093457943762245785658,0.03671134426229507895808653588,managed
view_b,typical,50000,short,typical,managed,-5,0.3566666666666667,0.4066666666666667,1,631.0080,1066.4640,4.4640,32.400,72.00,3.1680,14.9760,360.0,39.4380,provider-billed input + output tokens,66.6540,normalized input + visible output tokens,0.03538362616822429575853961045,0.05244904918032786455335662456,managed
view_b,high,50000,short,typical,managed,-5,0.3566666666666667,0.4066666666666667,1,3151.0080,3586.4640,4.4640,32.400,72.00,3.1680,14.9760,2880.0,196.9380,provider-billed input + output tokens,224.1540,normalized input + visible output tokens,0.1766920373831775535801834221,0.1763834754098360511161085730,private
view_a,not_applicable,50000,short,typical,private,-5,0.4066666666666667,0.3566666666666667,1,144.00,579.4560,,,,,,,9.00,provider-billed input + output tokens,36.2160,normalized input + visible output tokens,0.007081967213114753517871539909,0.03249285981308410911281683990,managed
view_b,low,50000,short,typical,private,-5,0.4066666666666667,0.3566666666666667,1,311.0080,746.4640,4.4640,32.400,72.00,3.1680,14.9760,40.00,19.4380,provider-billed input + output tokens,46.6540,normalized input + visible output tokens,0.01529547540983606432004299919,0.04185779439252336057403790724,managed
view_b,typical,50000,short,typical,private,-5,0.4066666666666667,0.3566666666666667,1,631.0080,1066.4640,4.4640,32.400,72.00,3.1680,14.9760,360.0,39.4380,provider-billed input + output tokens,66.6540,normalized input + visible output tokens,0.03103318032786884991531308788,0.05980171962616821871011966111,managed
view_b,high,50000,short,typical,private,-5,0.4066666666666667,0.3566666666666667,1,3151.0080,3586.4640,4.4640,32.400,72.00,3.1680,14.9760,2880.0,196.9380,provider-billed input + output tokens,224.1540,normalized input + visible output tokens,0.1549676065573770364780650363,0.2011101308411214765317634728,managed
view_a,not_applicable,50000,short,typical,measured,0,0.4066666666666667,0.4066666666666667,1,144.00,579.4560,,,,,,,9.00,provider-billed input + output tokens,36.2160,normalized input + visible output tokens,0.007081967213114753517871539909,0.02849783606557376815591507659,managed
view_b,low,50000,short,typical,measured,0,0.4066666666666667,0.4066666666666667,1,311.0080,746.4640,4.4640,32.400,72.00,3.1680,14.9760,40.00,19.4380,provider-billed input + output tokens,46.6540,normalized input + visible output tokens,0.01529547540983606432004299919,0.03671134426229507895808653588,managed
view_b,typical,50000,short,typical,measured,0,0.4066666666666667,0.4066666666666667,1,631.0080,1066.4640,4.4640,32.400,72.00,3.1680,14.9760,360.0,39.4380,provider-billed input + output tokens,66.6540,normalized input + visible output tokens,0.03103318032786884991531308788,0.05244904918032786455335662456,managed
view_b,high,50000,short,typical,measured,0,0.4066666666666667,0.4066666666666667,1,3151.0080,3586.4640,4.4640,32.400,72.00,3.1680,14.9760,2880.0,196.9380,provider-billed input + output tokens,224.1540,normalized input + visible output tokens,0.1549676065573770364780650363,0.1763834754098360511161085730,managed
view_a,not_applicable,50000,short,typical,managed,5,0.4566666666666667,0.4066666666666667,1,144.00,579.4560,,,,,,,9.00,provider-billed input + output tokens,36.2160,normalized input + visible output tokens,0.006306569343065692970323405616,0.02849783606557376815591507659,managed
view_b,low,50000,short,typical,managed,5,0.4566666666666667,0.4066666666666667,1,311.0080,746.4640,4.4640,32.400,72.00,3.1680,14.9760,40.00,19.4380,provider-billed input + output tokens,46.6540,normalized input + visible output tokens,0.01362078832116788221746070648,0.03671134426229507895808653588,managed
view_b,typical,50000,short,typical,managed,5,0.4566666666666667,0.4066666666666667,1,631.0080,1066.4640,4.4640,32.400,72.00,3.1680,14.9760,360.0,39.4380,provider-billed input + output tokens,66.6540,normalized input + visible output tokens,0.02763538686131386659595716341,0.05244904918032786455335662456,managed
view_b,high,50000,short,typical,managed,5,0.4566666666666667,0.4066666666666667,1,3151.0080,3586.4640,4.4640,32.400,72.00,3.1680,14.9760,2880.0,196.9380,provider-billed input + output tokens,224.1540,normalized input + visible output tokens,0.1380003503649634935766167617,0.1763834754098360511161085730,managed
view_a,not_applicable,50000,short,typical,private,5,0.4066666666666667,0.4566666666666667,1,144.00,579.4560,,,,,,,9.00,provider-billed input + output tokens,36.2160,normalized input + visible output tokens,0.007081967213114753517871539909,0.02537763503649634851258138420,managed
view_b,low,50000,short,typical,private,5,0.4066666666666667,0.4566666666666667,1,311.0080,746.4640,4.4640,32.400,72.00,3.1680,14.9760,40.00,19.4380,provider-billed input + output tokens,46.6540,normalized input + visible output tokens,0.01529547540983606432004299919,0.03269185401459853775971868507,managed
view_b,typical,50000,short,typical,private,5,0.4066666666666667,0.4566666666666667,1,631.0080,1066.4640,4.4640,32.400,72.00,3.1680,14.9760,360.0,39.4380,provider-billed input + output tokens,66.6540,normalized input + visible output tokens,0.03103318032786884991531308788,0.04670645255474452213821514199,managed
view_b,high,50000,short,typical,private,5,0.4066666666666667,0.4566666666666667,1,3151.0080,3586.4640,4.4640,32.400,72.00,3.1680,14.9760,2880.0,196.9380,provider-billed input + output tokens,224.1540,normalized input + visible output tokens,0.1549676065573770364780650363,0.1570714160583941491188747403,managed
view_a,not_applicable,50000,short,high,managed,-5,0.3566666666666667,0.4066666666666667,1,144.00,579.4560,,,,,,,9.00,provider-billed input + output tokens,36.2160,normalized input + visible output tokens,0.008074766355140186161236789239,0.02849783606557376815591507659,managed
view_b,low,50000,short,high,managed,-5,0.3566666666666667,0.4066666666666667,1,311.0080,746.4640,4.4640,32.400,72.00,3.1680,14.9760,40.00,19.4380,provider-billed input + output tokens,46.6540,normalized input + visible output tokens,0.01743970093457943762245785658,0.03671134426229507895808653588,managed
view_b,typical,50000,short,high,managed,-5,0.3566666666666667,0.4066666666666667,1,631.0080,1066.4640,4.4640,32.400,72.00,3.1680,14.9760,360.0,39.4380,provider-billed input + output tokens,66.6540,normalized input + visible output tokens,0.03538362616822429575853961045,0.05244904918032786455335662456,managed
view_b,high,50000,short,high,managed,-5,0.3566666666666667,0.4066666666666667,1,3151.0080,3586.4640,4.4640,32.400,72.00,3.1680,14.9760,2880.0,196.9380,provider-billed input + output tokens,224.1540,normalized input + visible output tokens,0.1766920373831775535801834221,0.1763834754098360511161085730,private
view_a,not_applicable,50000,short,high,private,-5,0.4066666666666667,0.3566666666666667,1,144.00,579.4560,,,,,,,9.00,provider-billed input + output tokens,36.2160,normalized input + visible output tokens,0.007081967213114753517871539909,0.03249285981308410911281683990,managed
view_b,low,50000,short,high,private,-5,0.4066666666666667,0.3566666666666667,1,311.0080,746.4640,4.4640,32.400,72.00,3.1680,14.9760,40.00,19.4380,provider-billed input + output tokens,46.6540,normalized input + visible output tokens,0.01529547540983606432004299919,0.04185779439252336057403790724,managed
view_b,typical,50000,short,high,private,-5,0.4066666666666667,0.3566666666666667,1,631.0080,1066.4640,4.4640,32.400,72.00,3.1680,14.9760,360.0,39.4380,provider-billed input + output tokens,66.6540,normalized input + visible output tokens,0.03103318032786884991531308788,0.05980171962616821871011966111,managed
view_b,high,50000,short,high,private,-5,0.4066666666666667,0.3566666666666667,1,3151.0080,3586.4640,4.4640,32.400,72.00,3.1680,14.9760,2880.0,196.9380,provider-billed input + output tokens,224.1540,normalized input + visible output tokens,0.1549676065573770364780650363,0.2011101308411214765317634728,managed
view_a,not_applicable,50000,short,high,measured,0,0.4066666666666667,0.4066666666666667,1,144.00,579.4560,,,,,,,9.00,provider-billed input + output tokens,36.2160,normalized input + visible output tokens,0.007081967213114753517871539909,0.02849783606557376815591507659,managed
view_b,low,50000,short,high,measured,0,0.4066666666666667,0.4066666666666667,1,311.0080,746.4640,4.4640,32.400,72.00,3.1680,14.9760,40.00,19.4380,provider-billed input + output tokens,46.6540,normalized input + visible output tokens,0.01529547540983606432004299919,0.03671134426229507895808653588,managed
view_b,typical,50000,short,high,measured,0,0.4066666666666667,0.4066666666666667,1,631.0080,1066.4640,4.4640,32.400,72.00,3.1680,14.9760,360.0,39.4380,provider-billed input + output tokens,66.6540,normalized input + visible output tokens,0.03103318032786884991531308788,0.05244904918032786455335662456,managed
view_b,high,50000,short,high,measured,0,0.4066666666666667,0.4066666666666667,1,3151.0080,3586.4640,4.4640,32.400,72.00,3.1680,14.9760,2880.0,196.9380,provider-billed input + output tokens,224.1540,normalized input + visible output tokens,0.1549676065573770364780650363,0.1763834754098360511161085730,managed
view_a,not_applicable,50000,short,high,managed,5,0.4566666666666667,0.4066666666666667,1,144.00,579.4560,,,,,,,9.00,provider-billed input + output tokens,36.2160,normalized input + visible output tokens,0.006306569343065692970323405616,0.02849783606557376815591507659,managed
view_b,low,50000,short,high,managed,5,0.4566666666666667,0.4066666666666667,1,311.0080,746.4640,4.4640,32.400,72.00,3.1680,14.9760,40.00,19.4380,provider-billed input + output tokens,46.6540,normalized input + visible output tokens,0.01362078832116788221746070648,0.03671134426229507895808653588,managed
view_b,typical,50000,short,high,managed,5,0.4566666666666667,0.4066666666666667,1,631.0080,1066.4640,4.4640,32.400,72.00,3.1680,14.9760,360.0,39.4380,provider-billed input + output tokens,66.6540,normalized input + visible output tokens,0.02763538686131386659595716341,0.05244904918032786455335662456,managed
view_b,high,50000,short,high,managed,5,0.4566666666666667,0.4066666666666667,1,3151.0080,3586.4640,4.4640,32.400,72.00,3.1680,14.9760,2880.0,196.9380,provider-billed input + output tokens,224.1540,normalized input + visible output tokens,0.1380003503649634935766167617,0.1763834754098360511161085730,managed
view_a,not_applicable,50000,short,high,private,5,0.4066666666666667,0.4566666666666667,1,144.00,579.4560,,,,,,,9.00,provider-billed input + output tokens,36.2160,normalized input + visible output tokens,0.007081967213114753517871539909,0.02537763503649634851258138420,managed
view_b,low,50000,short,high,private,5,0.4066666666666667,0.4566666666666667,1,311.0080,746.4640,4.4640,32.400,72.00,3.1680,14.9760,40.00,19.4380,provider-billed input + output tokens,46.6540,normalized input + visible output tokens,0.01529547540983606432004299919,0.03269185401459853775971868507,managed
view_b,typical,50000,short,high,private,5,0.4066666666666667,0.4566666666666667,1,631.0080,1066.4640,4.4640,32.400,72.00,3.1680,14.9760,360.0,39.4380,provider-billed input + output tokens,66.6540,normalized input + visible output tokens,0.03103318032786884991531308788,0.04670645255474452213821514199,managed
view_b,high,50000,short,high,private,5,0.4066666666666667,0.4566666666666667,1,3151.0080,3586.4640,4.4640,32.400,72.00,3.1680,14.9760,2880.0,196.9380,provider-billed input + output tokens,224.1540,normalized input + visible output tokens,0.1549676065573770364780650363,0.1570714160583941491188747403,managed
view_a,not_applicable,50000,medium,low,managed,-5,0.3566666666666667,0.4066666666666667,1,576.00,579.4560,,,,,,,9.00,provider-billed input + output tokens,9.0540,normalized input + visible output tokens,0.03229906542056074464494715696,0.02849783606557376815591507659,private
view_b,low,50000,medium,low,managed,-5,0.3566666666666667,0.4066666666666667,1,743.0080,746.4640,4.4640,32.400,72.00,3.1680,14.9760,40.00,11.6095,provider-billed input + output tokens,11.6635,normalized input + visible output tokens,0.04166399999999999610616822430,0.03671134426229507895808653588,private
view_b,typical,50000,medium,low,managed,-5,0.3566666666666667,0.4066666666666667,1,1063.0080,1066.4640,4.4640,32.400,72.00,3.1680,14.9760,360.0,16.6095,provider-billed input + output tokens,16.6635,normalized input + visible output tokens,0.05960792523364485424224997816,0.05244904918032786455335662456,private
view_b,high,50000,medium,low,managed,-5,0.3566666666666667,0.4066666666666667,1,3583.0080,3586.4640,4.4640,32.400,72.00,3.1680,14.9760,2880.0,55.9845,provider-billed input + output tokens,56.0385,normalized input + visible output tokens,0.2009163364485981120638937899,0.1763834754098360511161085730,private
view_a,not_applicable,50000,medium,low,private,-5,0.4066666666666667,0.3566666666666667,1,576.00,579.4560,,,,,,,9.00,provider-billed input + output tokens,9.0540,normalized input + visible output tokens,0.02832786885245901407148615963,0.03249285981308410911281683990,managed
view_b,low,50000,medium,low,private,-5,0.4066666666666667,0.3566666666666667,1,743.0080,746.4640,4.4640,32.400,72.00,3.1680,14.9760,40.00,11.6095,provider-billed input + output tokens,11.6635,normalized input + visible output tokens,0.03654137704918032487365761892,0.04185779439252336057403790724,managed
view_b,typical,50000,medium,low,private,-5,0.4066666666666667,0.3566666666666667,1,1063.0080,1066.4640,4.4640,32.400,72.00,3.1680,14.9760,360.0,16.6095,provider-billed input + output tokens,16.6635,normalized input + visible output tokens,0.05227908196721311046892770761,0.05980171962616821871011966111,managed
view_b,high,50000,medium,low,private,-5,0.4066666666666667,0.3566666666666667,1,3583.0080,3586.4640,4.4640,32.400,72.00,3.1680,14.9760,2880.0,55.9845,provider-billed input + output tokens,56.0385,normalized input + visible output tokens,0.1762135081967212970316796560,0.2011101308411214765317634728,managed
view_a,not_applicable,50000,medium,low,measured,0,0.4066666666666667,0.4066666666666667,1,576.00,579.4560,,,,,,,9.00,provider-billed input + output tokens,9.0540,normalized input + visible output tokens,0.02832786885245901407148615963,0.02849783606557376815591507659,managed
view_b,low,50000,medium,low,measured,0,0.4066666666666667,0.4066666666666667,1,743.0080,746.4640,4.4640,32.400,72.00,3.1680,14.9760,40.00,11.6095,provider-billed input + output tokens,11.6635,normalized input + visible output tokens,0.03654137704918032487365761892,0.03671134426229507895808653588,managed
view_b,typical,50000,medium,low,measured,0,0.4066666666666667,0.4066666666666667,1,1063.0080,1066.4640,4.4640,32.400,72.00,3.1680,14.9760,360.0,16.6095,provider-billed input + output tokens,16.6635,normalized input + visible output tokens,0.05227908196721311046892770761,0.05244904918032786455335662456,managed
view_b,high,50000,medium,low,measured,0,0.4066666666666667,0.4066666666666667,1,3583.0080,3586.4640,4.4640,32.400,72.00,3.1680,14.9760,2880.0,55.9845,provider-billed input + output tokens,56.0385,normalized input + visible output tokens,0.1762135081967212970316796560,0.1763834754098360511161085730,managed
view_a,not_applicable,50000,medium,low,managed,5,0.4566666666666667,0.4066666666666667,1,576.00,579.4560,,,,,,,9.00,provider-billed input + output tokens,9.0540,normalized input + visible output tokens,0.02522627737226277188129362246,0.02849783606557376815591507659,managed
view_b,low,50000,medium,low,managed,5,0.4566666666666667,0.4066666666666667,1,743.0080,746.4640,4.4640,32.400,72.00,3.1680,14.9760,40.00,11.6095,provider-billed input + output tokens,11.6635,normalized input + visible output tokens,0.03254049635036496112843092333,0.03671134426229507895808653588,managed
view_b,typical,50000,medium,low,managed,5,0.4566666666666667,0.4066666666666667,1,1063.0080,1066.4640,4.4640,32.400,72.00,3.1680,14.9760,360.0,16.6095,provider-billed input + output tokens,16.6635,normalized input + visible output tokens,0.04655509489051094550692738025,0.05244904918032786455335662456,managed
view_b,high,50000,medium,low,managed,5,0.4566666666666667,0.4066666666666667,1,3583.0080,3586.4640,4.4640,32.400,72.00,3.1680,14.9760,2880.0,55.9845,provider-billed input + output tokens,56.0385,normalized input + visible output tokens,0.1569200583941605724875869785,0.1763834754098360511161085730,managed
view_a,not_applicable,50000,medium,low,private,5,0.4066666666666667,0.4566666666666667,1,576.00,579.4560,,,,,,,9.00,provider-billed input + output tokens,9.0540,normalized input + visible output tokens,0.02832786885245901407148615963,0.02537763503649634851258138420,private
view_b,low,50000,medium,low,private,5,0.4066666666666667,0.4566666666666667,1,743.0080,746.4640,4.4640,32.400,72.00,3.1680,14.9760,40.00,11.6095,provider-billed input + output tokens,11.6635,normalized input + visible output tokens,0.03654137704918032487365761892,0.03269185401459853775971868507,private
view_b,typical,50000,medium,low,private,5,0.4066666666666667,0.4566666666666667,1,1063.0080,1066.4640,4.4640,32.400,72.00,3.1680,14.9760,360.0,16.6095,provider-billed input + output tokens,16.6635,normalized input + visible output tokens,0.05227908196721311046892770761,0.04670645255474452213821514199,private
view_b,high,50000,medium,low,private,5,0.4066666666666667,0.4566666666666667,1,3583.0080,3586.4640,4.4640,32.400,72.00,3.1680,14.9760,2880.0,55.9845,provider-billed input + output tokens,56.0385,normalized input + visible output tokens,0.1762135081967212970316796560,0.1570714160583941491188747403,private
view_a,not_applicable,50000,medium,typical,managed,-5,0.3566666666666667,0.4066666666666667,1,576.00,579.4560,,,,,,,9.00,provider-billed input + output tokens,9.0540,normalized input + visible output tokens,0.03229906542056074464494715696,0.02849783606557376815591507659,private
view_b,low,50000,medium,typical,managed,-5,0.3566666666666667,0.4066666666666667,1,743.0080,746.4640,4.4640,32.400,72.00,3.1680,14.9760,40.00,11.6095,provider-billed input + output tokens,11.6635,normalized input + visible output tokens,0.04166399999999999610616822430,0.03671134426229507895808653588,private
view_b,typical,50000,medium,typical,managed,-5,0.3566666666666667,0.4066666666666667,1,1063.0080,1066.4640,4.4640,32.400,72.00,3.1680,14.9760,360.0,16.6095,provider-billed input + output tokens,16.6635,normalized input + visible output tokens,0.05960792523364485424224997816,0.05244904918032786455335662456,private
view_b,high,50000,medium,typical,managed,-5,0.3566666666666667,0.4066666666666667,1,3583.0080,3586.4640,4.4640,32.400,72.00,3.1680,14.9760,2880.0,55.9845,provider-billed input + output tokens,56.0385,normalized input + visible output tokens,0.2009163364485981120638937899,0.1763834754098360511161085730,private
view_a,not_applicable,50000,medium,typical,private,-5,0.4066666666666667,0.3566666666666667,1,576.00,579.4560,,,,,,,9.00,provider-billed input + output tokens,9.0540,normalized input + visible output tokens,0.02832786885245901407148615963,0.03249285981308410911281683990,managed
view_b,low,50000,medium,typical,private,-5,0.4066666666666667,0.3566666666666667,1,743.0080,746.4640,4.4640,32.400,72.00,3.1680,14.9760,40.00,11.6095,provider-billed input + output tokens,11.6635,normalized input + visible output tokens,0.03654137704918032487365761892,0.04185779439252336057403790724,managed
view_b,typical,50000,medium,typical,private,-5,0.4066666666666667,0.3566666666666667,1,1063.0080,1066.4640,4.4640,32.400,72.00,3.1680,14.9760,360.0,16.6095,provider-billed input + output tokens,16.6635,normalized input + visible output tokens,0.05227908196721311046892770761,0.05980171962616821871011966111,managed
view_b,high,50000,medium,typical,private,-5,0.4066666666666667,0.3566666666666667,1,3583.0080,3586.4640,4.4640,32.400,72.00,3.1680,14.9760,2880.0,55.9845,provider-billed input + output tokens,56.0385,normalized input + visible output tokens,0.1762135081967212970316796560,0.2011101308411214765317634728,managed
view_a,not_applicable,50000,medium,typical,measured,0,0.4066666666666667,0.4066666666666667,1,576.00,579.4560,,,,,,,9.00,provider-billed input + output tokens,9.0540,normalized input + visible output tokens,0.02832786885245901407148615963,0.02849783606557376815591507659,managed
view_b,low,50000,medium,typical,measured,0,0.4066666666666667,0.4066666666666667,1,743.0080,746.4640,4.4640,32.400,72.00,3.1680,14.9760,40.00,11.6095,provider-billed input + output tokens,11.6635,normalized input + visible output tokens,0.03654137704918032487365761892,0.03671134426229507895808653588,managed
view_b,typical,50000,medium,typical,measured,0,0.4066666666666667,0.4066666666666667,1,1063.0080,1066.4640,4.4640,32.400,72.00,3.1680,14.9760,360.0,16.6095,provider-billed input + output tokens,16.6635,normalized input + visible output tokens,0.05227908196721311046892770761,0.05244904918032786455335662456,managed
view_b,high,50000,medium,typical,measured,0,0.4066666666666667,0.4066666666666667,1,3583.0080,3586.4640,4.4640,32.400,72.00,3.1680,14.9760,2880.0,55.9845,provider-billed input + output tokens,56.0385,normalized input + visible output tokens,0.1762135081967212970316796560,0.1763834754098360511161085730,managed
view_a,not_applicable,50000,medium,typical,managed,5,0.4566666666666667,0.4066666666666667,1,576.00,579.4560,,,,,,,9.00,provider-billed input + output tokens,9.0540,normalized input + visible output tokens,0.02522627737226277188129362246,0.02849783606557376815591507659,managed
view_b,low,50000,medium,typical,managed,5,0.4566666666666667,0.4066666666666667,1,743.0080,746.4640,4.4640,32.400,72.00,3.1680,14.9760,40.00,11.6095,provider-billed input + output tokens,11.6635,normalized input + visible output tokens,0.03254049635036496112843092333,0.03671134426229507895808653588,managed
view_b,typical,50000,medium,typical,managed,5,0.4566666666666667,0.4066666666666667,1,1063.0080,1066.4640,4.4640,32.400,72.00,3.1680,14.9760,360.0,16.6095,provider-billed input + output tokens,16.6635,normalized input + visible output tokens,0.04655509489051094550692738025,0.05244904918032786455335662456,managed
view_b,high,50000,medium,typical,managed,5,0.4566666666666667,0.4066666666666667,1,3583.0080,3586.4640,4.4640,32.400,72.00,3.1680,14.9760,2880.0,55.9845,provider-billed input + output tokens,56.0385,normalized input + visible output tokens,0.1569200583941605724875869785,0.1763834754098360511161085730,managed
view_a,not_applicable,50000,medium,typical,private,5,0.4066666666666667,0.4566666666666667,1,576.00,579.4560,,,,,,,9.00,provider-billed input + output tokens,9.0540,normalized input + visible output tokens,0.02832786885245901407148615963,0.02537763503649634851258138420,private
view_b,low,50000,medium,typical,private,5,0.4066666666666667,0.4566666666666667,1,743.0080,746.4640,4.4640,32.400,72.00,3.1680,14.9760,40.00,11.6095,provider-billed input + output tokens,11.6635,normalized input + visible output tokens,0.03654137704918032487365761892,0.03269185401459853775971868507,private
view_b,typical,50000,medium,typical,private,5,0.4066666666666667,0.4566666666666667,1,1063.0080,1066.4640,4.4640,32.400,72.00,3.1680,14.9760,360.0,16.6095,provider-billed input + output tokens,16.6635,normalized input + visible output tokens,0.05227908196721311046892770761,0.04670645255474452213821514199,private
view_b,high,50000,medium,typical,private,5,0.4066666666666667,0.4566666666666667,1,3583.0080,3586.4640,4.4640,32.400,72.00,3.1680,14.9760,2880.0,55.9845,provider-billed input + output tokens,56.0385,normalized input + visible output tokens,0.1762135081967212970316796560,0.1570714160583941491188747403,private
view_a,not_applicable,50000,medium,high,managed,-5,0.3566666666666667,0.4066666666666667,1,576.00,579.4560,,,,,,,9.00,provider-billed input + output tokens,9.0540,normalized input + visible output tokens,0.03229906542056074464494715696,0.02849783606557376815591507659,private
view_b,low,50000,medium,high,managed,-5,0.3566666666666667,0.4066666666666667,1,743.0080,746.4640,4.4640,32.400,72.00,3.1680,14.9760,40.00,11.6095,provider-billed input + output tokens,11.6635,normalized input + visible output tokens,0.04166399999999999610616822430,0.03671134426229507895808653588,private
view_b,typical,50000,medium,high,managed,-5,0.3566666666666667,0.4066666666666667,1,1063.0080,1066.4640,4.4640,32.400,72.00,3.1680,14.9760,360.0,16.6095,provider-billed input + output tokens,16.6635,normalized input + visible output tokens,0.05960792523364485424224997816,0.05244904918032786455335662456,private
view_b,high,50000,medium,high,managed,-5,0.3566666666666667,0.4066666666666667,1,3583.0080,3586.4640,4.4640,32.400,72.00,3.1680,14.9760,2880.0,55.9845,provider-billed input + output tokens,56.0385,normalized input + visible output tokens,0.2009163364485981120638937899,0.1763834754098360511161085730,private
view_a,not_applicable,50000,medium,high,private,-5,0.4066666666666667,0.3566666666666667,1,576.00,579.4560,,,,,,,9.00,provider-billed input + output tokens,9.0540,normalized input + visible output tokens,0.02832786885245901407148615963,0.03249285981308410911281683990,managed
view_b,low,50000,medium,high,private,-5,0.4066666666666667,0.3566666666666667,1,743.0080,746.4640,4.4640,32.400,72.00,3.1680,14.9760,40.00,11.6095,provider-billed input + output tokens,11.6635,normalized input + visible output tokens,0.03654137704918032487365761892,0.04185779439252336057403790724,managed
view_b,typical,50000,medium,high,private,-5,0.4066666666666667,0.3566666666666667,1,1063.0080,1066.4640,4.4640,32.400,72.00,3.1680,14.9760,360.0,16.6095,provider-billed input + output tokens,16.6635,normalized input + visible output tokens,0.05227908196721311046892770761,0.05980171962616821871011966111,managed
view_b,high,50000,medium,high,private,-5,0.4066666666666667,0.3566666666666667,1,3583.0080,3586.4640,4.4640,32.400,72.00,3.1680,14.9760,2880.0,55.9845,provider-billed input + output tokens,56.0385,normalized input + visible output tokens,0.1762135081967212970316796560,0.2011101308411214765317634728,managed
view_a,not_applicable,50000,medium,high,measured,0,0.4066666666666667,0.4066666666666667,1,576.00,579.4560,,,,,,,9.00,provider-billed input + output tokens,9.0540,normalized input + visible output tokens,0.02832786885245901407148615963,0.02849783606557376815591507659,managed
view_b,low,50000,medium,high,measured,0,0.4066666666666667,0.4066666666666667,1,743.0080,746.4640,4.4640,32.400,72.00,3.1680,14.9760,40.00,11.6095,provider-billed input + output tokens,11.6635,normalized input + visible output tokens,0.03654137704918032487365761892,0.03671134426229507895808653588,managed
view_b,typical,50000,medium,high,measured,0,0.4066666666666667,0.4066666666666667,1,1063.0080,1066.4640,4.4640,32.400,72.00,3.1680,14.9760,360.0,16.6095,provider-billed input + output tokens,16.6635,normalized input + visible output tokens,0.05227908196721311046892770761,0.05244904918032786455335662456,managed
view_b,high,50000,medium,high,measured,0,0.4066666666666667,0.4066666666666667,1,3583.0080,3586.4640,4.4640,32.400,72.00,3.1680,14.9760,2880.0,55.9845,provider-billed input + output tokens,56.0385,normalized input + visible output tokens,0.1762135081967212970316796560,0.1763834754098360511161085730,managed
view_a,not_applicable,50000,medium,high,managed,5,0.4566666666666667,0.4066666666666667,1,576.00,579.4560,,,,,,,9.00,provider-billed input + output tokens,9.0540,normalized input + visible output tokens,0.02522627737226277188129362246,0.02849783606557376815591507659,managed
view_b,low,50000,medium,high,managed,5,0.4566666666666667,0.4066666666666667,1,743.0080,746.4640,4.4640,32.400,72.00,3.1680,14.9760,40.00,11.6095,provider-billed input + output tokens,11.6635,normalized input + visible output tokens,0.03254049635036496112843092333,0.03671134426229507895808653588,managed
view_b,typical,50000,medium,high,managed,5,0.4566666666666667,0.4066666666666667,1,1063.0080,1066.4640,4.4640,32.400,72.00,3.1680,14.9760,360.0,16.6095,provider-billed input + output tokens,16.6635,normalized input + visible output tokens,0.04655509489051094550692738025,0.05244904918032786455335662456,managed
view_b,high,50000,medium,high,managed,5,0.4566666666666667,0.4066666666666667,1,3583.0080,3586.4640,4.4640,32.400,72.00,3.1680,14.9760,2880.0,55.9845,provider-billed input + output tokens,56.0385,normalized input + visible output tokens,0.1569200583941605724875869785,0.1763834754098360511161085730,managed
view_a,not_applicable,50000,medium,high,private,5,0.4066666666666667,0.4566666666666667,1,576.00,579.4560,,,,,,,9.00,provider-billed input + output tokens,9.0540,normalized input + visible output tokens,0.02832786885245901407148615963,0.02537763503649634851258138420,private
view_b,low,50000,medium,high,private,5,0.4066666666666667,0.4566666666666667,1,743.0080,746.4640,4.4640,32.400,72.00,3.1680,14.9760,40.00,11.6095,provider-billed input + output tokens,11.6635,normalized input + visible output tokens,0.03654137704918032487365761892,0.03269185401459853775971868507,private
view_b,typical,50000,medium,high,private,5,0.4066666666666667,0.4566666666666667,1,1063.0080,1066.4640,4.4640,32.400,72.00,3.1680,14.9760,360.0,16.6095,provider-billed input + output tokens,16.6635,normalized input + visible output tokens,0.05227908196721311046892770761,0.04670645255474452213821514199,private
view_b,high,50000,medium,high,private,5,0.4066666666666667,0.4566666666666667,1,3583.0080,3586.4640,4.4640,32.400,72.00,3.1680,14.9760,2880.0,55.9845,provider-billed input + output tokens,56.0385,normalized input + visible output tokens,0.1762135081967212970316796560,0.1570714160583941491188747403,private
view_a,not_applicable,100000,short,low,managed,-5,0.3566666666666667,0.4066666666666667,1,288.00,579.4560,,,,,,,9.00,provider-billed input + output tokens,18.1080,normalized input + visible output tokens,0.008074766355140186161236789239,0.01424891803278688407795753830,managed
view_b,low,100000,short,low,managed,-5,0.3566666666666667,0.4066666666666667,1,455.0080,746.4640,4.4640,32.400,72.00,3.1680,14.9760,40.00,14.2190,provider-billed input + output tokens,23.3270,normalized input + visible output tokens,0.01275723364485981189184732291,0.01835567213114753947904326794,managed
view_b,typical,100000,short,low,managed,-5,0.3566666666666667,0.4066666666666667,1,775.0080,1066.4640,4.4640,32.400,72.00,3.1680,14.9760,360.0,24.2190,provider-billed input + output tokens,33.3270,normalized input + visible output tokens,0.02172919626168224095988819984,0.02622452459016393227667831228,managed
view_b,high,100000,short,low,managed,-5,0.3566666666666667,0.4066666666666667,1,3295.0080,3586.4640,4.4640,32.400,72.00,3.1680,14.9760,2880.0,102.9690,provider-billed input + output tokens,112.0770,normalized input + visible output tokens,0.09238340186915886987071010569,0.08819173770491802555805428648,private
view_a,not_applicable,100000,short,low,private,-5,0.4066666666666667,0.3566666666666667,1,288.00,579.4560,,,,,,,9.00,provider-billed input + output tokens,18.1080,normalized input + visible output tokens,0.007081967213114753517871539909,0.01624642990654205455640841995,managed
view_b,low,100000,short,low,private,-5,0.4066666666666667,0.3566666666666667,1,455.0080,746.4640,4.4640,32.400,72.00,3.1680,14.9760,40.00,14.2190,provider-billed input + output tokens,23.3270,normalized input + visible output tokens,0.01118872131147540891895726955,0.02092889719626168028701895362,managed
view_b,typical,100000,short,low,private,-5,0.4066666666666667,0.3566666666666667,1,775.0080,1066.4640,4.4640,32.400,72.00,3.1680,14.9760,360.0,24.2190,provider-billed input + output tokens,33.3270,normalized input + visible output tokens,0.01905757377049180171659231389,0.02990085981308410935505983055,managed
view_b,high,100000,short,low,private,-5,0.4066666666666667,0.3566666666666667,1,3295.0080,3586.4640,4.4640,32.400,72.00,3.1680,14.9760,2880.0,102.9690,provider-billed input + output tokens,112.0770,normalized input + visible output tokens,0.08102478688524589499796828809,0.1005550654205607382658817364,managed
view_a,not_applicable,100000,short,low,measured,0,0.4066666666666667,0.4066666666666667,1,288.00,579.4560,,,,,,,9.00,provider-billed input + output tokens,18.1080,normalized input + visible output tokens,0.007081967213114753517871539909,0.01424891803278688407795753830,managed
view_b,low,100000,short,low,measured,0,0.4066666666666667,0.4066666666666667,1,455.0080,746.4640,4.4640,32.400,72.00,3.1680,14.9760,40.00,14.2190,provider-billed input + output tokens,23.3270,normalized input + visible output tokens,0.01118872131147540891895726955,0.01835567213114753947904326794,managed
view_b,typical,100000,short,low,measured,0,0.4066666666666667,0.4066666666666667,1,775.0080,1066.4640,4.4640,32.400,72.00,3.1680,14.9760,360.0,24.2190,provider-billed input + output tokens,33.3270,normalized input + visible output tokens,0.01905757377049180171659231389,0.02622452459016393227667831228,managed
view_b,high,100000,short,low,measured,0,0.4066666666666667,0.4066666666666667,1,3295.0080,3586.4640,4.4640,32.400,72.00,3.1680,14.9760,2880.0,102.9690,provider-billed input + output tokens,112.0770,normalized input + visible output tokens,0.08102478688524589499796828809,0.08819173770491802555805428648,managed
view_a,not_applicable,100000,short,low,managed,5,0.4566666666666667,0.4066666666666667,1,288.00,579.4560,,,,,,,9.00,provider-billed input + output tokens,18.1080,normalized input + visible output tokens,0.006306569343065692970323405616,0.01424891803278688407795753830,managed
view_b,low,100000,short,low,managed,5,0.4566666666666667,0.4066666666666667,1,455.0080,746.4640,4.4640,32.400,72.00,3.1680,14.9760,40.00,14.2190,provider-billed input + output tokens,23.3270,normalized input + visible output tokens,0.009963678832116787593892056050,0.01835567213114753947904326794,managed
view_b,typical,100000,short,low,managed,5,0.4566666666666667,0.4066666666666667,1,775.0080,1066.4640,4.4640,32.400,72.00,3.1680,14.9760,360.0,24.2190,provider-billed input + output tokens,33.3270,normalized input + visible output tokens,0.01697097810218977978314028451,0.02622452459016393227667831228,managed
view_b,high,100000,short,low,managed,5,0.4566666666666667,0.4066666666666667,1,3295.0080,3586.4640,4.4640,32.400,72.00,3.1680,14.9760,2880.0,102.9690,provider-billed input + output tokens,112.0770,normalized input + visible output tokens,0.07215345985401459327347008365,0.08819173770491802555805428648,managed
view_a,not_applicable,100000,short,low,private,5,0.4066666666666667,0.4566666666666667,1,288.00,579.4560,,,,,,,9.00,provider-billed input + output tokens,18.1080,normalized input + visible output tokens,0.007081967213114753517871539909,0.01268881751824817425629069210,managed
view_b,low,100000,short,low,private,5,0.4066666666666667,0.4566666666666667,1,455.0080,746.4640,4.4640,32.400,72.00,3.1680,14.9760,40.00,14.2190,provider-billed input + output tokens,23.3270,normalized input + visible output tokens,0.01118872131147540891895726955,0.01634592700729926887985934253,managed
view_b,typical,100000,short,low,private,5,0.4066666666666667,0.4566666666666667,1,775.0080,1066.4640,4.4640,32.400,72.00,3.1680,14.9760,360.0,24.2190,provider-billed input + output tokens,33.3270,normalized input + visible output tokens,0.01905757377049180171659231389,0.02335322627737226106910757099,managed
view_b,high,100000,short,low,private,5,0.4066666666666667,0.4566666666666667,1,3295.0080,3586.4640,4.4640,32.400,72.00,3.1680,14.9760,2880.0,102.9690,provider-billed input + output tokens,112.0770,normalized input + visible output tokens,0.08102478688524589499796828809,0.07853570802919707455943737013,private
view_a,not_applicable,100000,short,typical,managed,-5,0.3566666666666667,0.4066666666666667,1,288.00,579.4560,,,,,,,9.00,provider-billed input + output tokens,18.1080,normalized input + visible output tokens,0.008074766355140186161236789239,0.01424891803278688407795753830,managed
view_b,low,100000,short,typical,managed,-5,0.3566666666666667,0.4066666666666667,1,455.0080,746.4640,4.4640,32.400,72.00,3.1680,14.9760,40.00,14.2190,provider-billed input + output tokens,23.3270,normalized input + visible output tokens,0.01275723364485981189184732291,0.01835567213114753947904326794,managed
view_b,typical,100000,short,typical,managed,-5,0.3566666666666667,0.4066666666666667,1,775.0080,1066.4640,4.4640,32.400,72.00,3.1680,14.9760,360.0,24.2190,provider-billed input + output tokens,33.3270,normalized input + visible output tokens,0.02172919626168224095988819984,0.02622452459016393227667831228,managed
view_b,high,100000,short,typical,managed,-5,0.3566666666666667,0.4066666666666667,1,3295.0080,3586.4640,4.4640,32.400,72.00,3.1680,14.9760,2880.0,102.9690,provider-billed input + output tokens,112.0770,normalized input + visible output tokens,0.09238340186915886987071010569,0.08819173770491802555805428648,private
view_a,not_applicable,100000,short,typical,private,-5,0.4066666666666667,0.3566666666666667,1,288.00,579.4560,,,,,,,9.00,provider-billed input + output tokens,18.1080,normalized input + visible output tokens,0.007081967213114753517871539909,0.01624642990654205455640841995,managed
view_b,low,100000,short,typical,private,-5,0.4066666666666667,0.3566666666666667,1,455.0080,746.4640,4.4640,32.400,72.00,3.1680,14.9760,40.00,14.2190,provider-billed input + output tokens,23.3270,normalized input + visible output tokens,0.01118872131147540891895726955,0.02092889719626168028701895362,managed
view_b,typical,100000,short,typical,private,-5,0.4066666666666667,0.3566666666666667,1,775.0080,1066.4640,4.4640,32.400,72.00,3.1680,14.9760,360.0,24.2190,provider-billed input + output tokens,33.3270,normalized input + visible output tokens,0.01905757377049180171659231389,0.02990085981308410935505983055,managed
view_b,high,100000,short,typical,private,-5,0.4066666666666667,0.3566666666666667,1,3295.0080,3586.4640,4.4640,32.400,72.00,3.1680,14.9760,2880.0,102.9690,provider-billed input + output tokens,112.0770,normalized input + visible output tokens,0.08102478688524589499796828809,0.1005550654205607382658817364,managed
view_a,not_applicable,100000,short,typical,measured,0,0.4066666666666667,0.4066666666666667,1,288.00,579.4560,,,,,,,9.00,provider-billed input + output tokens,18.1080,normalized input + visible output tokens,0.007081967213114753517871539909,0.01424891803278688407795753830,managed
view_b,low,100000,short,typical,measured,0,0.4066666666666667,0.4066666666666667,1,455.0080,746.4640,4.4640,32.400,72.00,3.1680,14.9760,40.00,14.2190,provider-billed input + output tokens,23.3270,normalized input + visible output tokens,0.01118872131147540891895726955,0.01835567213114753947904326794,managed
view_b,typical,100000,short,typical,measured,0,0.4066666666666667,0.4066666666666667,1,775.0080,1066.4640,4.4640,32.400,72.00,3.1680,14.9760,360.0,24.2190,provider-billed input + output tokens,33.3270,normalized input + visible output tokens,0.01905757377049180171659231389,0.02622452459016393227667831228,managed
view_b,high,100000,short,typical,measured,0,0.4066666666666667,0.4066666666666667,1,3295.0080,3586.4640,4.4640,32.400,72.00,3.1680,14.9760,2880.0,102.9690,provider-billed input + output tokens,112.0770,normalized input + visible output tokens,0.08102478688524589499796828809,0.08819173770491802555805428648,managed
view_a,not_applicable,100000,short,typical,managed,5,0.4566666666666667,0.4066666666666667,1,288.00,579.4560,,,,,,,9.00,provider-billed input + output tokens,18.1080,normalized input + visible output tokens,0.006306569343065692970323405616,0.01424891803278688407795753830,managed
view_b,low,100000,short,typical,managed,5,0.4566666666666667,0.4066666666666667,1,455.0080,746.4640,4.4640,32.400,72.00,3.1680,14.9760,40.00,14.2190,provider-billed input + output tokens,23.3270,normalized input + visible output tokens,0.009963678832116787593892056050,0.01835567213114753947904326794,managed
view_b,typical,100000,short,typical,managed,5,0.4566666666666667,0.4066666666666667,1,775.0080,1066.4640,4.4640,32.400,72.00,3.1680,14.9760,360.0,24.2190,provider-billed input + output tokens,33.3270,normalized input + visible output tokens,0.01697097810218977978314028451,0.02622452459016393227667831228,managed
view_b,high,100000,short,typical,managed,5,0.4566666666666667,0.4066666666666667,1,3295.0080,3586.4640,4.4640,32.400,72.00,3.1680,14.9760,2880.0,102.9690,provider-billed input + output tokens,112.0770,normalized input + visible output tokens,0.07215345985401459327347008365,0.08819173770491802555805428648,managed
view_a,not_applicable,100000,short,typical,private,5,0.4066666666666667,0.4566666666666667,1,288.00,579.4560,,,,,,,9.00,provider-billed input + output tokens,18.1080,normalized input + visible output tokens,0.007081967213114753517871539909,0.01268881751824817425629069210,managed
view_b,low,100000,short,typical,private,5,0.4066666666666667,0.4566666666666667,1,455.0080,746.4640,4.4640,32.400,72.00,3.1680,14.9760,40.00,14.2190,provider-billed input + output tokens,23.3270,normalized input + visible output tokens,0.01118872131147540891895726955,0.01634592700729926887985934253,managed
view_b,typical,100000,short,typical,private,5,0.4066666666666667,0.4566666666666667,1,775.0080,1066.4640,4.4640,32.400,72.00,3.1680,14.9760,360.0,24.2190,provider-billed input + output tokens,33.3270,normalized input + visible output tokens,0.01905757377049180171659231389,0.02335322627737226106910757099,managed
view_b,high,100000,short,typical,private,5,0.4066666666666667,0.4566666666666667,1,3295.0080,3586.4640,4.4640,32.400,72.00,3.1680,14.9760,2880.0,102.9690,provider-billed input + output tokens,112.0770,normalized input + visible output tokens,0.08102478688524589499796828809,0.07853570802919707455943737013,private
view_a,not_applicable,100000,short,high,managed,-5,0.3566666666666667,0.4066666666666667,1,288.00,579.4560,,,,,,,9.00,provider-billed input + output tokens,18.1080,normalized input + visible output tokens,0.008074766355140186161236789239,0.01424891803278688407795753830,managed
view_b,low,100000,short,high,managed,-5,0.3566666666666667,0.4066666666666667,1,455.0080,746.4640,4.4640,32.400,72.00,3.1680,14.9760,40.00,14.2190,provider-billed input + output tokens,23.3270,normalized input + visible output tokens,0.01275723364485981189184732291,0.01835567213114753947904326794,managed
view_b,typical,100000,short,high,managed,-5,0.3566666666666667,0.4066666666666667,1,775.0080,1066.4640,4.4640,32.400,72.00,3.1680,14.9760,360.0,24.2190,provider-billed input + output tokens,33.3270,normalized input + visible output tokens,0.02172919626168224095988819984,0.02622452459016393227667831228,managed
view_b,high,100000,short,high,managed,-5,0.3566666666666667,0.4066666666666667,1,3295.0080,3586.4640,4.4640,32.400,72.00,3.1680,14.9760,2880.0,102.9690,provider-billed input + output tokens,112.0770,normalized input + visible output tokens,0.09238340186915886987071010569,0.08819173770491802555805428648,private
view_a,not_applicable,100000,short,high,private,-5,0.4066666666666667,0.3566666666666667,1,288.00,579.4560,,,,,,,9.00,provider-billed input + output tokens,18.1080,normalized input + visible output tokens,0.007081967213114753517871539909,0.01624642990654205455640841995,managed
view_b,low,100000,short,high,private,-5,0.4066666666666667,0.3566666666666667,1,455.0080,746.4640,4.4640,32.400,72.00,3.1680,14.9760,40.00,14.2190,provider-billed input + output tokens,23.3270,normalized input + visible output tokens,0.01118872131147540891895726955,0.02092889719626168028701895362,managed
view_b,typical,100000,short,high,private,-5,0.4066666666666667,0.3566666666666667,1,775.0080,1066.4640,4.4640,32.400,72.00,3.1680,14.9760,360.0,24.2190,provider-billed input + output tokens,33.3270,normalized input + visible output tokens,0.01905757377049180171659231389,0.02990085981308410935505983055,managed
view_b,high,100000,short,high,private,-5,0.4066666666666667,0.3566666666666667,1,3295.0080,3586.4640,4.4640,32.400,72.00,3.1680,14.9760,2880.0,102.9690,provider-billed input + output tokens,112.0770,normalized input + visible output tokens,0.08102478688524589499796828809,0.1005550654205607382658817364,managed
view_a,not_applicable,100000,short,high,measured,0,0.4066666666666667,0.4066666666666667,1,288.00,579.4560,,,,,,,9.00,provider-billed input + output tokens,18.1080,normalized input + visible output tokens,0.007081967213114753517871539909,0.01424891803278688407795753830,managed
view_b,low,100000,short,high,measured,0,0.4066666666666667,0.4066666666666667,1,455.0080,746.4640,4.4640,32.400,72.00,3.1680,14.9760,40.00,14.2190,provider-billed input + output tokens,23.3270,normalized input + visible output tokens,0.01118872131147540891895726955,0.01835567213114753947904326794,managed
view_b,typical,100000,short,high,measured,0,0.4066666666666667,0.4066666666666667,1,775.0080,1066.4640,4.4640,32.400,72.00,3.1680,14.9760,360.0,24.2190,provider-billed input + output tokens,33.3270,normalized input + visible output tokens,0.01905757377049180171659231389,0.02622452459016393227667831228,managed
view_b,high,100000,short,high,measured,0,0.4066666666666667,0.4066666666666667,1,3295.0080,3586.4640,4.4640,32.400,72.00,3.1680,14.9760,2880.0,102.9690,provider-billed input + output tokens,112.0770,normalized input + visible output tokens,0.08102478688524589499796828809,0.08819173770491802555805428648,managed
view_a,not_applicable,100000,short,high,managed,5,0.4566666666666667,0.4066666666666667,1,288.00,579.4560,,,,,,,9.00,provider-billed input + output tokens,18.1080,normalized input + visible output tokens,0.006306569343065692970323405616,0.01424891803278688407795753830,managed
view_b,low,100000,short,high,managed,5,0.4566666666666667,0.4066666666666667,1,455.0080,746.4640,4.4640,32.400,72.00,3.1680,14.9760,40.00,14.2190,provider-billed input + output tokens,23.3270,normalized input + visible output tokens,0.009963678832116787593892056050,0.01835567213114753947904326794,managed
view_b,typical,100000,short,high,managed,5,0.4566666666666667,0.4066666666666667,1,775.0080,1066.4640,4.4640,32.400,72.00,3.1680,14.9760,360.0,24.2190,provider-billed input + output tokens,33.3270,normalized input + visible output tokens,0.01697097810218977978314028451,0.02622452459016393227667831228,managed
view_b,high,100000,short,high,managed,5,0.4566666666666667,0.4066666666666667,1,3295.0080,3586.4640,4.4640,32.400,72.00,3.1680,14.9760,2880.0,102.9690,provider-billed input + output tokens,112.0770,normalized input + visible output tokens,0.07215345985401459327347008365,0.08819173770491802555805428648,managed
view_a,not_applicable,100000,short,high,private,5,0.4066666666666667,0.4566666666666667,1,288.00,579.4560,,,,,,,9.00,provider-billed input + output tokens,18.1080,normalized input + visible output tokens,0.007081967213114753517871539909,0.01268881751824817425629069210,managed
view_b,low,100000,short,high,private,5,0.4066666666666667,0.4566666666666667,1,455.0080,746.4640,4.4640,32.400,72.00,3.1680,14.9760,40.00,14.2190,provider-billed input + output tokens,23.3270,normalized input + visible output tokens,0.01118872131147540891895726955,0.01634592700729926887985934253,managed
view_b,typical,100000,short,high,private,5,0.4066666666666667,0.4566666666666667,1,775.0080,1066.4640,4.4640,32.400,72.00,3.1680,14.9760,360.0,24.2190,provider-billed input + output tokens,33.3270,normalized input + visible output tokens,0.01905757377049180171659231389,0.02335322627737226106910757099,managed
view_b,high,100000,short,high,private,5,0.4066666666666667,0.4566666666666667,1,3295.0080,3586.4640,4.4640,32.400,72.00,3.1680,14.9760,2880.0,102.9690,provider-billed input + output tokens,112.0770,normalized input + visible output tokens,0.08102478688524589499796828809,0.07853570802919707455943737013,private
view_a,not_applicable,100000,medium,low,managed,-5,0.3566666666666667,0.4066666666666667,1,1152.00,579.4560,,,,,,,9.00,provider-billed input + output tokens,4.5270,normalized input + visible output tokens,0.03229906542056074464494715696,0.01424891803278688407795753830,private
view_b,low,100000,medium,low,managed,-5,0.3566666666666667,0.4066666666666667,1,1319.0080,746.4640,4.4640,32.400,72.00,3.1680,14.9760,40.00,10.30475,provider-billed input + output tokens,5.83175,normalized input + visible output tokens,0.03698153271028037037555769063,0.01835567213114753947904326794,private
view_b,typical,100000,medium,low,managed,-5,0.3566666666666667,0.4066666666666667,1,1639.0080,1066.4640,4.4640,32.400,72.00,3.1680,14.9760,360.0,12.80475,provider-billed input + output tokens,8.33175,normalized input + visible output tokens,0.04595349532710279944359856756,0.02622452459016393227667831228,private
view_b,high,100000,medium,low,managed,-5,0.3566666666666667,0.4066666666666667,1,4159.0080,3586.4640,4.4640,32.400,72.00,3.1680,14.9760,2880.0,32.49225,provider-billed input + output tokens,28.01925,normalized input + visible output tokens,0.1166077009345794283544204734,0.08819173770491802555805428648,private
view_a,not_applicable,100000,medium,low,private,-5,0.4066666666666667,0.3566666666666667,1,1152.00,579.4560,,,,,,,9.00,provider-billed input + output tokens,4.5270,normalized input + visible output tokens,0.02832786885245901407148615963,0.01624642990654205455640841995,private
view_b,low,100000,medium,low,private,-5,0.4066666666666667,0.3566666666666667,1,1319.0080,746.4640,4.4640,32.400,72.00,3.1680,14.9760,40.00,10.30475,provider-billed input + output tokens,5.83175,normalized input + visible output tokens,0.03243462295081966947257188928,0.02092889719626168028701895362,private
view_b,typical,100000,medium,low,private,-5,0.4066666666666667,0.3566666666666667,1,1639.0080,1066.4640,4.4640,32.400,72.00,3.1680,14.9760,360.0,12.80475,provider-billed input + output tokens,8.33175,normalized input + visible output tokens,0.04030347540983606227020693362,0.02990085981308410935505983055,private
view_b,high,100000,medium,low,private,-5,0.4066666666666667,0.3566666666666667,1,4159.0080,3586.4640,4.4640,32.400,72.00,3.1680,14.9760,2880.0,32.49225,provider-billed input + output tokens,28.01925,normalized input + visible output tokens,0.1022706885245901555515829078,0.1005550654205607382658817364,private
view_a,not_applicable,100000,medium,low,measured,0,0.4066666666666667,0.4066666666666667,1,1152.00,579.4560,,,,,,,9.00,provider-billed input + output tokens,4.5270,normalized input + visible output tokens,0.02832786885245901407148615963,0.01424891803278688407795753830,private
view_b,low,100000,medium,low,measured,0,0.4066666666666667,0.4066666666666667,1,1319.0080,746.4640,4.4640,32.400,72.00,3.1680,14.9760,40.00,10.30475,provider-billed input + output tokens,5.83175,normalized input + visible output tokens,0.03243462295081966947257188928,0.01835567213114753947904326794,private
view_b,typical,100000,medium,low,measured,0,0.4066666666666667,0.4066666666666667,1,1639.0080,1066.4640,4.4640,32.400,72.00,3.1680,14.9760,360.0,12.80475,provider-billed input + output tokens,8.33175,normalized input + visible output tokens,0.04030347540983606227020693362,0.02622452459016393227667831228,private
view_b,high,100000,medium,low,measured,0,0.4066666666666667,0.4066666666666667,1,4159.0080,3586.4640,4.4640,32.400,72.00,3.1680,14.9760,2880.0,32.49225,provider-billed input + output tokens,28.01925,normalized input + visible output tokens,0.1022706885245901555515829078,0.08819173770491802555805428648,private
view_a,not_applicable,100000,medium,low,managed,5,0.4566666666666667,0.4066666666666667,1,1152.00,579.4560,,,,,,,9.00,provider-billed input + output tokens,4.5270,normalized input + visible output tokens,0.02522627737226277188129362246,0.01424891803278688407795753830,private
view_b,low,100000,medium,low,managed,5,0.4566666666666667,0.4066666666666667,1,1319.0080,746.4640,4.4640,32.400,72.00,3.1680,14.9760,40.00,10.30475,provider-billed input + output tokens,5.83175,normalized input + visible output tokens,0.02888338686131386650486227290,0.01835567213114753947904326794,private
view_b,typical,100000,medium,low,managed,5,0.4566666666666667,0.4066666666666667,1,1639.0080,1066.4640,4.4640,32.400,72.00,3.1680,14.9760,360.0,12.80475,provider-billed input + output tokens,8.33175,normalized input + visible output tokens,0.03589068613138685869411050136,0.02622452459016393227667831228,private
view_b,high,100000,medium,low,managed,5,0.4566666666666667,0.4066666666666667,1,4159.0080,3586.4640,4.4640,32.400,72.00,3.1680,14.9760,2880.0,32.49225,provider-billed input + output tokens,28.01925,normalized input + visible output tokens,0.09107316788321167218444030050,0.08819173770491802555805428648,private
view_a,not_applicable,100000,medium,low,private,5,0.4066666666666667,0.4566666666666667,1,1152.00,579.4560,,,,,,,9.00,provider-billed input + output tokens,4.5270,normalized input + visible output tokens,0.02832786885245901407148615963,0.01268881751824817425629069210,private
view_b,low,100000,medium,low,private,5,0.4066666666666667,0.4566666666666667,1,1319.0080,746.4640,4.4640,32.400,72.00,3.1680,14.9760,40.00,10.30475,provider-billed input + output tokens,5.83175,normalized input + visible output tokens,0.03243462295081966947257188928,0.01634592700729926887985934253,private
view_b,typical,100000,medium,low,private,5,0.4066666666666667,0.4566666666666667,1,1639.0080,1066.4640,4.4640,32.400,72.00,3.1680,14.9760,360.0,12.80475,provider-billed input + output tokens,8.33175,normalized input + visible output tokens,0.04030347540983606227020693362,0.02335322627737226106910757099,private
view_b,high,100000,medium,low,private,5,0.4066666666666667,0.4566666666666667,1,4159.0080,3586.4640,4.4640,32.400,72.00,3.1680,14.9760,2880.0,32.49225,provider-billed input + output tokens,28.01925,normalized input + visible output tokens,0.1022706885245901555515829078,0.07853570802919707455943737013,private
view_a,not_applicable,100000,medium,typical,managed,-5,0.3566666666666667,0.4066666666666667,1,1152.00,579.4560,,,,,,,9.00,provider-billed input + output tokens,4.5270,normalized input + visible output tokens,0.03229906542056074464494715696,0.01424891803278688407795753830,private
view_b,low,100000,medium,typical,managed,-5,0.3566666666666667,0.4066666666666667,1,1319.0080,746.4640,4.4640,32.400,72.00,3.1680,14.9760,40.00,10.30475,provider-billed input + output tokens,5.83175,normalized input + visible output tokens,0.03698153271028037037555769063,0.01835567213114753947904326794,private
view_b,typical,100000,medium,typical,managed,-5,0.3566666666666667,0.4066666666666667,1,1639.0080,1066.4640,4.4640,32.400,72.00,3.1680,14.9760,360.0,12.80475,provider-billed input + output tokens,8.33175,normalized input + visible output tokens,0.04595349532710279944359856756,0.02622452459016393227667831228,private
view_b,high,100000,medium,typical,managed,-5,0.3566666666666667,0.4066666666666667,1,4159.0080,3586.4640,4.4640,32.400,72.00,3.1680,14.9760,2880.0,32.49225,provider-billed input + output tokens,28.01925,normalized input + visible output tokens,0.1166077009345794283544204734,0.08819173770491802555805428648,private
view_a,not_applicable,100000,medium,typical,private,-5,0.4066666666666667,0.3566666666666667,1,1152.00,579.4560,,,,,,,9.00,provider-billed input + output tokens,4.5270,normalized input + visible output tokens,0.02832786885245901407148615963,0.01624642990654205455640841995,private
view_b,low,100000,medium,typical,private,-5,0.4066666666666667,0.3566666666666667,1,1319.0080,746.4640,4.4640,32.400,72.00,3.1680,14.9760,40.00,10.30475,provider-billed input + output tokens,5.83175,normalized input + visible output tokens,0.03243462295081966947257188928,0.02092889719626168028701895362,private
view_b,typical,100000,medium,typical,private,-5,0.4066666666666667,0.3566666666666667,1,1639.0080,1066.4640,4.4640,32.400,72.00,3.1680,14.9760,360.0,12.80475,provider-billed input + output tokens,8.33175,normalized input + visible output tokens,0.04030347540983606227020693362,0.02990085981308410935505983055,private
view_b,high,100000,medium,typical,private,-5,0.4066666666666667,0.3566666666666667,1,4159.0080,3586.4640,4.4640,32.400,72.00,3.1680,14.9760,2880.0,32.49225,provider-billed input + output tokens,28.01925,normalized input + visible output tokens,0.1022706885245901555515829078,0.1005550654205607382658817364,private
view_a,not_applicable,100000,medium,typical,measured,0,0.4066666666666667,0.4066666666666667,1,1152.00,579.4560,,,,,,,9.00,provider-billed input + output tokens,4.5270,normalized input + visible output tokens,0.02832786885245901407148615963,0.01424891803278688407795753830,private
view_b,low,100000,medium,typical,measured,0,0.4066666666666667,0.4066666666666667,1,1319.0080,746.4640,4.4640,32.400,72.00,3.1680,14.9760,40.00,10.30475,provider-billed input + output tokens,5.83175,normalized input + visible output tokens,0.03243462295081966947257188928,0.01835567213114753947904326794,private
view_b,typical,100000,medium,typical,measured,0,0.4066666666666667,0.4066666666666667,1,1639.0080,1066.4640,4.4640,32.400,72.00,3.1680,14.9760,360.0,12.80475,provider-billed input + output tokens,8.33175,normalized input + visible output tokens,0.04030347540983606227020693362,0.02622452459016393227667831228,private
view_b,high,100000,medium,typical,measured,0,0.4066666666666667,0.4066666666666667,1,4159.0080,3586.4640,4.4640,32.400,72.00,3.1680,14.9760,2880.0,32.49225,provider-billed input + output tokens,28.01925,normalized input + visible output tokens,0.1022706885245901555515829078,0.08819173770491802555805428648,private
view_a,not_applicable,100000,medium,typical,managed,5,0.4566666666666667,0.4066666666666667,1,1152.00,579.4560,,,,,,,9.00,provider-billed input + output tokens,4.5270,normalized input + visible output tokens,0.02522627737226277188129362246,0.01424891803278688407795753830,private
view_b,low,100000,medium,typical,managed,5,0.4566666666666667,0.4066666666666667,1,1319.0080,746.4640,4.4640,32.400,72.00,3.1680,14.9760,40.00,10.30475,provider-billed input + output tokens,5.83175,normalized input + visible output tokens,0.02888338686131386650486227290,0.01835567213114753947904326794,private
view_b,typical,100000,medium,typical,managed,5,0.4566666666666667,0.4066666666666667,1,1639.0080,1066.4640,4.4640,32.400,72.00,3.1680,14.9760,360.0,12.80475,provider-billed input + output tokens,8.33175,normalized input + visible output tokens,0.03589068613138685869411050136,0.02622452459016393227667831228,private
view_b,high,100000,medium,typical,managed,5,0.4566666666666667,0.4066666666666667,1,4159.0080,3586.4640,4.4640,32.400,72.00,3.1680,14.9760,2880.0,32.49225,provider-billed input + output tokens,28.01925,normalized input + visible output tokens,0.09107316788321167218444030050,0.08819173770491802555805428648,private
view_a,not_applicable,100000,medium,typical,private,5,0.4066666666666667,0.4566666666666667,1,1152.00,579.4560,,,,,,,9.00,provider-billed input + output tokens,4.5270,normalized input + visible output tokens,0.02832786885245901407148615963,0.01268881751824817425629069210,private
view_b,low,100000,medium,typical,private,5,0.4066666666666667,0.4566666666666667,1,1319.0080,746.4640,4.4640,32.400,72.00,3.1680,14.9760,40.00,10.30475,provider-billed input + output tokens,5.83175,normalized input + visible output tokens,0.03243462295081966947257188928,0.01634592700729926887985934253,private
view_b,typical,100000,medium,typical,private,5,0.4066666666666667,0.4566666666666667,1,1639.0080,1066.4640,4.4640,32.400,72.00,3.1680,14.9760,360.0,12.80475,provider-billed input + output tokens,8.33175,normalized input + visible output tokens,0.04030347540983606227020693362,0.02335322627737226106910757099,private
view_b,high,100000,medium,typical,private,5,0.4066666666666667,0.4566666666666667,1,4159.0080,3586.4640,4.4640,32.400,72.00,3.1680,14.9760,2880.0,32.49225,provider-billed input + output tokens,28.01925,normalized input + visible output tokens,0.1022706885245901555515829078,0.07853570802919707455943737013,private
view_a,not_applicable,100000,medium,high,managed,-5,0.3566666666666667,0.4066666666666667,1,1152.00,579.4560,,,,,,,9.00,provider-billed input + output tokens,4.5270,normalized input + visible output tokens,0.03229906542056074464494715696,0.01424891803278688407795753830,private
view_b,low,100000,medium,high,managed,-5,0.3566666666666667,0.4066666666666667,1,1319.0080,746.4640,4.4640,32.400,72.00,3.1680,14.9760,40.00,10.30475,provider-billed input + output tokens,5.83175,normalized input + visible output tokens,0.03698153271028037037555769063,0.01835567213114753947904326794,private
view_b,typical,100000,medium,high,managed,-5,0.3566666666666667,0.4066666666666667,1,1639.0080,1066.4640,4.4640,32.400,72.00,3.1680,14.9760,360.0,12.80475,provider-billed input + output tokens,8.33175,normalized input + visible output tokens,0.04595349532710279944359856756,0.02622452459016393227667831228,private
view_b,high,100000,medium,high,managed,-5,0.3566666666666667,0.4066666666666667,1,4159.0080,3586.4640,4.4640,32.400,72.00,3.1680,14.9760,2880.0,32.49225,provider-billed input + output tokens,28.01925,normalized input + visible output tokens,0.1166077009345794283544204734,0.08819173770491802555805428648,private
view_a,not_applicable,100000,medium,high,private,-5,0.4066666666666667,0.3566666666666667,1,1152.00,579.4560,,,,,,,9.00,provider-billed input + output tokens,4.5270,normalized input + visible output tokens,0.02832786885245901407148615963,0.01624642990654205455640841995,private
view_b,low,100000,medium,high,private,-5,0.4066666666666667,0.3566666666666667,1,1319.0080,746.4640,4.4640,32.400,72.00,3.1680,14.9760,40.00,10.30475,provider-billed input + output tokens,5.83175,normalized input + visible output tokens,0.03243462295081966947257188928,0.02092889719626168028701895362,private
view_b,typical,100000,medium,high,private,-5,0.4066666666666667,0.3566666666666667,1,1639.0080,1066.4640,4.4640,32.400,72.00,3.1680,14.9760,360.0,12.80475,provider-billed input + output tokens,8.33175,normalized input + visible output tokens,0.04030347540983606227020693362,0.02990085981308410935505983055,private
view_b,high,100000,medium,high,private,-5,0.4066666666666667,0.3566666666666667,1,4159.0080,3586.4640,4.4640,32.400,72.00,3.1680,14.9760,2880.0,32.49225,provider-billed input + output tokens,28.01925,normalized input + visible output tokens,0.1022706885245901555515829078,0.1005550654205607382658817364,private
view_a,not_applicable,100000,medium,high,measured,0,0.4066666666666667,0.4066666666666667,1,1152.00,579.4560,,,,,,,9.00,provider-billed input + output tokens,4.5270,normalized input + visible output tokens,0.02832786885245901407148615963,0.01424891803278688407795753830,private
view_b,low,100000,medium,high,measured,0,0.4066666666666667,0.4066666666666667,1,1319.0080,746.4640,4.4640,32.400,72.00,3.1680,14.9760,40.00,10.30475,provider-billed input + output tokens,5.83175,normalized input + visible output tokens,0.03243462295081966947257188928,0.01835567213114753947904326794,private
view_b,typical,100000,medium,high,measured,0,0.4066666666666667,0.4066666666666667,1,1639.0080,1066.4640,4.4640,32.400,72.00,3.1680,14.9760,360.0,12.80475,provider-billed input + output tokens,8.33175,normalized input + visible output tokens,0.04030347540983606227020693362,0.02622452459016393227667831228,private
view_b,high,100000,medium,high,measured,0,0.4066666666666667,0.4066666666666667,1,4159.0080,3586.4640,4.4640,32.400,72.00,3.1680,14.9760,2880.0,32.49225,provider-billed input + output tokens,28.01925,normalized input + visible output tokens,0.1022706885245901555515829078,0.08819173770491802555805428648,private
view_a,not_applicable,100000,medium,high,managed,5,0.4566666666666667,0.4066666666666667,1,1152.00,579.4560,,,,,,,9.00,provider-billed input + output tokens,4.5270,normalized input + visible output tokens,0.02522627737226277188129362246,0.01424891803278688407795753830,private
view_b,low,100000,medium,high,managed,5,0.4566666666666667,0.4066666666666667,1,1319.0080,746.4640,4.4640,32.400,72.00,3.1680,14.9760,40.00,10.30475,provider-billed input + output tokens,5.83175,normalized input + visible output tokens,0.02888338686131386650486227290,0.01835567213114753947904326794,private
view_b,typical,100000,medium,high,managed,5,0.4566666666666667,0.4066666666666667,1,1639.0080,1066.4640,4.4640,32.400,72.00,3.1680,14.9760,360.0,12.80475,provider-billed input + output tokens,8.33175,normalized input + visible output tokens,0.03589068613138685869411050136,0.02622452459016393227667831228,private
view_b,high,100000,medium,high,managed,5,0.4566666666666667,0.4066666666666667,1,4159.0080,3586.4640,4.4640,32.400,72.00,3.1680,14.9760,2880.0,32.49225,provider-billed input + output tokens,28.01925,normalized input + visible output tokens,0.09107316788321167218444030050,0.08819173770491802555805428648,private
view_a,not_applicable,100000,medium,high,private,5,0.4066666666666667,0.4566666666666667,1,1152.00,579.4560,,,,,,,9.00,provider-billed input + output tokens,4.5270,normalized input + visible output tokens,0.02832786885245901407148615963,0.01268881751824817425629069210,private
view_b,low,100000,medium,high,private,5,0.4066666666666667,0.4566666666666667,1,1319.0080,746.4640,4.4640,32.400,72.00,3.1680,14.9760,40.00,10.30475,provider-billed input + output tokens,5.83175,normalized input + visible output tokens,0.03243462295081966947257188928,0.01634592700729926887985934253,private
view_b,typical,100000,medium,high,private,5,0.4066666666666667,0.4566666666666667,1,1639.0080,1066.4640,4.4640,32.400,72.00,3.1680,14.9760,360.0,12.80475,provider-billed input + output tokens,8.33175,normalized input + visible output tokens,0.04030347540983606227020693362,0.02335322627737226106910757099,private
view_b,high,100000,medium,high,private,5,0.4066666666666667,0.4566666666666667,1,4159.0080,3586.4640,4.4640,32.400,72.00,3.1680,14.9760,2880.0,32.49225,provider-billed input + output tokens,28.01925,normalized input + visible output tokens,0.1022706885245901555515829078,0.07853570802919707455943737013,private
view_a,not_applicable,500000,short,low,managed,-5,0.3566666666666667,0.4066666666666667,5,1440.00,2897.2800,,,,,,,9.00,provider-billed input + output tokens,18.1080,normalized input + visible output tokens,0.008074766355140186161236789239,0.01424891803278688407795753830,managed
view_b,low,500000,short,low,managed,-5,0.3566666666666667,0.4066666666666667,5,1607.0080,3064.2880,4.4640,32.400,72.00,3.1680,14.9760,40.00,10.0438,provider-billed input + output tokens,19.1518,normalized input + visible output tokens,0.009011259813084111307358895973,0.01507026885245901515817468422,managed
view_b,typical,500000,short,low,managed,-5,0.3566666666666667,0.4066666666666667,5,1927.0080,3384.2880,4.4640,32.400,72.00,3.1680,14.9760,360.0,12.0438,provider-billed input + output tokens,21.1518,normalized input + visible output tokens,0.01080565233644859712096707136,0.01664403934426229371770169309,managed
view_b,high,500000,short,low,managed,-5,0.3566666666666667,0.4066666666666667,5,4447.0080,5904.2880,4.4640,32.400,72.00,3.1680,14.9760,2880.0,27.7938,provider-billed input + output tokens,36.9018,normalized input + visible output tokens,0.02493649345794392290313145253,0.02903748196721311237397688793,managed
view_a,not_applicable,500000,short,low,private,-5,0.4066666666666667,0.3566666666666667,5,1440.00,2897.2800,,,,,,,9.00,provider-billed input + output tokens,18.1080,normalized input + visible output tokens,0.007081967213114753517871539909,0.01624642990654205455640841995,managed
view_b,low,500000,short,low,private,-5,0.4066666666666667,0.3566666666666667,5,1607.0080,3064.2880,4.4640,32.400,72.00,3.1680,14.9760,40.00,10.0438,provider-billed input + output tokens,19.1518,normalized input + visible output tokens,0.007903318032786884598088685837,0.01718292336448597970253052668,managed
view_b,typical,500000,short,low,private,-5,0.4066666666666667,0.3566666666666667,5,1927.0080,3384.2880,4.4640,32.400,72.00,3.1680,14.9760,360.0,12.0438,provider-billed input + output tokens,21.1518,normalized input + visible output tokens,0.009477088524590163157615694706,0.01897731588785046551613870207,managed
view_b,high,500000,short,low,private,-5,0.4066666666666667,0.3566666666666667,5,4447.0080,5904.2880,4.4640,32.400,72.00,3.1680,14.9760,2880.0,27.7938,provider-billed input + output tokens,36.9018,normalized input + visible output tokens,0.02187053114754098181389088955,0.03310815700934579129830308324,managed
view_a,not_applicable,500000,short,low,measured,0,0.4066666666666667,0.4066666666666667,5,1440.00,2897.2800,,,,,,,9.00,provider-billed input + output tokens,18.1080,normalized input + visible output tokens,0.007081967213114753517871539909,0.01424891803278688407795753830,managed
view_b,low,500000,short,low,measured,0,0.4066666666666667,0.4066666666666667,5,1607.0080,3064.2880,4.4640,32.400,72.00,3.1680,14.9760,40.00,10.0438,provider-billed input + output tokens,19.1518,normalized input + visible output tokens,0.007903318032786884598088685837,0.01507026885245901515817468422,managed
view_b,typical,500000,short,low,measured,0,0.4066666666666667,0.4066666666666667,5,1927.0080,3384.2880,4.4640,32.400,72.00,3.1680,14.9760,360.0,12.0438,provider-billed input + output tokens,21.1518,normalized input + visible output tokens,0.009477088524590163157615694706,0.01664403934426229371770169309,managed
view_b,high,500000,short,low,measured,0,0.4066666666666667,0.4066666666666667,5,4447.0080,5904.2880,4.4640,32.400,72.00,3.1680,14.9760,2880.0,27.7938,provider-billed input + output tokens,36.9018,normalized input + visible output tokens,0.02187053114754098181389088955,0.02903748196721311237397688793,managed
view_a,not_applicable,500000,short,low,managed,5,0.4566666666666667,0.4066666666666667,5,1440.00,2897.2800,,,,,,,9.00,provider-billed input + output tokens,18.1080,normalized input + visible output tokens,0.006306569343065692970323405616,0.01424891803278688407795753830,managed
view_b,low,500000,short,low,managed,5,0.4566666666666667,0.4066666666666667,5,1607.0080,3064.2880,4.4640,32.400,72.00,3.1680,14.9760,40.00,10.0438,provider-billed input + output tokens,19.1518,normalized input + visible output tokens,0.007037991240875911895037135702,0.01507026885245901515817468422,managed
view_b,typical,500000,short,low,managed,5,0.4566666666666667,0.4066666666666667,5,1927.0080,3384.2880,4.4640,32.400,72.00,3.1680,14.9760,360.0,12.0438,provider-billed input + output tokens,21.1518,normalized input + visible output tokens,0.008439451094890510332886781395,0.01664403934426229371770169309,managed
view_b,high,500000,short,low,managed,5,0.4566666666666667,0.4066666666666667,5,4447.0080,5904.2880,4.4640,32.400,72.00,3.1680,14.9760,2880.0,27.7938,provider-billed input + output tokens,36.9018,normalized input + visible output tokens,0.01947594744525547303095274122,0.02903748196721311237397688793,managed
view_a,not_applicable,500000,short,low,private,5,0.4066666666666667,0.4566666666666667,5,1440.00,2897.2800,,,,,,,9.00,provider-billed input + output tokens,18.1080,normalized input + visible output tokens,0.007081967213114753517871539909,0.01268881751824817425629069210,managed
view_b,low,500000,short,low,private,5,0.4066666666666667,0.4566666666666667,5,1607.0080,3064.2880,4.4640,32.400,72.00,3.1680,14.9760,40.00,10.0438,provider-billed input + output tokens,19.1518,normalized input + visible output tokens,0.007903318032786884598088685837,0.01342023941605839318100442219,managed
view_b,typical,500000,short,low,private,5,0.4066666666666667,0.4566666666666667,5,1927.0080,3384.2880,4.4640,32.400,72.00,3.1680,14.9760,360.0,12.0438,provider-billed input + output tokens,21.1518,normalized input + visible output tokens,0.009477088524590163157615694706,0.01482169927007299161885406788,managed
view_b,high,500000,short,low,private,5,0.4066666666666667,0.4566666666666667,5,4447.0080,5904.2880,4.4640,32.400,72.00,3.1680,14.9760,2880.0,27.7938,provider-billed input + output tokens,36.9018,normalized input + visible output tokens,0.02187053114754098181389088955,0.02585819562043795431692002771,managed
view_a,not_applicable,500000,short,typical,managed,-5,0.3566666666666667,0.4066666666666667,1,1440.00,579.4560,,,,,,,9.00,provider-billed input + output tokens,3.6216,normalized input + visible output tokens,0.008074766355140186161236789239,0.002849783606557376815591507659,private
view_b,low,500000,short,typical,managed,-5,0.3566666666666667,0.4066666666666667,1,1607.0080,746.4640,4.4640,32.400,72.00,3.1680,14.9760,40.00,10.0438,provider-billed input + output tokens,4.6654,normalized input + visible output tokens,0.009011259813084111307358895973,0.003671134426229507895808653588,private
view_b,typical,500000,short,typical,managed,-5,0.3566666666666667,0.4066666666666667,1,1927.0080,1066.4640,4.4640,32.400,72.00,3.1680,14.9760,360.0,12.0438,provider-billed input + output tokens,6.6654,normalized input + visible output tokens,0.01080565233644859712096707136,0.005244904918032786455335662456,private
view_b,high,500000,short,typical,managed,-5,0.3566666666666667,0.4066666666666667,1,4447.0080,3586.4640,4.4640,32.400,72.00,3.1680,14.9760,2880.0,27.7938,provider-billed input + output tokens,22.4154,normalized input + visible output tokens,0.02493649345794392290313145253,0.01763834754098360511161085730,private
view_a,not_applicable,500000,short,typical,private,-5,0.4066666666666667,0.3566666666666667,1,1440.00,579.4560,,,,,,,9.00,provider-billed input + output tokens,3.6216,normalized input + visible output tokens,0.007081967213114753517871539909,0.003249285981308410911281683990,private
view_b,low,500000,short,typical,private,-5,0.4066666666666667,0.3566666666666667,1,1607.0080,746.4640,4.4640,32.400,72.00,3.1680,14.9760,40.00,10.0438,provider-billed input + output tokens,4.6654,normalized input + visible output tokens,0.007903318032786884598088685837,0.004185779439252336057403790724,private
view_b,typical,500000,short,typical,private,-5,0.4066666666666667,0.3566666666666667,1,1927.0080,1066.4640,4.4640,32.400,72.00,3.1680,14.9760,360.0,12.0438,provider-billed input + output tokens,6.6654,normalized input + visible output tokens,0.009477088524590163157615694706,0.005980171962616821871011966111,private
view_b,high,500000,short,typical,private,-5,0.4066666666666667,0.3566666666666667,1,4447.0080,3586.4640,4.4640,32.400,72.00,3.1680,14.9760,2880.0,27.7938,provider-billed input + output tokens,22.4154,normalized input + visible output tokens,0.02187053114754098181389088955,0.02011101308411214765317634728,private
view_a,not_applicable,500000,short,typical,measured,0,0.4066666666666667,0.4066666666666667,1,1440.00,579.4560,,,,,,,9.00,provider-billed input + output tokens,3.6216,normalized input + visible output tokens,0.007081967213114753517871539909,0.002849783606557376815591507659,private
view_b,low,500000,short,typical,measured,0,0.4066666666666667,0.4066666666666667,1,1607.0080,746.4640,4.4640,32.400,72.00,3.1680,14.9760,40.00,10.0438,provider-billed input + output tokens,4.6654,normalized input + visible output tokens,0.007903318032786884598088685837,0.003671134426229507895808653588,private
view_b,typical,500000,short,typical,measured,0,0.4066666666666667,0.4066666666666667,1,1927.0080,1066.4640,4.4640,32.400,72.00,3.1680,14.9760,360.0,12.0438,provider-billed input + output tokens,6.6654,normalized input + visible output tokens,0.009477088524590163157615694706,0.005244904918032786455335662456,private
view_b,high,500000,short,typical,measured,0,0.4066666666666667,0.4066666666666667,1,4447.0080,3586.4640,4.4640,32.400,72.00,3.1680,14.9760,2880.0,27.7938,provider-billed input + output tokens,22.4154,normalized input + visible output tokens,0.02187053114754098181389088955,0.01763834754098360511161085730,private
view_a,not_applicable,500000,short,typical,managed,5,0.4566666666666667,0.4066666666666667,1,1440.00,579.4560,,,,,,,9.00,provider-billed input + output tokens,3.6216,normalized input + visible output tokens,0.006306569343065692970323405616,0.002849783606557376815591507659,private
view_b,low,500000,short,typical,managed,5,0.4566666666666667,0.4066666666666667,1,1607.0080,746.4640,4.4640,32.400,72.00,3.1680,14.9760,40.00,10.0438,provider-billed input + output tokens,4.6654,normalized input + visible output tokens,0.007037991240875911895037135702,0.003671134426229507895808653588,private
view_b,typical,500000,short,typical,managed,5,0.4566666666666667,0.4066666666666667,1,1927.0080,1066.4640,4.4640,32.400,72.00,3.1680,14.9760,360.0,12.0438,provider-billed input + output tokens,6.6654,normalized input + visible output tokens,0.008439451094890510332886781395,0.005244904918032786455335662456,private
view_b,high,500000,short,typical,managed,5,0.4566666666666667,0.4066666666666667,1,4447.0080,3586.4640,4.4640,32.400,72.00,3.1680,14.9760,2880.0,27.7938,provider-billed input + output tokens,22.4154,normalized input + visible output tokens,0.01947594744525547303095274122,0.01763834754098360511161085730,private
view_a,not_applicable,500000,short,typical,private,5,0.4066666666666667,0.4566666666666667,1,1440.00,579.4560,,,,,,,9.00,provider-billed input + output tokens,3.6216,normalized input + visible output tokens,0.007081967213114753517871539909,0.002537763503649634851258138420,private
view_b,low,500000,short,typical,private,5,0.4066666666666667,0.4566666666666667,1,1607.0080,746.4640,4.4640,32.400,72.00,3.1680,14.9760,40.00,10.0438,provider-billed input + output tokens,4.6654,normalized input + visible output tokens,0.007903318032786884598088685837,0.003269185401459853775971868507,private
view_b,typical,500000,short,typical,private,5,0.4066666666666667,0.4566666666666667,1,1927.0080,1066.4640,4.4640,32.400,72.00,3.1680,14.9760,360.0,12.0438,provider-billed input + output tokens,6.6654,normalized input + visible output tokens,0.009477088524590163157615694706,0.004670645255474452213821514199,private
view_b,high,500000,short,typical,private,5,0.4066666666666667,0.4566666666666667,1,4447.0080,3586.4640,4.4640,32.400,72.00,3.1680,14.9760,2880.0,27.7938,provider-billed input + output tokens,22.4154,normalized input + visible output tokens,0.02187053114754098181389088955,0.01570714160583941491188747403,private
view_a,not_applicable,500000,short,high,managed,-5,0.3566666666666667,0.4066666666666667,1,1440.00,579.4560,,,,,,,9.00,provider-billed input + output tokens,3.6216,normalized input + visible output tokens,0.008074766355140186161236789239,0.002849783606557376815591507659,private
view_b,low,500000,short,high,managed,-5,0.3566666666666667,0.4066666666666667,1,1607.0080,746.4640,4.4640,32.400,72.00,3.1680,14.9760,40.00,10.0438,provider-billed input + output tokens,4.6654,normalized input + visible output tokens,0.009011259813084111307358895973,0.003671134426229507895808653588,private
view_b,typical,500000,short,high,managed,-5,0.3566666666666667,0.4066666666666667,1,1927.0080,1066.4640,4.4640,32.400,72.00,3.1680,14.9760,360.0,12.0438,provider-billed input + output tokens,6.6654,normalized input + visible output tokens,0.01080565233644859712096707136,0.005244904918032786455335662456,private
view_b,high,500000,short,high,managed,-5,0.3566666666666667,0.4066666666666667,1,4447.0080,3586.4640,4.4640,32.400,72.00,3.1680,14.9760,2880.0,27.7938,provider-billed input + output tokens,22.4154,normalized input + visible output tokens,0.02493649345794392290313145253,0.01763834754098360511161085730,private
view_a,not_applicable,500000,short,high,private,-5,0.4066666666666667,0.3566666666666667,1,1440.00,579.4560,,,,,,,9.00,provider-billed input + output tokens,3.6216,normalized input + visible output tokens,0.007081967213114753517871539909,0.003249285981308410911281683990,private
view_b,low,500000,short,high,private,-5,0.4066666666666667,0.3566666666666667,1,1607.0080,746.4640,4.4640,32.400,72.00,3.1680,14.9760,40.00,10.0438,provider-billed input + output tokens,4.6654,normalized input + visible output tokens,0.007903318032786884598088685837,0.004185779439252336057403790724,private
view_b,typical,500000,short,high,private,-5,0.4066666666666667,0.3566666666666667,1,1927.0080,1066.4640,4.4640,32.400,72.00,3.1680,14.9760,360.0,12.0438,provider-billed input + output tokens,6.6654,normalized input + visible output tokens,0.009477088524590163157615694706,0.005980171962616821871011966111,private
view_b,high,500000,short,high,private,-5,0.4066666666666667,0.3566666666666667,1,4447.0080,3586.4640,4.4640,32.400,72.00,3.1680,14.9760,2880.0,27.7938,provider-billed input + output tokens,22.4154,normalized input + visible output tokens,0.02187053114754098181389088955,0.02011101308411214765317634728,private
view_a,not_applicable,500000,short,high,measured,0,0.4066666666666667,0.4066666666666667,1,1440.00,579.4560,,,,,,,9.00,provider-billed input + output tokens,3.6216,normalized input + visible output tokens,0.007081967213114753517871539909,0.002849783606557376815591507659,private
view_b,low,500000,short,high,measured,0,0.4066666666666667,0.4066666666666667,1,1607.0080,746.4640,4.4640,32.400,72.00,3.1680,14.9760,40.00,10.0438,provider-billed input + output tokens,4.6654,normalized input + visible output tokens,0.007903318032786884598088685837,0.003671134426229507895808653588,private
view_b,typical,500000,short,high,measured,0,0.4066666666666667,0.4066666666666667,1,1927.0080,1066.4640,4.4640,32.400,72.00,3.1680,14.9760,360.0,12.0438,provider-billed input + output tokens,6.6654,normalized input + visible output tokens,0.009477088524590163157615694706,0.005244904918032786455335662456,private
view_b,high,500000,short,high,measured,0,0.4066666666666667,0.4066666666666667,1,4447.0080,3586.4640,4.4640,32.400,72.00,3.1680,14.9760,2880.0,27.7938,provider-billed input + output tokens,22.4154,normalized input + visible output tokens,0.02187053114754098181389088955,0.01763834754098360511161085730,private
view_a,not_applicable,500000,short,high,managed,5,0.4566666666666667,0.4066666666666667,1,1440.00,579.4560,,,,,,,9.00,provider-billed input + output tokens,3.6216,normalized input + visible output tokens,0.006306569343065692970323405616,0.002849783606557376815591507659,private
view_b,low,500000,short,high,managed,5,0.4566666666666667,0.4066666666666667,1,1607.0080,746.4640,4.4640,32.400,72.00,3.1680,14.9760,40.00,10.0438,provider-billed input + output tokens,4.6654,normalized input + visible output tokens,0.007037991240875911895037135702,0.003671134426229507895808653588,private
view_b,typical,500000,short,high,managed,5,0.4566666666666667,0.4066666666666667,1,1927.0080,1066.4640,4.4640,32.400,72.00,3.1680,14.9760,360.0,12.0438,provider-billed input + output tokens,6.6654,normalized input + visible output tokens,0.008439451094890510332886781395,0.005244904918032786455335662456,private
view_b,high,500000,short,high,managed,5,0.4566666666666667,0.4066666666666667,1,4447.0080,3586.4640,4.4640,32.400,72.00,3.1680,14.9760,2880.0,27.7938,provider-billed input + output tokens,22.4154,normalized input + visible output tokens,0.01947594744525547303095274122,0.01763834754098360511161085730,private
view_a,not_applicable,500000,short,high,private,5,0.4066666666666667,0.4566666666666667,1,1440.00,579.4560,,,,,,,9.00,provider-billed input + output tokens,3.6216,normalized input + visible output tokens,0.007081967213114753517871539909,0.002537763503649634851258138420,private
view_b,low,500000,short,high,private,5,0.4066666666666667,0.4566666666666667,1,1607.0080,746.4640,4.4640,32.400,72.00,3.1680,14.9760,40.00,10.0438,provider-billed input + output tokens,4.6654,normalized input + visible output tokens,0.007903318032786884598088685837,0.003269185401459853775971868507,private
view_b,typical,500000,short,high,private,5,0.4066666666666667,0.4566666666666667,1,1927.0080,1066.4640,4.4640,32.400,72.00,3.1680,14.9760,360.0,12.0438,provider-billed input + output tokens,6.6654,normalized input + visible output tokens,0.009477088524590163157615694706,0.004670645255474452213821514199,private
view_b,high,500000,short,high,private,5,0.4066666666666667,0.4566666666666667,1,4447.0080,3586.4640,4.4640,32.400,72.00,3.1680,14.9760,2880.0,27.7938,provider-billed input + output tokens,22.4154,normalized input + visible output tokens,0.02187053114754098181389088955,0.01570714160583941491188747403,private
view_a,not_applicable,500000,medium,low,managed,-5,0.3566666666666667,0.4066666666666667,5,5760.00,2897.2800,,,,,,,9.00,provider-billed input + output tokens,4.5270,normalized input + visible output tokens,0.03229906542056074464494715696,0.01424891803278688407795753830,private
view_b,low,500000,medium,low,managed,-5,0.3566666666666667,0.4066666666666667,5,5927.0080,3064.2880,4.4640,32.400,72.00,3.1680,14.9760,40.00,9.26095,provider-billed input + output tokens,4.78795,normalized input + visible output tokens,0.03323555887850466979106926369,0.01507026885245901515817468422,private
view_b,typical,500000,medium,low,managed,-5,0.3566666666666667,0.4066666666666667,5,6247.0080,3384.2880,4.4640,32.400,72.00,3.1680,14.9760,360.0,9.76095,provider-billed input + output tokens,5.28795,normalized input + visible output tokens,0.03502995140186915560467743908,0.01664403934426229371770169309,private
view_b,high,500000,medium,low,managed,-5,0.3566666666666667,0.4066666666666667,5,8767.0080,5904.2880,4.4640,32.400,72.00,3.1680,14.9760,2880.0,13.69845,provider-billed input + output tokens,9.22545,normalized input + visible output tokens,0.04916079252336448138684182025,0.02903748196721311237397688793,private
view_a,not_applicable,500000,medium,low,private,-5,0.4066666666666667,0.3566666666666667,5,5760.00,2897.2800,,,,,,,9.00,provider-billed input + output tokens,4.5270,normalized input + visible output tokens,0.02832786885245901407148615963,0.01624642990654205455640841995,private
view_b,low,500000,medium,low,private,-5,0.4066666666666667,0.3566666666666667,5,5927.0080,3064.2880,4.4640,32.400,72.00,3.1680,14.9760,40.00,9.26095,provider-billed input + output tokens,4.78795,normalized input + visible output tokens,0.02914921967213114515170330556,0.01718292336448597970253052668,private
view_b,typical,500000,medium,low,private,-5,0.4066666666666667,0.3566666666666667,5,6247.0080,3384.2880,4.4640,32.400,72.00,3.1680,14.9760,360.0,9.76095,provider-billed input + output tokens,5.28795,normalized input + visible output tokens,0.03072299016393442371123031443,0.01897731588785046551613870207,private
view_b,high,500000,medium,low,private,-5,0.4066666666666667,0.3566666666666667,5,8767.0080,5904.2880,4.4640,32.400,72.00,3.1680,14.9760,2880.0,13.69845,provider-billed input + output tokens,9.22545,normalized input + visible output tokens,0.04311643278688524236750550927,0.03310815700934579129830308324,private
view_a,not_applicable,500000,medium,low,measured,0,0.4066666666666667,0.4066666666666667,5,5760.00,2897.2800,,,,,,,9.00,provider-billed input + output tokens,4.5270,normalized input + visible output tokens,0.02832786885245901407148615963,0.01424891803278688407795753830,private
view_b,low,500000,medium,low,measured,0,0.4066666666666667,0.4066666666666667,5,5927.0080,3064.2880,4.4640,32.400,72.00,3.1680,14.9760,40.00,9.26095,provider-billed input + output tokens,4.78795,normalized input + visible output tokens,0.02914921967213114515170330556,0.01507026885245901515817468422,private
view_b,typical,500000,medium,low,measured,0,0.4066666666666667,0.4066666666666667,5,6247.0080,3384.2880,4.4640,32.400,72.00,3.1680,14.9760,360.0,9.76095,provider-billed input + output tokens,5.28795,normalized input + visible output tokens,0.03072299016393442371123031443,0.01664403934426229371770169309,private
view_b,high,500000,medium,low,measured,0,0.4066666666666667,0.4066666666666667,5,8767.0080,5904.2880,4.4640,32.400,72.00,3.1680,14.9760,2880.0,13.69845,provider-billed input + output tokens,9.22545,normalized input + visible output tokens,0.04311643278688524236750550927,0.02903748196721311237397688793,private
view_a,not_applicable,500000,medium,low,managed,5,0.4566666666666667,0.4066666666666667,5,5760.00,2897.2800,,,,,,,9.00,provider-billed input + output tokens,4.5270,normalized input + visible output tokens,0.02522627737226277188129362246,0.01424891803278688407795753830,private
view_b,low,500000,medium,low,managed,5,0.4566666666666667,0.4066666666666667,5,5927.0080,3064.2880,4.4640,32.400,72.00,3.1680,14.9760,40.00,9.26095,provider-billed input + output tokens,4.78795,normalized input + visible output tokens,0.02595769927007299080600735255,0.01507026885245901515817468422,private
view_b,typical,500000,medium,low,managed,5,0.4566666666666667,0.4066666666666667,5,6247.0080,3384.2880,4.4640,32.400,72.00,3.1680,14.9760,360.0,9.76095,provider-billed input + output tokens,5.28795,normalized input + visible output tokens,0.02735915912408758924385699824,0.01664403934426229371770169309,private
view_b,high,500000,medium,low,managed,5,0.4566666666666667,0.4066666666666667,5,8767.0080,5904.2880,4.4640,32.400,72.00,3.1680,14.9760,2880.0,13.69845,provider-billed input + output tokens,9.22545,normalized input + visible output tokens,0.03839565547445255194192295807,0.02903748196721311237397688793,private
view_a,not_applicable,500000,medium,low,private,5,0.4066666666666667,0.4566666666666667,5,5760.00,2897.2800,,,,,,,9.00,provider-billed input + output tokens,4.5270,normalized input + visible output tokens,0.02832786885245901407148615963,0.01268881751824817425629069210,private
view_b,low,500000,medium,low,private,5,0.4066666666666667,0.4566666666666667,5,5927.0080,3064.2880,4.4640,32.400,72.00,3.1680,14.9760,40.00,9.26095,provider-billed input + output tokens,4.78795,normalized input + visible output tokens,0.02914921967213114515170330556,0.01342023941605839318100442219,private
view_b,typical,500000,medium,low,private,5,0.4066666666666667,0.4566666666666667,5,6247.0080,3384.2880,4.4640,32.400,72.00,3.1680,14.9760,360.0,9.76095,provider-billed input + output tokens,5.28795,normalized input + visible output tokens,0.03072299016393442371123031443,0.01482169927007299161885406788,private
view_b,high,500000,medium,low,private,5,0.4066666666666667,0.4566666666666667,5,8767.0080,5904.2880,4.4640,32.400,72.00,3.1680,14.9760,2880.0,13.69845,provider-billed input + output tokens,9.22545,normalized input + visible output tokens,0.04311643278688524236750550927,0.02585819562043795431692002771,private
view_a,not_applicable,500000,medium,typical,managed,-5,0.3566666666666667,0.4066666666666667,1,5760.00,579.4560,,,,,,,9.00,provider-billed input + output tokens,0.9054,normalized input + visible output tokens,0.03229906542056074464494715696,0.002849783606557376815591507659,private
view_b,low,500000,medium,typical,managed,-5,0.3566666666666667,0.4066666666666667,1,5927.0080,746.4640,4.4640,32.400,72.00,3.1680,14.9760,40.00,9.26095,provider-billed input + output tokens,1.16635,normalized input + visible output tokens,0.03323555887850466979106926369,0.003671134426229507895808653588,private
view_b,typical,500000,medium,typical,managed,-5,0.3566666666666667,0.4066666666666667,1,6247.0080,1066.4640,4.4640,32.400,72.00,3.1680,14.9760,360.0,9.76095,provider-billed input + output tokens,1.66635,normalized input + visible output tokens,0.03502995140186915560467743908,0.005244904918032786455335662456,private
view_b,high,500000,medium,typical,managed,-5,0.3566666666666667,0.4066666666666667,1,8767.0080,3586.4640,4.4640,32.400,72.00,3.1680,14.9760,2880.0,13.69845,provider-billed input + output tokens,5.60385,normalized input + visible output tokens,0.04916079252336448138684182025,0.01763834754098360511161085730,private
view_a,not_applicable,500000,medium,typical,private,-5,0.4066666666666667,0.3566666666666667,1,5760.00,579.4560,,,,,,,9.00,provider-billed input + output tokens,0.9054,normalized input + visible output tokens,0.02832786885245901407148615963,0.003249285981308410911281683990,private
view_b,low,500000,medium,typical,private,-5,0.4066666666666667,0.3566666666666667,1,5927.0080,746.4640,4.4640,32.400,72.00,3.1680,14.9760,40.00,9.26095,provider-billed input + output tokens,1.16635,normalized input + visible output tokens,0.02914921967213114515170330556,0.004185779439252336057403790724,private
view_b,typical,500000,medium,typical,private,-5,0.4066666666666667,0.3566666666666667,1,6247.0080,1066.4640,4.4640,32.400,72.00,3.1680,14.9760,360.0,9.76095,provider-billed input + output tokens,1.66635,normalized input + visible output tokens,0.03072299016393442371123031443,0.005980171962616821871011966111,private
view_b,high,500000,medium,typical,private,-5,0.4066666666666667,0.3566666666666667,1,8767.0080,3586.4640,4.4640,32.400,72.00,3.1680,14.9760,2880.0,13.69845,provider-billed input + output tokens,5.60385,normalized input + visible output tokens,0.04311643278688524236750550927,0.02011101308411214765317634728,private
view_a,not_applicable,500000,medium,typical,measured,0,0.4066666666666667,0.4066666666666667,1,5760.00,579.4560,,,,,,,9.00,provider-billed input + output tokens,0.9054,normalized input + visible output tokens,0.02832786885245901407148615963,0.002849783606557376815591507659,private
view_b,low,500000,medium,typical,measured,0,0.4066666666666667,0.4066666666666667,1,5927.0080,746.4640,4.4640,32.400,72.00,3.1680,14.9760,40.00,9.26095,provider-billed input + output tokens,1.16635,normalized input + visible output tokens,0.02914921967213114515170330556,0.003671134426229507895808653588,private
view_b,typical,500000,medium,typical,measured,0,0.4066666666666667,0.4066666666666667,1,6247.0080,1066.4640,4.4640,32.400,72.00,3.1680,14.9760,360.0,9.76095,provider-billed input + output tokens,1.66635,normalized input + visible output tokens,0.03072299016393442371123031443,0.005244904918032786455335662456,private
view_b,high,500000,medium,typical,measured,0,0.4066666666666667,0.4066666666666667,1,8767.0080,3586.4640,4.4640,32.400,72.00,3.1680,14.9760,2880.0,13.69845,provider-billed input + output tokens,5.60385,normalized input + visible output tokens,0.04311643278688524236750550927,0.01763834754098360511161085730,private
view_a,not_applicable,500000,medium,typical,managed,5,0.4566666666666667,0.4066666666666667,1,5760.00,579.4560,,,,,,,9.00,provider-billed input + output tokens,0.9054,normalized input + visible output tokens,0.02522627737226277188129362246,0.002849783606557376815591507659,private
view_b,low,500000,medium,typical,managed,5,0.4566666666666667,0.4066666666666667,1,5927.0080,746.4640,4.4640,32.400,72.00,3.1680,14.9760,40.00,9.26095,provider-billed input + output tokens,1.16635,normalized input + visible output tokens,0.02595769927007299080600735255,0.003671134426229507895808653588,private
view_b,typical,500000,medium,typical,managed,5,0.4566666666666667,0.4066666666666667,1,6247.0080,1066.4640,4.4640,32.400,72.00,3.1680,14.9760,360.0,9.76095,provider-billed input + output tokens,1.66635,normalized input + visible output tokens,0.02735915912408758924385699824,0.005244904918032786455335662456,private
view_b,high,500000,medium,typical,managed,5,0.4566666666666667,0.4066666666666667,1,8767.0080,3586.4640,4.4640,32.400,72.00,3.1680,14.9760,2880.0,13.69845,provider-billed input + output tokens,5.60385,normalized input + visible output tokens,0.03839565547445255194192295807,0.01763834754098360511161085730,private
view_a,not_applicable,500000,medium,typical,private,5,0.4066666666666667,0.4566666666666667,1,5760.00,579.4560,,,,,,,9.00,provider-billed input + output tokens,0.9054,normalized input + visible output tokens,0.02832786885245901407148615963,0.002537763503649634851258138420,private
view_b,low,500000,medium,typical,private,5,0.4066666666666667,0.4566666666666667,1,5927.0080,746.4640,4.4640,32.400,72.00,3.1680,14.9760,40.00,9.26095,provider-billed input + output tokens,1.16635,normalized input + visible output tokens,0.02914921967213114515170330556,0.003269185401459853775971868507,private
view_b,typical,500000,medium,typical,private,5,0.4066666666666667,0.4566666666666667,1,6247.0080,1066.4640,4.4640,32.400,72.00,3.1680,14.9760,360.0,9.76095,provider-billed input + output tokens,1.66635,normalized input + visible output tokens,0.03072299016393442371123031443,0.004670645255474452213821514199,private
view_b,high,500000,medium,typical,private,5,0.4066666666666667,0.4566666666666667,1,8767.0080,3586.4640,4.4640,32.400,72.00,3.1680,14.9760,2880.0,13.69845,provider-billed input + output tokens,5.60385,normalized input + visible output tokens,0.04311643278688524236750550927,0.01570714160583941491188747403,private
view_a,not_applicable,500000,medium,high,managed,-5,0.3566666666666667,0.4066666666666667,1,5760.00,579.4560,,,,,,,9.00,provider-billed input + output tokens,0.9054,normalized input + visible output tokens,0.03229906542056074464494715696,0.002849783606557376815591507659,private
view_b,low,500000,medium,high,managed,-5,0.3566666666666667,0.4066666666666667,1,5927.0080,746.4640,4.4640,32.400,72.00,3.1680,14.9760,40.00,9.26095,provider-billed input + output tokens,1.16635,normalized input + visible output tokens,0.03323555887850466979106926369,0.003671134426229507895808653588,private
view_b,typical,500000,medium,high,managed,-5,0.3566666666666667,0.4066666666666667,1,6247.0080,1066.4640,4.4640,32.400,72.00,3.1680,14.9760,360.0,9.76095,provider-billed input + output tokens,1.66635,normalized input + visible output tokens,0.03502995140186915560467743908,0.005244904918032786455335662456,private
view_b,high,500000,medium,high,managed,-5,0.3566666666666667,0.4066666666666667,1,8767.0080,3586.4640,4.4640,32.400,72.00,3.1680,14.9760,2880.0,13.69845,provider-billed input + output tokens,5.60385,normalized input + visible output tokens,0.04916079252336448138684182025,0.01763834754098360511161085730,private
view_a,not_applicable,500000,medium,high,private,-5,0.4066666666666667,0.3566666666666667,1,5760.00,579.4560,,,,,,,9.00,provider-billed input + output tokens,0.9054,normalized input + visible output tokens,0.02832786885245901407148615963,0.003249285981308410911281683990,private
view_b,low,500000,medium,high,private,-5,0.4066666666666667,0.3566666666666667,1,5927.0080,746.4640,4.4640,32.400,72.00,3.1680,14.9760,40.00,9.26095,provider-billed input + output tokens,1.16635,normalized input + visible output tokens,0.02914921967213114515170330556,0.004185779439252336057403790724,private
view_b,typical,500000,medium,high,private,-5,0.4066666666666667,0.3566666666666667,1,6247.0080,1066.4640,4.4640,32.400,72.00,3.1680,14.9760,360.0,9.76095,provider-billed input + output tokens,1.66635,normalized input + visible output tokens,0.03072299016393442371123031443,0.005980171962616821871011966111,private
view_b,high,500000,medium,high,private,-5,0.4066666666666667,0.3566666666666667,1,8767.0080,3586.4640,4.4640,32.400,72.00,3.1680,14.9760,2880.0,13.69845,provider-billed input + output tokens,5.60385,normalized input + visible output tokens,0.04311643278688524236750550927,0.02011101308411214765317634728,private
view_a,not_applicable,500000,medium,high,measured,0,0.4066666666666667,0.4066666666666667,1,5760.00,579.4560,,,,,,,9.00,provider-billed input + output tokens,0.9054,normalized input + visible output tokens,0.02832786885245901407148615963,0.002849783606557376815591507659,private
view_b,low,500000,medium,high,measured,0,0.4066666666666667,0.4066666666666667,1,5927.0080,746.4640,4.4640,32.400,72.00,3.1680,14.9760,40.00,9.26095,provider-billed input + output tokens,1.16635,normalized input + visible output tokens,0.02914921967213114515170330556,0.003671134426229507895808653588,private
view_b,typical,500000,medium,high,measured,0,0.4066666666666667,0.4066666666666667,1,6247.0080,1066.4640,4.4640,32.400,72.00,3.1680,14.9760,360.0,9.76095,provider-billed input + output tokens,1.66635,normalized input + visible output tokens,0.03072299016393442371123031443,0.005244904918032786455335662456,private
view_b,high,500000,medium,high,measured,0,0.4066666666666667,0.4066666666666667,1,8767.0080,3586.4640,4.4640,32.400,72.00,3.1680,14.9760,2880.0,13.69845,provider-billed input + output tokens,5.60385,normalized input + visible output tokens,0.04311643278688524236750550927,0.01763834754098360511161085730,private
view_a,not_applicable,500000,medium,high,managed,5,0.4566666666666667,0.4066666666666667,1,5760.00,579.4560,,,,,,,9.00,provider-billed input + output tokens,0.9054,normalized input + visible output tokens,0.02522627737226277188129362246,0.002849783606557376815591507659,private
view_b,low,500000,medium,high,managed,5,0.4566666666666667,0.4066666666666667,1,5927.0080,746.4640,4.4640,32.400,72.00,3.1680,14.9760,40.00,9.26095,provider-billed input + output tokens,1.16635,normalized input + visible output tokens,0.02595769927007299080600735255,0.003671134426229507895808653588,private
view_b,typical,500000,medium,high,managed,5,0.4566666666666667,0.4066666666666667,1,6247.0080,1066.4640,4.4640,32.400,72.00,3.1680,14.9760,360.0,9.76095,provider-billed input + output tokens,1.66635,normalized input + visible output tokens,0.02735915912408758924385699824,0.005244904918032786455335662456,private
view_b,high,500000,medium,high,managed,5,0.4566666666666667,0.4066666666666667,1,8767.0080,3586.4640,4.4640,32.400,72.00,3.1680,14.9760,2880.0,13.69845,provider-billed input + output tokens,5.60385,normalized input + visible output tokens,0.03839565547445255194192295807,0.01763834754098360511161085730,private
view_a,not_applicable,500000,medium,high,private,5,0.4066666666666667,0.4566666666666667,1,5760.00,579.4560,,,,,,,9.00,provider-billed input + output tokens,0.9054,normalized input + visible output tokens,0.02832786885245901407148615963,0.002537763503649634851258138420,private
view_b,low,500000,medium,high,private,5,0.4066666666666667,0.4566666666666667,1,5927.0080,746.4640,4.4640,32.400,72.00,3.1680,14.9760,40.00,9.26095,provider-billed input + output tokens,1.16635,normalized input + visible output tokens,0.02914921967213114515170330556,0.003269185401459853775971868507,private
view_b,typical,500000,medium,high,private,5,0.4066666666666667,0.4566666666666667,1,6247.0080,1066.4640,4.4640,32.400,72.00,3.1680,14.9760,360.0,9.76095,provider-billed input + output tokens,1.66635,normalized input + visible output tokens,0.03072299016393442371123031443,0.004670645255474452213821514199,private
view_b,high,500000,medium,high,private,5,0.4066666666666667,0.4566666666666667,1,8767.0080,3586.4640,4.4640,32.400,72.00,3.1680,14.9760,2880.0,13.69845,provider-billed input + output tokens,5.60385,normalized input + visible output tokens,0.04311643278688524236750550927,0.01570714160583941491188747403,private
view_a,not_applicable,1000000,short,low,managed,-5,0.3566666666666667,0.4066666666666667,10,2880.00,5794.5600,,,,,,,9.00,provider-billed input + output tokens,18.1080,normalized input + visible output tokens,0.008074766355140186161236789239,0.01424891803278688407795753830,managed
view_b,low,1000000,short,low,managed,-5,0.3566666666666667,0.4066666666666667,10,3047.0080,5961.5680,4.4640,32.400,72.00,3.1680,14.9760,40.00,9.5219,provider-billed input + output tokens,18.6299,normalized input + visible output tokens,0.008543013084112148734297842606,0.01465959344262294961806611126,managed
view_b,typical,1000000,short,low,managed,-5,0.3566666666666667,0.4066666666666667,10,3367.0080,6281.5680,4.4640,32.400,72.00,3.1680,14.9760,360.0,10.5219,provider-billed input + output tokens,19.6299,normalized input + visible output tokens,0.009440209345794391641101930300,0.01544647868852458889782961569,managed
view_b,high,1000000,short,low,managed,-5,0.3566666666666667,0.4066666666666667,10,5887.0080,8801.5680,4.4640,32.400,72.00,3.1680,14.9760,2880.0,18.3969,provider-billed input + output tokens,27.5049,normalized input + visible output tokens,0.01650562990654205453218412088,0.02164319999999999822596721311,managed
view_a,not_applicable,1000000,short,low,private,-5,0.4066666666666667,0.3566666666666667,10,2880.00,5794.5600,,,,,,,9.00,provider-billed input + output tokens,18.1080,normalized input + visible output tokens,0.007081967213114753517871539909,0.01624642990654205455640841995,managed
view_b,low,1000000,short,low,private,-5,0.4066666666666667,0.3566666666666667,10,3047.0080,5961.5680,4.4640,32.400,72.00,3.1680,14.9760,40.00,9.5219,provider-billed input + output tokens,18.6299,normalized input + visible output tokens,0.007492642622950819057980112873,0.01671467663551401712946947332,managed
view_b,typical,1000000,short,low,private,-5,0.4066666666666667,0.3566666666666667,10,3367.0080,6281.5680,4.4640,32.400,72.00,3.1680,14.9760,360.0,10.5219,provider-billed input + output tokens,19.6299,normalized input + visible output tokens,0.008279527868852458337743617307,0.01761187289719626003627356101,managed
view_b,high,1000000,short,low,private,-5,0.4066666666666667,0.3566666666666667,10,5887.0080,8801.5680,4.4640,32.400,72.00,3.1680,14.9760,2880.0,18.3969,provider-billed input + output tokens,27.5049,normalized input + visible output tokens,0.01447624918032786766588121473,0.02467729345794392292735575159,managed
view_a,not_applicable,1000000,short,low,measured,0,0.4066666666666667,0.4066666666666667,10,2880.00,5794.5600,,,,,,,9.00,provider-billed input + output tokens,18.1080,normalized input + visible output tokens,0.007081967213114753517871539909,0.01424891803278688407795753830,managed
view_b,low,1000000,short,low,measured,0,0.4066666666666667,0.4066666666666667,10,3047.0080,5961.5680,4.4640,32.400,72.00,3.1680,14.9760,40.00,9.5219,provider-billed input + output tokens,18.6299,normalized input + visible output tokens,0.007492642622950819057980112873,0.01465959344262294961806611126,managed
view_b,typical,1000000,short,low,measured,0,0.4066666666666667,0.4066666666666667,10,3367.0080,6281.5680,4.4640,32.400,72.00,3.1680,14.9760,360.0,10.5219,provider-billed input + output tokens,19.6299,normalized input + visible output tokens,0.008279527868852458337743617307,0.01544647868852458889782961569,managed
view_b,high,1000000,short,low,measured,0,0.4066666666666667,0.4066666666666667,10,5887.0080,8801.5680,4.4640,32.400,72.00,3.1680,14.9760,2880.0,18.3969,provider-billed input + output tokens,27.5049,normalized input + visible output tokens,0.01447624918032786766588121473,0.02164319999999999822596721311,managed
view_a,not_applicable,1000000,short,low,managed,5,0.4566666666666667,0.4066666666666667,10,2880.00,5794.5600,,,,,,,9.00,provider-billed input + output tokens,18.1080,normalized input + visible output tokens,0.006306569343065692970323405616,0.01424891803278688407795753830,managed
view_b,low,1000000,short,low,managed,5,0.4566666666666667,0.4066666666666667,10,3047.0080,5961.5680,4.4640,32.400,72.00,3.1680,14.9760,40.00,9.5219,provider-billed input + output tokens,18.6299,normalized input + visible output tokens,0.006672280291970802432680270659,0.01465959344262294961806611126,managed
view_b,typical,1000000,short,low,managed,5,0.4566666666666667,0.4066666666666667,10,3367.0080,6281.5680,4.4640,32.400,72.00,3.1680,14.9760,360.0,10.5219,provider-billed input + output tokens,19.6299,normalized input + visible output tokens,0.007373010218978101651605093505,0.01544647868852458889782961569,managed
view_b,high,1000000,short,low,managed,5,0.4566666666666667,0.4066666666666667,10,5887.0080,8801.5680,4.4640,32.400,72.00,3.1680,14.9760,2880.0,18.3969,provider-billed input + output tokens,27.5049,normalized input + visible output tokens,0.01289125839416058300063807342,0.02164319999999999822596721311,managed
view_a,not_applicable,1000000,short,low,private,5,0.4066666666666667,0.4566666666666667,10,2880.00,5794.5600,,,,,,,9.00,provider-billed input + output tokens,18.1080,normalized input + visible output tokens,0.007081967213114753517871539909,0.01268881751824817425629069210,managed
view_b,low,1000000,short,low,private,5,0.4066666666666667,0.4566666666666667,10,3047.0080,5961.5680,4.4640,32.400,72.00,3.1680,14.9760,40.00,9.5219,provider-billed input + output tokens,18.6299,normalized input + visible output tokens,0.007492642622950819057980112873,0.01305452846715328371864755714,managed
view_b,typical,1000000,short,low,private,5,0.4066666666666667,0.4566666666666667,10,3367.0080,6281.5680,4.4640,32.400,72.00,3.1680,14.9760,360.0,10.5219,provider-billed input + output tokens,19.6299,normalized input + visible output tokens,0.008279527868852458337743617307,0.01375525839416058293757237999,managed
view_b,high,1000000,short,low,private,5,0.4066666666666667,0.4566666666666667,10,5887.0080,8801.5680,4.4640,32.400,72.00,3.1680,14.9760,2880.0,18.3969,provider-billed input + output tokens,27.5049,normalized input + visible output tokens,0.01447624918032786766588121473,0.01927350656934306428660535990,managed
view_a,not_applicable,1000000,short,typical,managed,-5,0.3566666666666667,0.4066666666666667,2,2880.00,1158.9120,,,,,,,9.00,provider-billed input + output tokens,3.6216,normalized input + visible output tokens,0.008074766355140186161236789239,0.002849783606557376815591507659,private
view_b,low,1000000,short,typical,managed,-5,0.3566666666666667,0.4066666666666667,2,3047.0080,1325.9200,4.4640,32.400,72.00,3.1680,14.9760,40.00,9.5219,provider-billed input + output tokens,4.1435,normalized input + visible output tokens,0.008543013084112148734297842606,0.003260459016393442355700080623,private
view_b,typical,1000000,short,typical,managed,-5,0.3566666666666667,0.4066666666666667,2,3367.0080,1645.9200,4.4640,32.400,72.00,3.1680,14.9760,360.0,10.5219,provider-billed input + output tokens,5.1435,normalized input + visible output tokens,0.009440209345794391641101930300,0.004047344262295081635463585058,private
view_b,high,1000000,short,typical,managed,-5,0.3566666666666667,0.4066666666666667,2,5887.0080,4165.9200,4.4640,32.400,72.00,3.1680,14.9760,2880.0,18.3969,provider-billed input + output tokens,13.0185,normalized input + visible output tokens,0.01650562990654205453218412088,0.01024406557377049096360118248,private
view_a,not_applicable,1000000,short,typical,private,-5,0.4066666666666667,0.3566666666666667,2,2880.00,1158.9120,,,,,,,9.00,provider-billed input + output tokens,3.6216,normalized input + visible output tokens,0.007081967213114753517871539909,0.003249285981308410911281683990,private
view_b,low,1000000,short,typical,private,-5,0.4066666666666667,0.3566666666666667,2,3047.0080,1325.9200,4.4640,32.400,72.00,3.1680,14.9760,40.00,9.5219,provider-billed input + output tokens,4.1435,normalized input + visible output tokens,0.007492642622950819057980112873,0.003717532710280373484342737357,private
view_b,typical,1000000,short,typical,private,-5,0.4066666666666667,0.3566666666666667,2,3367.0080,1645.9200,4.4640,32.400,72.00,3.1680,14.9760,360.0,10.5219,provider-billed input + output tokens,5.1435,normalized input + visible output tokens,0.008279527868852458337743617307,0.004614728971962616391146825050,private
view_b,high,1000000,short,typical,private,-5,0.4066666666666667,0.3566666666666667,2,5887.0080,4165.9200,4.4640,32.400,72.00,3.1680,14.9760,2880.0,18.3969,provider-billed input + output tokens,13.0185,normalized input + visible output tokens,0.01447624918032786766588121473,0.01168014953271027928222901563,private
view_a,not_applicable,1000000,short,typical,measured,0,0.4066666666666667,0.4066666666666667,2,2880.00,1158.9120,,,,,,,9.00,provider-billed input + output tokens,3.6216,normalized input + visible output tokens,0.007081967213114753517871539909,0.002849783606557376815591507659,private
view_b,low,1000000,short,typical,measured,0,0.4066666666666667,0.4066666666666667,2,3047.0080,1325.9200,4.4640,32.400,72.00,3.1680,14.9760,40.00,9.5219,provider-billed input + output tokens,4.1435,normalized input + visible output tokens,0.007492642622950819057980112873,0.003260459016393442355700080623,private
view_b,typical,1000000,short,typical,measured,0,0.4066666666666667,0.4066666666666667,2,3367.0080,1645.9200,4.4640,32.400,72.00,3.1680,14.9760,360.0,10.5219,provider-billed input + output tokens,5.1435,normalized input + visible output tokens,0.008279527868852458337743617307,0.004047344262295081635463585058,private
view_b,high,1000000,short,typical,measured,0,0.4066666666666667,0.4066666666666667,2,5887.0080,4165.9200,4.4640,32.400,72.00,3.1680,14.9760,2880.0,18.3969,provider-billed input + output tokens,13.0185,normalized input + visible output tokens,0.01447624918032786766588121473,0.01024406557377049096360118248,private
view_a,not_applicable,1000000,short,typical,managed,5,0.4566666666666667,0.4066666666666667,2,2880.00,1158.9120,,,,,,,9.00,provider-billed input + output tokens,3.6216,normalized input + visible output tokens,0.006306569343065692970323405616,0.002849783606557376815591507659,private
view_b,low,1000000,short,typical,managed,5,0.4566666666666667,0.4066666666666667,2,3047.0080,1325.9200,4.4640,32.400,72.00,3.1680,14.9760,40.00,9.5219,provider-billed input + output tokens,4.1435,normalized input + visible output tokens,0.006672280291970802432680270659,0.003260459016393442355700080623,private
view_b,typical,1000000,short,typical,managed,5,0.4566666666666667,0.4066666666666667,2,3367.0080,1645.9200,4.4640,32.400,72.00,3.1680,14.9760,360.0,10.5219,provider-billed input + output tokens,5.1435,normalized input + visible output tokens,0.007373010218978101651605093505,0.004047344262295081635463585058,private
view_b,high,1000000,short,typical,managed,5,0.4566666666666667,0.4066666666666667,2,5887.0080,4165.9200,4.4640,32.400,72.00,3.1680,14.9760,2880.0,18.3969,provider-billed input + output tokens,13.0185,normalized input + visible output tokens,0.01289125839416058300063807342,0.01024406557377049096360118248,private
view_a,not_applicable,1000000,short,typical,private,5,0.4066666666666667,0.4566666666666667,2,2880.00,1158.9120,,,,,,,9.00,provider-billed input + output tokens,3.6216,normalized input + visible output tokens,0.007081967213114753517871539909,0.002537763503649634851258138420,private
view_b,low,1000000,short,typical,private,5,0.4066666666666667,0.4566666666666667,2,3047.0080,1325.9200,4.4640,32.400,72.00,3.1680,14.9760,40.00,9.5219,provider-billed input + output tokens,4.1435,normalized input + visible output tokens,0.007492642622950819057980112873,0.002903474452554744313615003463,private
view_b,typical,1000000,short,typical,private,5,0.4066666666666667,0.4566666666666667,2,3367.0080,1645.9200,4.4640,32.400,72.00,3.1680,14.9760,360.0,10.5219,provider-billed input + output tokens,5.1435,normalized input + visible output tokens,0.008279527868852458337743617307,0.003604204379562043532539826309,private
view_b,high,1000000,short,typical,private,5,0.4066666666666667,0.4566666666666667,2,5887.0080,4165.9200,4.4640,32.400,72.00,3.1680,14.9760,2880.0,18.3969,provider-billed input + output tokens,13.0185,normalized input + visible output tokens,0.01447624918032786766588121473,0.009122452554744524881572806223,private
view_a,not_applicable,1000000,short,high,managed,-5,0.3566666666666667,0.4066666666666667,1,2880.00,579.4560,,,,,,,9.00,provider-billed input + output tokens,1.8108,normalized input + visible output tokens,0.008074766355140186161236789239,0.001424891803278688407795753830,private
view_b,low,1000000,short,high,managed,-5,0.3566666666666667,0.4066666666666667,1,3047.0080,746.4640,4.4640,32.400,72.00,3.1680,14.9760,40.00,9.5219,provider-billed input + output tokens,2.3327,normalized input + visible output tokens,0.008543013084112148734297842606,0.001835567213114753947904326794,private
view_b,typical,1000000,short,high,managed,-5,0.3566666666666667,0.4066666666666667,1,3367.0080,1066.4640,4.4640,32.400,72.00,3.1680,14.9760,360.0,10.5219,provider-billed input + output tokens,3.3327,normalized input + visible output tokens,0.009440209345794391641101930300,0.002622452459016393227667831228,private
view_b,high,1000000,short,high,managed,-5,0.3566666666666667,0.4066666666666667,1,5887.0080,3586.4640,4.4640,32.400,72.00,3.1680,14.9760,2880.0,18.3969,provider-billed input + output tokens,11.2077,normalized input + visible output tokens,0.01650562990654205453218412088,0.008819173770491802555805428648,private
view_a,not_applicable,1000000,short,high,private,-5,0.4066666666666667,0.3566666666666667,1,2880.00,579.4560,,,,,,,9.00,provider-billed input + output tokens,1.8108,normalized input + visible output tokens,0.007081967213114753517871539909,0.001624642990654205455640841995,private
view_b,low,1000000,short,high,private,-5,0.4066666666666667,0.3566666666666667,1,3047.0080,746.4640,4.4640,32.400,72.00,3.1680,14.9760,40.00,9.5219,provider-billed input + output tokens,2.3327,normalized input + visible output tokens,0.007492642622950819057980112873,0.002092889719626168028701895362,private
view_b,typical,1000000,short,high,private,-5,0.4066666666666667,0.3566666666666667,1,3367.0080,1066.4640,4.4640,32.400,72.00,3.1680,14.9760,360.0,10.5219,provider-billed input + output tokens,3.3327,normalized input + visible output tokens,0.008279527868852458337743617307,0.002990085981308410935505983055,private
view_b,high,1000000,short,high,private,-5,0.4066666666666667,0.3566666666666667,1,5887.0080,3586.4640,4.4640,32.400,72.00,3.1680,14.9760,2880.0,18.3969,provider-billed input + output tokens,11.2077,normalized input + visible output tokens,0.01447624918032786766588121473,0.01005550654205607382658817364,private
view_a,not_applicable,1000000,short,high,measured,0,0.4066666666666667,0.4066666666666667,1,2880.00,579.4560,,,,,,,9.00,provider-billed input + output tokens,1.8108,normalized input + visible output tokens,0.007081967213114753517871539909,0.001424891803278688407795753830,private
view_b,low,1000000,short,high,measured,0,0.4066666666666667,0.4066666666666667,1,3047.0080,746.4640,4.4640,32.400,72.00,3.1680,14.9760,40.00,9.5219,provider-billed input + output tokens,2.3327,normalized input + visible output tokens,0.007492642622950819057980112873,0.001835567213114753947904326794,private
view_b,typical,1000000,short,high,measured,0,0.4066666666666667,0.4066666666666667,1,3367.0080,1066.4640,4.4640,32.400,72.00,3.1680,14.9760,360.0,10.5219,provider-billed input + output tokens,3.3327,normalized input + visible output tokens,0.008279527868852458337743617307,0.002622452459016393227667831228,private
view_b,high,1000000,short,high,measured,0,0.4066666666666667,0.4066666666666667,1,5887.0080,3586.4640,4.4640,32.400,72.00,3.1680,14.9760,2880.0,18.3969,provider-billed input + output tokens,11.2077,normalized input + visible output tokens,0.01447624918032786766588121473,0.008819173770491802555805428648,private
view_a,not_applicable,1000000,short,high,managed,5,0.4566666666666667,0.4066666666666667,1,2880.00,579.4560,,,,,,,9.00,provider-billed input + output tokens,1.8108,normalized input + visible output tokens,0.006306569343065692970323405616,0.001424891803278688407795753830,private
view_b,low,1000000,short,high,managed,5,0.4566666666666667,0.4066666666666667,1,3047.0080,746.4640,4.4640,32.400,72.00,3.1680,14.9760,40.00,9.5219,provider-billed input + output tokens,2.3327,normalized input + visible output tokens,0.006672280291970802432680270659,0.001835567213114753947904326794,private
view_b,typical,1000000,short,high,managed,5,0.4566666666666667,0.4066666666666667,1,3367.0080,1066.4640,4.4640,32.400,72.00,3.1680,14.9760,360.0,10.5219,provider-billed input + output tokens,3.3327,normalized input + visible output tokens,0.007373010218978101651605093505,0.002622452459016393227667831228,private
view_b,high,1000000,short,high,managed,5,0.4566666666666667,0.4066666666666667,1,5887.0080,3586.4640,4.4640,32.400,72.00,3.1680,14.9760,2880.0,18.3969,provider-billed input + output tokens,11.2077,normalized input + visible output tokens,0.01289125839416058300063807342,0.008819173770491802555805428648,private
view_a,not_applicable,1000000,short,high,private,5,0.4066666666666667,0.4566666666666667,1,2880.00,579.4560,,,,,,,9.00,provider-billed input + output tokens,1.8108,normalized input + visible output tokens,0.007081967213114753517871539909,0.001268881751824817425629069210,private
view_b,low,1000000,short,high,private,5,0.4066666666666667,0.4566666666666667,1,3047.0080,746.4640,4.4640,32.400,72.00,3.1680,14.9760,40.00,9.5219,provider-billed input + output tokens,2.3327,normalized input + visible output tokens,0.007492642622950819057980112873,0.001634592700729926887985934253,private
view_b,typical,1000000,short,high,private,5,0.4066666666666667,0.4566666666666667,1,3367.0080,1066.4640,4.4640,32.400,72.00,3.1680,14.9760,360.0,10.5219,provider-billed input + output tokens,3.3327,normalized input + visible output tokens,0.008279527868852458337743617307,0.002335322627737226106910757099,private
view_b,high,1000000,short,high,private,5,0.4066666666666667,0.4566666666666667,1,5887.0080,3586.4640,4.4640,32.400,72.00,3.1680,14.9760,2880.0,18.3969,provider-billed input + output tokens,11.2077,normalized input + visible output tokens,0.01447624918032786766588121473,0.007853570802919707455943737013,private
view_a,not_applicable,1000000,medium,low,managed,-5,0.3566666666666667,0.4066666666666667,10,11520.00,5794.5600,,,,,,,9.00,provider-billed input + output tokens,4.5270,normalized input + visible output tokens,0.03229906542056074464494715696,0.01424891803278688407795753830,private
view_b,low,1000000,medium,low,managed,-5,0.3566666666666667,0.4066666666666667,10,11687.0080,5961.5680,4.4640,32.400,72.00,3.1680,14.9760,40.00,9.130475,provider-billed input + output tokens,4.657475,normalized input + visible output tokens,0.03276731214953270721800821032,0.01465959344262294961806611126,private
view_b,typical,1000000,medium,low,managed,-5,0.3566666666666667,0.4066666666666667,10,12007.0080,6281.5680,4.4640,32.400,72.00,3.1680,14.9760,360.0,9.380475,provider-billed input + output tokens,4.907475,normalized input + visible output tokens,0.03366450841121495012481229802,0.01544647868852458889782961569,private
view_b,high,1000000,medium,low,managed,-5,0.3566666666666667,0.4066666666666667,10,14527.0080,8801.5680,4.4640,32.400,72.00,3.1680,14.9760,2880.0,11.349225,provider-billed input + output tokens,6.876225,normalized input + visible output tokens,0.04072992897196261301589448860,0.02164319999999999822596721311,private
view_a,not_applicable,1000000,medium,low,private,-5,0.4066666666666667,0.3566666666666667,10,11520.00,5794.5600,,,,,,,9.00,provider-billed input + output tokens,4.5270,normalized input + visible output tokens,0.02832786885245901407148615963,0.01624642990654205455640841995,private
view_b,low,1000000,medium,low,private,-5,0.4066666666666667,0.3566666666666667,10,11687.0080,5961.5680,4.4640,32.400,72.00,3.1680,14.9760,40.00,9.130475,provider-billed input + output tokens,4.657475,normalized input + visible output tokens,0.02873854426229507961159473260,0.01671467663551401712946947332,private
view_b,typical,1000000,medium,low,private,-5,0.4066666666666667,0.3566666666666667,10,12007.0080,6281.5680,4.4640,32.400,72.00,3.1680,14.9760,360.0,9.380475,provider-billed input + output tokens,4.907475,normalized input + visible output tokens,0.02952542950819671889135823703,0.01761187289719626003627356101,private
view_b,high,1000000,medium,low,private,-5,0.4066666666666667,0.3566666666666667,10,14527.0080,8801.5680,4.4640,32.400,72.00,3.1680,14.9760,2880.0,11.349225,provider-billed input + output tokens,6.876225,normalized input + visible output tokens,0.03572215081967212821949583445,0.02467729345794392292735575159,private
view_a,not_applicable,1000000,medium,low,measured,0,0.4066666666666667,0.4066666666666667,10,11520.00,5794.5600,,,,,,,9.00,provider-billed input + output tokens,4.5270,normalized input + visible output tokens,0.02832786885245901407148615963,0.01424891803278688407795753830,private
view_b,low,1000000,medium,low,measured,0,0.4066666666666667,0.4066666666666667,10,11687.0080,5961.5680,4.4640,32.400,72.00,3.1680,14.9760,40.00,9.130475,provider-billed input + output tokens,4.657475,normalized input + visible output tokens,0.02873854426229507961159473260,0.01465959344262294961806611126,private
view_b,typical,1000000,medium,low,measured,0,0.4066666666666667,0.4066666666666667,10,12007.0080,6281.5680,4.4640,32.400,72.00,3.1680,14.9760,360.0,9.380475,provider-billed input + output tokens,4.907475,normalized input + visible output tokens,0.02952542950819671889135823703,0.01544647868852458889782961569,private
view_b,high,1000000,medium,low,measured,0,0.4066666666666667,0.4066666666666667,10,14527.0080,8801.5680,4.4640,32.400,72.00,3.1680,14.9760,2880.0,11.349225,provider-billed input + output tokens,6.876225,normalized input + visible output tokens,0.03572215081967212821949583445,0.02164319999999999822596721311,private
view_a,not_applicable,1000000,medium,low,managed,5,0.4566666666666667,0.4066666666666667,10,11520.00,5794.5600,,,,,,,9.00,provider-billed input + output tokens,4.5270,normalized input + visible output tokens,0.02522627737226277188129362246,0.01424891803278688407795753830,private
view_b,low,1000000,medium,low,managed,5,0.4566666666666667,0.4066666666666667,10,11687.0080,5961.5680,4.4640,32.400,72.00,3.1680,14.9760,40.00,9.130475,provider-billed input + output tokens,4.657475,normalized input + visible output tokens,0.02559198832116788134365048751,0.01465959344262294961806611126,private
view_b,typical,1000000,medium,low,managed,5,0.4566666666666667,0.4066666666666667,10,12007.0080,6281.5680,4.4640,32.400,72.00,3.1680,14.9760,360.0,9.380475,provider-billed input + output tokens,4.907475,normalized input + visible output tokens,0.02629271824817518056257531035,0.01544647868852458889782961569,private
view_b,high,1000000,medium,low,managed,5,0.4566666666666667,0.4066666666666667,10,14527.0080,8801.5680,4.4640,32.400,72.00,3.1680,14.9760,2880.0,11.349225,provider-billed input + output tokens,6.876225,normalized input + visible output tokens,0.03181096642335766191160829027,0.02164319999999999822596721311,private
view_a,not_applicable,1000000,medium,low,private,5,0.4066666666666667,0.4566666666666667,10,11520.00,5794.5600,,,,,,,9.00,provider-billed input + output tokens,4.5270,normalized input + visible output tokens,0.02832786885245901407148615963,0.01268881751824817425629069210,private
view_b,low,1000000,medium,low,private,5,0.4066666666666667,0.4566666666666667,10,11687.0080,5961.5680,4.4640,32.400,72.00,3.1680,14.9760,40.00,9.130475,provider-billed input + output tokens,4.657475,normalized input + visible output tokens,0.02873854426229507961159473260,0.01305452846715328371864755714,private
view_b,typical,1000000,medium,low,private,5,0.4066666666666667,0.4566666666666667,10,12007.0080,6281.5680,4.4640,32.400,72.00,3.1680,14.9760,360.0,9.380475,provider-billed input + output tokens,4.907475,normalized input + visible output tokens,0.02952542950819671889135823703,0.01375525839416058293757237999,private
view_b,high,1000000,medium,low,private,5,0.4066666666666667,0.4566666666666667,10,14527.0080,8801.5680,4.4640,32.400,72.00,3.1680,14.9760,2880.0,11.349225,provider-billed input + output tokens,6.876225,normalized input + visible output tokens,0.03572215081967212821949583445,0.01927350656934306428660535990,private
view_a,not_applicable,1000000,medium,typical,managed,-5,0.3566666666666667,0.4066666666666667,2,11520.00,1158.9120,,,,,,,9.00,provider-billed input + output tokens,0.9054,normalized input + visible output tokens,0.03229906542056074464494715696,0.002849783606557376815591507659,private
view_b,low,1000000,medium,typical,managed,-5,0.3566666666666667,0.4066666666666667,2,11687.0080,1325.9200,4.4640,32.400,72.00,3.1680,14.9760,40.00,9.130475,provider-billed input + output tokens,1.035875,normalized input + visible output tokens,0.03276731214953270721800821032,0.003260459016393442355700080623,private
view_b,typical,1000000,medium,typical,managed,-5,0.3566666666666667,0.4066666666666667,2,12007.0080,1645.9200,4.4640,32.400,72.00,3.1680,14.9760,360.0,9.380475,provider-billed input + output tokens,1.285875,normalized input + visible output tokens,0.03366450841121495012481229802,0.004047344262295081635463585058,private
view_b,high,1000000,medium,typical,managed,-5,0.3566666666666667,0.4066666666666667,2,14527.0080,4165.9200,4.4640,32.400,72.00,3.1680,14.9760,2880.0,11.349225,provider-billed input + output tokens,3.254625,normalized input + visible output tokens,0.04072992897196261301589448860,0.01024406557377049096360118248,private
view_a,not_applicable,1000000,medium,typical,private,-5,0.4066666666666667,0.3566666666666667,2,11520.00,1158.9120,,,,,,,9.00,provider-billed input + output tokens,0.9054,normalized input + visible output tokens,0.02832786885245901407148615963,0.003249285981308410911281683990,private
view_b,low,1000000,medium,typical,private,-5,0.4066666666666667,0.3566666666666667,2,11687.0080,1325.9200,4.4640,32.400,72.00,3.1680,14.9760,40.00,9.130475,provider-billed input + output tokens,1.035875,normalized input + visible output tokens,0.02873854426229507961159473260,0.003717532710280373484342737357,private
view_b,typical,1000000,medium,typical,private,-5,0.4066666666666667,0.3566666666666667,2,12007.0080,1645.9200,4.4640,32.400,72.00,3.1680,14.9760,360.0,9.380475,provider-billed input + output tokens,1.285875,normalized input + visible output tokens,0.02952542950819671889135823703,0.004614728971962616391146825050,private
view_b,high,1000000,medium,typical,private,-5,0.4066666666666667,0.3566666666666667,2,14527.0080,4165.9200,4.4640,32.400,72.00,3.1680,14.9760,2880.0,11.349225,provider-billed input + output tokens,3.254625,normalized input + visible output tokens,0.03572215081967212821949583445,0.01168014953271027928222901563,private
view_a,not_applicable,1000000,medium,typical,measured,0,0.4066666666666667,0.4066666666666667,2,11520.00,1158.9120,,,,,,,9.00,provider-billed input + output tokens,0.9054,normalized input + visible output tokens,0.02832786885245901407148615963,0.002849783606557376815591507659,private
view_b,low,1000000,medium,typical,measured,0,0.4066666666666667,0.4066666666666667,2,11687.0080,1325.9200,4.4640,32.400,72.00,3.1680,14.9760,40.00,9.130475,provider-billed input + output tokens,1.035875,normalized input + visible output tokens,0.02873854426229507961159473260,0.003260459016393442355700080623,private
view_b,typical,1000000,medium,typical,measured,0,0.4066666666666667,0.4066666666666667,2,12007.0080,1645.9200,4.4640,32.400,72.00,3.1680,14.9760,360.0,9.380475,provider-billed input + output tokens,1.285875,normalized input + visible output tokens,0.02952542950819671889135823703,0.004047344262295081635463585058,private
view_b,high,1000000,medium,typical,measured,0,0.4066666666666667,0.4066666666666667,2,14527.0080,4165.9200,4.4640,32.400,72.00,3.1680,14.9760,2880.0,11.349225,provider-billed input + output tokens,3.254625,normalized input + visible output tokens,0.03572215081967212821949583445,0.01024406557377049096360118248,private
view_a,not_applicable,1000000,medium,typical,managed,5,0.4566666666666667,0.4066666666666667,2,11520.00,1158.9120,,,,,,,9.00,provider-billed input + output tokens,0.9054,normalized input + visible output tokens,0.02522627737226277188129362246,0.002849783606557376815591507659,private
view_b,low,1000000,medium,typical,managed,5,0.4566666666666667,0.4066666666666667,2,11687.0080,1325.9200,4.4640,32.400,72.00,3.1680,14.9760,40.00,9.130475,provider-billed input + output tokens,1.035875,normalized input + visible output tokens,0.02559198832116788134365048751,0.003260459016393442355700080623,private
view_b,typical,1000000,medium,typical,managed,5,0.4566666666666667,0.4066666666666667,2,12007.0080,1645.9200,4.4640,32.400,72.00,3.1680,14.9760,360.0,9.380475,provider-billed input + output tokens,1.285875,normalized input + visible output tokens,0.02629271824817518056257531035,0.004047344262295081635463585058,private
view_b,high,1000000,medium,typical,managed,5,0.4566666666666667,0.4066666666666667,2,14527.0080,4165.9200,4.4640,32.400,72.00,3.1680,14.9760,2880.0,11.349225,provider-billed input + output tokens,3.254625,normalized input + visible output tokens,0.03181096642335766191160829027,0.01024406557377049096360118248,private
view_a,not_applicable,1000000,medium,typical,private,5,0.4066666666666667,0.4566666666666667,2,11520.00,1158.9120,,,,,,,9.00,provider-billed input + output tokens,0.9054,normalized input + visible output tokens,0.02832786885245901407148615963,0.002537763503649634851258138420,private
view_b,low,1000000,medium,typical,private,5,0.4066666666666667,0.4566666666666667,2,11687.0080,1325.9200,4.4640,32.400,72.00,3.1680,14.9760,40.00,9.130475,provider-billed input + output tokens,1.035875,normalized input + visible output tokens,0.02873854426229507961159473260,0.002903474452554744313615003463,private
view_b,typical,1000000,medium,typical,private,5,0.4066666666666667,0.4566666666666667,2,12007.0080,1645.9200,4.4640,32.400,72.00,3.1680,14.9760,360.0,9.380475,provider-billed input + output tokens,1.285875,normalized input + visible output tokens,0.02952542950819671889135823703,0.003604204379562043532539826309,private
view_b,high,1000000,medium,typical,private,5,0.4066666666666667,0.4566666666666667,2,14527.0080,4165.9200,4.4640,32.400,72.00,3.1680,14.9760,2880.0,11.349225,provider-billed input + output tokens,3.254625,normalized input + visible output tokens,0.03572215081967212821949583445,0.009122452554744524881572806223,private
view_a,not_applicable,1000000,medium,high,managed,-5,0.3566666666666667,0.4066666666666667,1,11520.00,579.4560,,,,,,,9.00,provider-billed input + output tokens,0.4527,normalized input + visible output tokens,0.03229906542056074464494715696,0.001424891803278688407795753830,private
view_b,low,1000000,medium,high,managed,-5,0.3566666666666667,0.4066666666666667,1,11687.0080,746.4640,4.4640,32.400,72.00,3.1680,14.9760,40.00,9.130475,provider-billed input + output tokens,0.583175,normalized input + visible output tokens,0.03276731214953270721800821032,0.001835567213114753947904326794,private
view_b,typical,1000000,medium,high,managed,-5,0.3566666666666667,0.4066666666666667,1,12007.0080,1066.4640,4.4640,32.400,72.00,3.1680,14.9760,360.0,9.380475,provider-billed input + output tokens,0.833175,normalized input + visible output tokens,0.03366450841121495012481229802,0.002622452459016393227667831228,private
view_b,high,1000000,medium,high,managed,-5,0.3566666666666667,0.4066666666666667,1,14527.0080,3586.4640,4.4640,32.400,72.00,3.1680,14.9760,2880.0,11.349225,provider-billed input + output tokens,2.801925,normalized input + visible output tokens,0.04072992897196261301589448860,0.008819173770491802555805428648,private
view_a,not_applicable,1000000,medium,high,private,-5,0.4066666666666667,0.3566666666666667,1,11520.00,579.4560,,,,,,,9.00,provider-billed input + output tokens,0.4527,normalized input + visible output tokens,0.02832786885245901407148615963,0.001624642990654205455640841995,private
view_b,low,1000000,medium,high,private,-5,0.4066666666666667,0.3566666666666667,1,11687.0080,746.4640,4.4640,32.400,72.00,3.1680,14.9760,40.00,9.130475,provider-billed input + output tokens,0.583175,normalized input + visible output tokens,0.02873854426229507961159473260,0.002092889719626168028701895362,private
view_b,typical,1000000,medium,high,private,-5,0.4066666666666667,0.3566666666666667,1,12007.0080,1066.4640,4.4640,32.400,72.00,3.1680,14.9760,360.0,9.380475,provider-billed input + output tokens,0.833175,normalized input + visible output tokens,0.02952542950819671889135823703,0.002990085981308410935505983055,private
view_b,high,1000000,medium,high,private,-5,0.4066666666666667,0.3566666666666667,1,14527.0080,3586.4640,4.4640,32.400,72.00,3.1680,14.9760,2880.0,11.349225,provider-billed input + output tokens,2.801925,normalized input + visible output tokens,0.03572215081967212821949583445,0.01005550654205607382658817364,private
view_a,not_applicable,1000000,medium,high,measured,0,0.4066666666666667,0.4066666666666667,1,11520.00,579.4560,,,,,,,9.00,provider-billed input + output tokens,0.4527,normalized input + visible output tokens,0.02832786885245901407148615963,0.001424891803278688407795753830,private
view_b,low,1000000,medium,high,measured,0,0.4066666666666667,0.4066666666666667,1,11687.0080,746.4640,4.4640,32.400,72.00,3.1680,14.9760,40.00,9.130475,provider-billed input + output tokens,0.583175,normalized input + visible output tokens,0.02873854426229507961159473260,0.001835567213114753947904326794,private
view_b,typical,1000000,medium,high,measured,0,0.4066666666666667,0.4066666666666667,1,12007.0080,1066.4640,4.4640,32.400,72.00,3.1680,14.9760,360.0,9.380475,provider-billed input + output tokens,0.833175,normalized input + visible output tokens,0.02952542950819671889135823703,0.002622452459016393227667831228,private
view_b,high,1000000,medium,high,measured,0,0.4066666666666667,0.4066666666666667,1,14527.0080,3586.4640,4.4640,32.400,72.00,3.1680,14.9760,2880.0,11.349225,provider-billed input + output tokens,2.801925,normalized input + visible output tokens,0.03572215081967212821949583445,0.008819173770491802555805428648,private
view_a,not_applicable,1000000,medium,high,managed,5,0.4566666666666667,0.4066666666666667,1,11520.00,579.4560,,,,,,,9.00,provider-billed input + output tokens,0.4527,normalized input + visible output tokens,0.02522627737226277188129362246,0.001424891803278688407795753830,private
view_b,low,1000000,medium,high,managed,5,0.4566666666666667,0.4066666666666667,1,11687.0080,746.4640,4.4640,32.400,72.00,3.1680,14.9760,40.00,9.130475,provider-billed input + output tokens,0.583175,normalized input + visible output tokens,0.02559198832116788134365048751,0.001835567213114753947904326794,private
view_b,typical,1000000,medium,high,managed,5,0.4566666666666667,0.4066666666666667,1,12007.0080,1066.4640,4.4640,32.400,72.00,3.1680,14.9760,360.0,9.380475,provider-billed input + output tokens,0.833175,normalized input + visible output tokens,0.02629271824817518056257531035,0.002622452459016393227667831228,private
view_b,high,1000000,medium,high,managed,5,0.4566666666666667,0.4066666666666667,1,14527.0080,3586.4640,4.4640,32.400,72.00,3.1680,14.9760,2880.0,11.349225,provider-billed input + output tokens,2.801925,normalized input + visible output tokens,0.03181096642335766191160829027,0.008819173770491802555805428648,private
view_a,not_applicable,1000000,medium,high,private,5,0.4066666666666667,0.4566666666666667,1,11520.00,579.4560,,,,,,,9.00,provider-billed input + output tokens,0.4527,normalized input + visible output tokens,0.02832786885245901407148615963,0.001268881751824817425629069210,private
view_b,low,1000000,medium,high,private,5,0.4066666666666667,0.4566666666666667,1,11687.0080,746.4640,4.4640,32.400,72.00,3.1680,14.9760,40.00,9.130475,provider-billed input + output tokens,0.583175,normalized input + visible output tokens,0.02873854426229507961159473260,0.001634592700729926887985934253,private
view_b,typical,1000000,medium,high,private,5,0.4066666666666667,0.4566666666666667,1,12007.0080,1066.4640,4.4640,32.400,72.00,3.1680,14.9760,360.0,9.380475,provider-billed input + output tokens,0.833175,normalized input + visible output tokens,0.02952542950819671889135823703,0.002335322627737226106910757099,private
view_b,high,1000000,medium,high,private,5,0.4066666666666667,0.4566666666666667,1,14527.0080,3586.4640,4.4640,32.400,72.00,3.1680,14.9760,2880.0,11.349225,provider-billed input + output tokens,2.801925,normalized input + visible output tokens,0.03572215081967212821949583445,0.007853570802919707455943737013,private
