view,operations_sensitivity,monthly_requests,token_profile,utilization_tier,quality_sensitivity_path,quality_delta_points,managed_quality_rate,private_quality_rate,replicas,managed_total_usd,private_total_usd,gateway_runtime_usd,network_nat_usd,control_plane_usd,shared_storage_usd,observability_usd,operations_engineering_allocation_usd,managed_cost_per_1m_provider_billed_tokens_usd,managed_token_definition,private_cost_per_1m_normalized_tokens_usd,private_token_definition,managed_cost_per_correct_task_usd,private_cost_per_correct_task_usd,lower_cost_path
view_a,not_applicable,10000,short,low,managed,-5,0.66,0.71,1,28.80,579.4560,,,,,,,9.00,provider-billed input + output tokens,181.0800,normalized input + visible output tokens,0.004363636363636363636363636364,0.08161352112676056338028169014,managed
view_b,low,10000,short,low,managed,-5,0.66,0.71,1,195.8080,746.4640,4.4640,32.400,72.00,3.1680,14.9760,40.00,61.1900,provider-billed input + output tokens,233.2700,normalized input + visible output tokens,0.02966787878787878787878787879,0.1051357746478873239436619718,managed
view_b,typical,10000,short,low,managed,-5,0.66,0.71,1,515.8080,1066.4640,4.4640,32.400,72.00,3.1680,14.9760,360.0,161.1900,provider-billed input + output tokens,333.2700,normalized input + visible output tokens,0.07815272727272727272727272727,0.1502061971830985915492957746,managed
view_b,high,10000,short,low,managed,-5,0.66,0.71,1,3035.8080,3586.4640,4.4640,32.400,72.00,3.1680,14.9760,2880.0,948.6900,provider-billed input + output tokens,1120.7700,normalized input + visible output tokens,0.4599709090909090909090909091,0.5051357746478873239436619718,managed
view_a,not_applicable,10000,short,low,private,-5,0.71,0.66,1,28.80,579.4560,,,,,,,9.00,provider-billed input + output tokens,181.0800,normalized input + visible output tokens,0.004056338028169014084507042254,0.08779636363636363636363636364,managed
view_b,low,10000,short,low,private,-5,0.71,0.66,1,195.8080,746.4640,4.4640,32.400,72.00,3.1680,14.9760,40.00,61.1900,provider-billed input + output tokens,233.2700,normalized input + visible output tokens,0.02757859154929577464788732394,0.1131006060606060606060606061,managed
view_b,typical,10000,short,low,private,-5,0.71,0.66,1,515.8080,1066.4640,4.4640,32.400,72.00,3.1680,14.9760,360.0,161.1900,provider-billed input + output tokens,333.2700,normalized input + visible output tokens,0.07264901408450704225352112676,0.1615854545454545454545454545,managed
view_b,high,10000,short,low,private,-5,0.71,0.66,1,3035.8080,3586.4640,4.4640,32.400,72.00,3.1680,14.9760,2880.0,948.6900,provider-billed input + output tokens,1120.7700,normalized input + visible output tokens,0.4275785915492957746478873239,0.5434036363636363636363636364,managed
view_a,not_applicable,10000,short,low,measured,0,0.71,0.71,1,28.80,579.4560,,,,,,,9.00,provider-billed input + output tokens,181.0800,normalized input + visible output tokens,0.004056338028169014084507042254,0.08161352112676056338028169014,managed
view_b,low,10000,short,low,measured,0,0.71,0.71,1,195.8080,746.4640,4.4640,32.400,72.00,3.1680,14.9760,40.00,61.1900,provider-billed input + output tokens,233.2700,normalized input + visible output tokens,0.02757859154929577464788732394,0.1051357746478873239436619718,managed
view_b,typical,10000,short,low,measured,0,0.71,0.71,1,515.8080,1066.4640,4.4640,32.400,72.00,3.1680,14.9760,360.0,161.1900,provider-billed input + output tokens,333.2700,normalized input + visible output tokens,0.07264901408450704225352112676,0.1502061971830985915492957746,managed
view_b,high,10000,short,low,measured,0,0.71,0.71,1,3035.8080,3586.4640,4.4640,32.400,72.00,3.1680,14.9760,2880.0,948.6900,provider-billed input + output tokens,1120.7700,normalized input + visible output tokens,0.4275785915492957746478873239,0.5051357746478873239436619718,managed
view_a,not_applicable,10000,short,low,managed,5,0.76,0.71,1,28.80,579.4560,,,,,,,9.00,provider-billed input + output tokens,181.0800,normalized input + visible output tokens,0.003789473684210526315789473684,0.08161352112676056338028169014,managed
view_b,low,10000,short,low,managed,5,0.76,0.71,1,195.8080,746.4640,4.4640,32.400,72.00,3.1680,14.9760,40.00,61.1900,provider-billed input + output tokens,233.2700,normalized input + visible output tokens,0.02576421052631578947368421053,0.1051357746478873239436619718,managed
view_b,typical,10000,short,low,managed,5,0.76,0.71,1,515.8080,1066.4640,4.4640,32.400,72.00,3.1680,14.9760,360.0,161.1900,provider-billed input + output tokens,333.2700,normalized input + visible output tokens,0.06786947368421052631578947368,0.1502061971830985915492957746,managed
view_b,high,10000,short,low,managed,5,0.76,0.71,1,3035.8080,3586.4640,4.4640,32.400,72.00,3.1680,14.9760,2880.0,948.6900,provider-billed input + output tokens,1120.7700,normalized input + visible output tokens,0.3994484210526315789473684211,0.5051357746478873239436619718,managed
view_a,not_applicable,10000,short,low,private,5,0.71,0.76,1,28.80,579.4560,,,,,,,9.00,provider-billed input + output tokens,181.0800,normalized input + visible output tokens,0.004056338028169014084507042254,0.07624421052631578947368421053,managed
view_b,low,10000,short,low,private,5,0.71,0.76,1,195.8080,746.4640,4.4640,32.400,72.00,3.1680,14.9760,40.00,61.1900,provider-billed input + output tokens,233.2700,normalized input + visible output tokens,0.02757859154929577464788732394,0.09821894736842105263157894737,managed
view_b,typical,10000,short,low,private,5,0.71,0.76,1,515.8080,1066.4640,4.4640,32.400,72.00,3.1680,14.9760,360.0,161.1900,provider-billed input + output tokens,333.2700,normalized input + visible output tokens,0.07264901408450704225352112676,0.1403242105263157894736842105,managed
view_b,high,10000,short,low,private,5,0.71,0.76,1,3035.8080,3586.4640,4.4640,32.400,72.00,3.1680,14.9760,2880.0,948.6900,provider-billed input + output tokens,1120.7700,normalized input + visible output tokens,0.4275785915492957746478873239,0.4719031578947368421052631579,managed
view_a,not_applicable,10000,short,typical,managed,-5,0.66,0.71,1,28.80,579.4560,,,,,,,9.00,provider-billed input + output tokens,181.0800,normalized input + visible output tokens,0.004363636363636363636363636364,0.08161352112676056338028169014,managed
view_b,low,10000,short,typical,managed,-5,0.66,0.71,1,195.8080,746.4640,4.4640,32.400,72.00,3.1680,14.9760,40.00,61.1900,provider-billed input + output tokens,233.2700,normalized input + visible output tokens,0.02966787878787878787878787879,0.1051357746478873239436619718,managed
view_b,typical,10000,short,typical,managed,-5,0.66,0.71,1,515.8080,1066.4640,4.4640,32.400,72.00,3.1680,14.9760,360.0,161.1900,provider-billed input + output tokens,333.2700,normalized input + visible output tokens,0.07815272727272727272727272727,0.1502061971830985915492957746,managed
view_b,high,10000,short,typical,managed,-5,0.66,0.71,1,3035.8080,3586.4640,4.4640,32.400,72.00,3.1680,14.9760,2880.0,948.6900,provider-billed input + output tokens,1120.7700,normalized input + visible output tokens,0.4599709090909090909090909091,0.5051357746478873239436619718,managed
view_a,not_applicable,10000,short,typical,private,-5,0.71,0.66,1,28.80,579.4560,,,,,,,9.00,provider-billed input + output tokens,181.0800,normalized input + visible output tokens,0.004056338028169014084507042254,0.08779636363636363636363636364,managed
view_b,low,10000,short,typical,private,-5,0.71,0.66,1,195.8080,746.4640,4.4640,32.400,72.00,3.1680,14.9760,40.00,61.1900,provider-billed input + output tokens,233.2700,normalized input + visible output tokens,0.02757859154929577464788732394,0.1131006060606060606060606061,managed
view_b,typical,10000,short,typical,private,-5,0.71,0.66,1,515.8080,1066.4640,4.4640,32.400,72.00,3.1680,14.9760,360.0,161.1900,provider-billed input + output tokens,333.2700,normalized input + visible output tokens,0.07264901408450704225352112676,0.1615854545454545454545454545,managed
view_b,high,10000,short,typical,private,-5,0.71,0.66,1,3035.8080,3586.4640,4.4640,32.400,72.00,3.1680,14.9760,2880.0,948.6900,provider-billed input + output tokens,1120.7700,normalized input + visible output tokens,0.4275785915492957746478873239,0.5434036363636363636363636364,managed
view_a,not_applicable,10000,short,typical,measured,0,0.71,0.71,1,28.80,579.4560,,,,,,,9.00,provider-billed input + output tokens,181.0800,normalized input + visible output tokens,0.004056338028169014084507042254,0.08161352112676056338028169014,managed
view_b,low,10000,short,typical,measured,0,0.71,0.71,1,195.8080,746.4640,4.4640,32.400,72.00,3.1680,14.9760,40.00,61.1900,provider-billed input + output tokens,233.2700,normalized input + visible output tokens,0.02757859154929577464788732394,0.1051357746478873239436619718,managed
view_b,typical,10000,short,typical,measured,0,0.71,0.71,1,515.8080,1066.4640,4.4640,32.400,72.00,3.1680,14.9760,360.0,161.1900,provider-billed input + output tokens,333.2700,normalized input + visible output tokens,0.07264901408450704225352112676,0.1502061971830985915492957746,managed
view_b,high,10000,short,typical,measured,0,0.71,0.71,1,3035.8080,3586.4640,4.4640,32.400,72.00,3.1680,14.9760,2880.0,948.6900,provider-billed input + output tokens,1120.7700,normalized input + visible output tokens,0.4275785915492957746478873239,0.5051357746478873239436619718,managed
view_a,not_applicable,10000,short,typical,managed,5,0.76,0.71,1,28.80,579.4560,,,,,,,9.00,provider-billed input + output tokens,181.0800,normalized input + visible output tokens,0.003789473684210526315789473684,0.08161352112676056338028169014,managed
view_b,low,10000,short,typical,managed,5,0.76,0.71,1,195.8080,746.4640,4.4640,32.400,72.00,3.1680,14.9760,40.00,61.1900,provider-billed input + output tokens,233.2700,normalized input + visible output tokens,0.02576421052631578947368421053,0.1051357746478873239436619718,managed
view_b,typical,10000,short,typical,managed,5,0.76,0.71,1,515.8080,1066.4640,4.4640,32.400,72.00,3.1680,14.9760,360.0,161.1900,provider-billed input + output tokens,333.2700,normalized input + visible output tokens,0.06786947368421052631578947368,0.1502061971830985915492957746,managed
view_b,high,10000,short,typical,managed,5,0.76,0.71,1,3035.8080,3586.4640,4.4640,32.400,72.00,3.1680,14.9760,2880.0,948.6900,provider-billed input + output tokens,1120.7700,normalized input + visible output tokens,0.3994484210526315789473684211,0.5051357746478873239436619718,managed
view_a,not_applicable,10000,short,typical,private,5,0.71,0.76,1,28.80,579.4560,,,,,,,9.00,provider-billed input + output tokens,181.0800,normalized input + visible output tokens,0.004056338028169014084507042254,0.07624421052631578947368421053,managed
view_b,low,10000,short,typical,private,5,0.71,0.76,1,195.8080,746.4640,4.4640,32.400,72.00,3.1680,14.9760,40.00,61.1900,provider-billed input + output tokens,233.2700,normalized input + visible output tokens,0.02757859154929577464788732394,0.09821894736842105263157894737,managed
view_b,typical,10000,short,typical,private,5,0.71,0.76,1,515.8080,1066.4640,4.4640,32.400,72.00,3.1680,14.9760,360.0,161.1900,provider-billed input + output tokens,333.2700,normalized input + visible output tokens,0.07264901408450704225352112676,0.1403242105263157894736842105,managed
view_b,high,10000,short,typical,private,5,0.71,0.76,1,3035.8080,3586.4640,4.4640,32.400,72.00,3.1680,14.9760,2880.0,948.6900,provider-billed input + output tokens,1120.7700,normalized input + visible output tokens,0.4275785915492957746478873239,0.4719031578947368421052631579,managed
view_a,not_applicable,10000,short,high,managed,-5,0.66,0.71,1,28.80,579.4560,,,,,,,9.00,provider-billed input + output tokens,181.0800,normalized input + visible output tokens,0.004363636363636363636363636364,0.08161352112676056338028169014,managed
view_b,low,10000,short,high,managed,-5,0.66,0.71,1,195.8080,746.4640,4.4640,32.400,72.00,3.1680,14.9760,40.00,61.1900,provider-billed input + output tokens,233.2700,normalized input + visible output tokens,0.02966787878787878787878787879,0.1051357746478873239436619718,managed
view_b,typical,10000,short,high,managed,-5,0.66,0.71,1,515.8080,1066.4640,4.4640,32.400,72.00,3.1680,14.9760,360.0,161.1900,provider-billed input + output tokens,333.2700,normalized input + visible output tokens,0.07815272727272727272727272727,0.1502061971830985915492957746,managed
view_b,high,10000,short,high,managed,-5,0.66,0.71,1,3035.8080,3586.4640,4.4640,32.400,72.00,3.1680,14.9760,2880.0,948.6900,provider-billed input + output tokens,1120.7700,normalized input + visible output tokens,0.4599709090909090909090909091,0.5051357746478873239436619718,managed
view_a,not_applicable,10000,short,high,private,-5,0.71,0.66,1,28.80,579.4560,,,,,,,9.00,provider-billed input + output tokens,181.0800,normalized input + visible output tokens,0.004056338028169014084507042254,0.08779636363636363636363636364,managed
view_b,low,10000,short,high,private,-5,0.71,0.66,1,195.8080,746.4640,4.4640,32.400,72.00,3.1680,14.9760,40.00,61.1900,provider-billed input + output tokens,233.2700,normalized input + visible output tokens,0.02757859154929577464788732394,0.1131006060606060606060606061,managed
view_b,typical,10000,short,high,private,-5,0.71,0.66,1,515.8080,1066.4640,4.4640,32.400,72.00,3.1680,14.9760,360.0,161.1900,provider-billed input + output tokens,333.2700,normalized input + visible output tokens,0.07264901408450704225352112676,0.1615854545454545454545454545,managed
view_b,high,10000,short,high,private,-5,0.71,0.66,1,3035.8080,3586.4640,4.4640,32.400,72.00,3.1680,14.9760,2880.0,948.6900,provider-billed input + output tokens,1120.7700,normalized input + visible output tokens,0.4275785915492957746478873239,0.5434036363636363636363636364,managed
view_a,not_applicable,10000,short,high,measured,0,0.71,0.71,1,28.80,579.4560,,,,,,,9.00,provider-billed input + output tokens,181.0800,normalized input + visible output tokens,0.004056338028169014084507042254,0.08161352112676056338028169014,managed
view_b,low,10000,short,high,measured,0,0.71,0.71,1,195.8080,746.4640,4.4640,32.400,72.00,3.1680,14.9760,40.00,61.1900,provider-billed input + output tokens,233.2700,normalized input + visible output tokens,0.02757859154929577464788732394,0.1051357746478873239436619718,managed
view_b,typical,10000,short,high,measured,0,0.71,0.71,1,515.8080,1066.4640,4.4640,32.400,72.00,3.1680,14.9760,360.0,161.1900,provider-billed input + output tokens,333.2700,normalized input + visible output tokens,0.07264901408450704225352112676,0.1502061971830985915492957746,managed
view_b,high,10000,short,high,measured,0,0.71,0.71,1,3035.8080,3586.4640,4.4640,32.400,72.00,3.1680,14.9760,2880.0,948.6900,provider-billed input + output tokens,1120.7700,normalized input + visible output tokens,0.4275785915492957746478873239,0.5051357746478873239436619718,managed
view_a,not_applicable,10000,short,high,managed,5,0.76,0.71,1,28.80,579.4560,,,,,,,9.00,provider-billed input + output tokens,181.0800,normalized input + visible output tokens,0.003789473684210526315789473684,0.08161352112676056338028169014,managed
view_b,low,10000,short,high,managed,5,0.76,0.71,1,195.8080,746.4640,4.4640,32.400,72.00,3.1680,14.9760,40.00,61.1900,provider-billed input + output tokens,233.2700,normalized input + visible output tokens,0.02576421052631578947368421053,0.1051357746478873239436619718,managed
view_b,typical,10000,short,high,managed,5,0.76,0.71,1,515.8080,1066.4640,4.4640,32.400,72.00,3.1680,14.9760,360.0,161.1900,provider-billed input + output tokens,333.2700,normalized input + visible output tokens,0.06786947368421052631578947368,0.1502061971830985915492957746,managed
view_b,high,10000,short,high,managed,5,0.76,0.71,1,3035.8080,3586.4640,4.4640,32.400,72.00,3.1680,14.9760,2880.0,948.6900,provider-billed input + output tokens,1120.7700,normalized input + visible output tokens,0.3994484210526315789473684211,0.5051357746478873239436619718,managed
view_a,not_applicable,10000,short,high,private,5,0.71,0.76,1,28.80,579.4560,,,,,,,9.00,provider-billed input + output tokens,181.0800,normalized input + visible output tokens,0.004056338028169014084507042254,0.07624421052631578947368421053,managed
view_b,low,10000,short,high,private,5,0.71,0.76,1,195.8080,746.4640,4.4640,32.400,72.00,3.1680,14.9760,40.00,61.1900,provider-billed input + output tokens,233.2700,normalized input + visible output tokens,0.02757859154929577464788732394,0.09821894736842105263157894737,managed
view_b,typical,10000,short,high,private,5,0.71,0.76,1,515.8080,1066.4640,4.4640,32.400,72.00,3.1680,14.9760,360.0,161.1900,provider-billed input + output tokens,333.2700,normalized input + visible output tokens,0.07264901408450704225352112676,0.1403242105263157894736842105,managed
view_b,high,10000,short,high,private,5,0.71,0.76,1,3035.8080,3586.4640,4.4640,32.400,72.00,3.1680,14.9760,2880.0,948.6900,provider-billed input + output tokens,1120.7700,normalized input + visible output tokens,0.4275785915492957746478873239,0.4719031578947368421052631579,managed
view_a,not_applicable,10000,medium,low,managed,-5,0.66,0.71,1,115.20,579.4560,,,,,,,9.00,provider-billed input + output tokens,45.2700,normalized input + visible output tokens,0.01745454545454545454545454545,0.08161352112676056338028169014,managed
view_b,low,10000,medium,low,managed,-5,0.66,0.71,1,282.2080,746.4640,4.4640,32.400,72.00,3.1680,14.9760,40.00,22.0475,provider-billed input + output tokens,58.3175,normalized input + visible output tokens,0.04275878787878787878787878788,0.1051357746478873239436619718,managed
view_b,typical,10000,medium,low,managed,-5,0.66,0.71,1,602.2080,1066.4640,4.4640,32.400,72.00,3.1680,14.9760,360.0,47.0475,provider-billed input + output tokens,83.3175,normalized input + visible output tokens,0.09124363636363636363636363636,0.1502061971830985915492957746,managed
view_b,high,10000,medium,low,managed,-5,0.66,0.71,1,3122.2080,3586.4640,4.4640,32.400,72.00,3.1680,14.9760,2880.0,243.9225,provider-billed input + output tokens,280.1925,normalized input + visible output tokens,0.4730618181818181818181818182,0.5051357746478873239436619718,managed
view_a,not_applicable,10000,medium,low,private,-5,0.71,0.66,1,115.20,579.4560,,,,,,,9.00,provider-billed input + output tokens,45.2700,normalized input + visible output tokens,0.01622535211267605633802816901,0.08779636363636363636363636364,managed
view_b,low,10000,medium,low,private,-5,0.71,0.66,1,282.2080,746.4640,4.4640,32.400,72.00,3.1680,14.9760,40.00,22.0475,provider-billed input + output tokens,58.3175,normalized input + visible output tokens,0.03974760563380281690140845070,0.1131006060606060606060606061,managed
view_b,typical,10000,medium,low,private,-5,0.71,0.66,1,602.2080,1066.4640,4.4640,32.400,72.00,3.1680,14.9760,360.0,47.0475,provider-billed input + output tokens,83.3175,normalized input + visible output tokens,0.08481802816901408450704225352,0.1615854545454545454545454545,managed
view_b,high,10000,medium,low,private,-5,0.71,0.66,1,3122.2080,3586.4640,4.4640,32.400,72.00,3.1680,14.9760,2880.0,243.9225,provider-billed input + output tokens,280.1925,normalized input + visible output tokens,0.4397476056338028169014084507,0.5434036363636363636363636364,managed
view_a,not_applicable,10000,medium,low,measured,0,0.71,0.71,1,115.20,579.4560,,,,,,,9.00,provider-billed input + output tokens,45.2700,normalized input + visible output tokens,0.01622535211267605633802816901,0.08161352112676056338028169014,managed
view_b,low,10000,medium,low,measured,0,0.71,0.71,1,282.2080,746.4640,4.4640,32.400,72.00,3.1680,14.9760,40.00,22.0475,provider-billed input + output tokens,58.3175,normalized input + visible output tokens,0.03974760563380281690140845070,0.1051357746478873239436619718,managed
view_b,typical,10000,medium,low,measured,0,0.71,0.71,1,602.2080,1066.4640,4.4640,32.400,72.00,3.1680,14.9760,360.0,47.0475,provider-billed input + output tokens,83.3175,normalized input + visible output tokens,0.08481802816901408450704225352,0.1502061971830985915492957746,managed
view_b,high,10000,medium,low,measured,0,0.71,0.71,1,3122.2080,3586.4640,4.4640,32.400,72.00,3.1680,14.9760,2880.0,243.9225,provider-billed input + output tokens,280.1925,normalized input + visible output tokens,0.4397476056338028169014084507,0.5051357746478873239436619718,managed
view_a,not_applicable,10000,medium,low,managed,5,0.76,0.71,1,115.20,579.4560,,,,,,,9.00,provider-billed input + output tokens,45.2700,normalized input + visible output tokens,0.01515789473684210526315789474,0.08161352112676056338028169014,managed
view_b,low,10000,medium,low,managed,5,0.76,0.71,1,282.2080,746.4640,4.4640,32.400,72.00,3.1680,14.9760,40.00,22.0475,provider-billed input + output tokens,58.3175,normalized input + visible output tokens,0.03713263157894736842105263158,0.1051357746478873239436619718,managed
view_b,typical,10000,medium,low,managed,5,0.76,0.71,1,602.2080,1066.4640,4.4640,32.400,72.00,3.1680,14.9760,360.0,47.0475,provider-billed input + output tokens,83.3175,normalized input + visible output tokens,0.07923789473684210526315789474,0.1502061971830985915492957746,managed
view_b,high,10000,medium,low,managed,5,0.76,0.71,1,3122.2080,3586.4640,4.4640,32.400,72.00,3.1680,14.9760,2880.0,243.9225,provider-billed input + output tokens,280.1925,normalized input + visible output tokens,0.4108168421052631578947368421,0.5051357746478873239436619718,managed
view_a,not_applicable,10000,medium,low,private,5,0.71,0.76,1,115.20,579.4560,,,,,,,9.00,provider-billed input + output tokens,45.2700,normalized input + visible output tokens,0.01622535211267605633802816901,0.07624421052631578947368421053,managed
view_b,low,10000,medium,low,private,5,0.71,0.76,1,282.2080,746.4640,4.4640,32.400,72.00,3.1680,14.9760,40.00,22.0475,provider-billed input + output tokens,58.3175,normalized input + visible output tokens,0.03974760563380281690140845070,0.09821894736842105263157894737,managed
view_b,typical,10000,medium,low,private,5,0.71,0.76,1,602.2080,1066.4640,4.4640,32.400,72.00,3.1680,14.9760,360.0,47.0475,provider-billed input + output tokens,83.3175,normalized input + visible output tokens,0.08481802816901408450704225352,0.1403242105263157894736842105,managed
view_b,high,10000,medium,low,private,5,0.71,0.76,1,3122.2080,3586.4640,4.4640,32.400,72.00,3.1680,14.9760,2880.0,243.9225,provider-billed input + output tokens,280.1925,normalized input + visible output tokens,0.4397476056338028169014084507,0.4719031578947368421052631579,managed
view_a,not_applicable,10000,medium,typical,managed,-5,0.66,0.71,1,115.20,579.4560,,,,,,,9.00,provider-billed input + output tokens,45.2700,normalized input + visible output tokens,0.01745454545454545454545454545,0.08161352112676056338028169014,managed
view_b,low,10000,medium,typical,managed,-5,0.66,0.71,1,282.2080,746.4640,4.4640,32.400,72.00,3.1680,14.9760,40.00,22.0475,provider-billed input + output tokens,58.3175,normalized input + visible output tokens,0.04275878787878787878787878788,0.1051357746478873239436619718,managed
view_b,typical,10000,medium,typical,managed,-5,0.66,0.71,1,602.2080,1066.4640,4.4640,32.400,72.00,3.1680,14.9760,360.0,47.0475,provider-billed input + output tokens,83.3175,normalized input + visible output tokens,0.09124363636363636363636363636,0.1502061971830985915492957746,managed
view_b,high,10000,medium,typical,managed,-5,0.66,0.71,1,3122.2080,3586.4640,4.4640,32.400,72.00,3.1680,14.9760,2880.0,243.9225,provider-billed input + output tokens,280.1925,normalized input + visible output tokens,0.4730618181818181818181818182,0.5051357746478873239436619718,managed
view_a,not_applicable,10000,medium,typical,private,-5,0.71,0.66,1,115.20,579.4560,,,,,,,9.00,provider-billed input + output tokens,45.2700,normalized input + visible output tokens,0.01622535211267605633802816901,0.08779636363636363636363636364,managed
view_b,low,10000,medium,typical,private,-5,0.71,0.66,1,282.2080,746.4640,4.4640,32.400,72.00,3.1680,14.9760,40.00,22.0475,provider-billed input + output tokens,58.3175,normalized input + visible output tokens,0.03974760563380281690140845070,0.1131006060606060606060606061,managed
view_b,typical,10000,medium,typical,private,-5,0.71,0.66,1,602.2080,1066.4640,4.4640,32.400,72.00,3.1680,14.9760,360.0,47.0475,provider-billed input + output tokens,83.3175,normalized input + visible output tokens,0.08481802816901408450704225352,0.1615854545454545454545454545,managed
view_b,high,10000,medium,typical,private,-5,0.71,0.66,1,3122.2080,3586.4640,4.4640,32.400,72.00,3.1680,14.9760,2880.0,243.9225,provider-billed input + output tokens,280.1925,normalized input + visible output tokens,0.4397476056338028169014084507,0.5434036363636363636363636364,managed
view_a,not_applicable,10000,medium,typical,measured,0,0.71,0.71,1,115.20,579.4560,,,,,,,9.00,provider-billed input + output tokens,45.2700,normalized input + visible output tokens,0.01622535211267605633802816901,0.08161352112676056338028169014,managed
view_b,low,10000,medium,typical,measured,0,0.71,0.71,1,282.2080,746.4640,4.4640,32.400,72.00,3.1680,14.9760,40.00,22.0475,provider-billed input + output tokens,58.3175,normalized input + visible output tokens,0.03974760563380281690140845070,0.1051357746478873239436619718,managed
view_b,typical,10000,medium,typical,measured,0,0.71,0.71,1,602.2080,1066.4640,4.4640,32.400,72.00,3.1680,14.9760,360.0,47.0475,provider-billed input + output tokens,83.3175,normalized input + visible output tokens,0.08481802816901408450704225352,0.1502061971830985915492957746,managed
view_b,high,10000,medium,typical,measured,0,0.71,0.71,1,3122.2080,3586.4640,4.4640,32.400,72.00,3.1680,14.9760,2880.0,243.9225,provider-billed input + output tokens,280.1925,normalized input + visible output tokens,0.4397476056338028169014084507,0.5051357746478873239436619718,managed
view_a,not_applicable,10000,medium,typical,managed,5,0.76,0.71,1,115.20,579.4560,,,,,,,9.00,provider-billed input + output tokens,45.2700,normalized input + visible output tokens,0.01515789473684210526315789474,0.08161352112676056338028169014,managed
view_b,low,10000,medium,typical,managed,5,0.76,0.71,1,282.2080,746.4640,4.4640,32.400,72.00,3.1680,14.9760,40.00,22.0475,provider-billed input + output tokens,58.3175,normalized input + visible output tokens,0.03713263157894736842105263158,0.1051357746478873239436619718,managed
view_b,typical,10000,medium,typical,managed,5,0.76,0.71,1,602.2080,1066.4640,4.4640,32.400,72.00,3.1680,14.9760,360.0,47.0475,provider-billed input + output tokens,83.3175,normalized input + visible output tokens,0.07923789473684210526315789474,0.1502061971830985915492957746,managed
view_b,high,10000,medium,typical,managed,5,0.76,0.71,1,3122.2080,3586.4640,4.4640,32.400,72.00,3.1680,14.9760,2880.0,243.9225,provider-billed input + output tokens,280.1925,normalized input + visible output tokens,0.4108168421052631578947368421,0.5051357746478873239436619718,managed
view_a,not_applicable,10000,medium,typical,private,5,0.71,0.76,1,115.20,579.4560,,,,,,,9.00,provider-billed input + output tokens,45.2700,normalized input + visible output tokens,0.01622535211267605633802816901,0.07624421052631578947368421053,managed
view_b,low,10000,medium,typical,private,5,0.71,0.76,1,282.2080,746.4640,4.4640,32.400,72.00,3.1680,14.9760,40.00,22.0475,provider-billed input + output tokens,58.3175,normalized input + visible output tokens,0.03974760563380281690140845070,0.09821894736842105263157894737,managed
view_b,typical,10000,medium,typical,private,5,0.71,0.76,1,602.2080,1066.4640,4.4640,32.400,72.00,3.1680,14.9760,360.0,47.0475,provider-billed input + output tokens,83.3175,normalized input + visible output tokens,0.08481802816901408450704225352,0.1403242105263157894736842105,managed
view_b,high,10000,medium,typical,private,5,0.71,0.76,1,3122.2080,3586.4640,4.4640,32.400,72.00,3.1680,14.9760,2880.0,243.9225,provider-billed input + output tokens,280.1925,normalized input + visible output tokens,0.4397476056338028169014084507,0.4719031578947368421052631579,managed
view_a,not_applicable,10000,medium,high,managed,-5,0.66,0.71,1,115.20,579.4560,,,,,,,9.00,provider-billed input + output tokens,45.2700,normalized input + visible output tokens,0.01745454545454545454545454545,0.08161352112676056338028169014,managed
view_b,low,10000,medium,high,managed,-5,0.66,0.71,1,282.2080,746.4640,4.4640,32.400,72.00,3.1680,14.9760,40.00,22.0475,provider-billed input + output tokens,58.3175,normalized input + visible output tokens,0.04275878787878787878787878788,0.1051357746478873239436619718,managed
view_b,typical,10000,medium,high,managed,-5,0.66,0.71,1,602.2080,1066.4640,4.4640,32.400,72.00,3.1680,14.9760,360.0,47.0475,provider-billed input + output tokens,83.3175,normalized input + visible output tokens,0.09124363636363636363636363636,0.1502061971830985915492957746,managed
view_b,high,10000,medium,high,managed,-5,0.66,0.71,1,3122.2080,3586.4640,4.4640,32.400,72.00,3.1680,14.9760,2880.0,243.9225,provider-billed input + output tokens,280.1925,normalized input + visible output tokens,0.4730618181818181818181818182,0.5051357746478873239436619718,managed
view_a,not_applicable,10000,medium,high,private,-5,0.71,0.66,1,115.20,579.4560,,,,,,,9.00,provider-billed input + output tokens,45.2700,normalized input + visible output tokens,0.01622535211267605633802816901,0.08779636363636363636363636364,managed
view_b,low,10000,medium,high,private,-5,0.71,0.66,1,282.2080,746.4640,4.4640,32.400,72.00,3.1680,14.9760,40.00,22.0475,provider-billed input + output tokens,58.3175,normalized input + visible output tokens,0.03974760563380281690140845070,0.1131006060606060606060606061,managed
view_b,typical,10000,medium,high,private,-5,0.71,0.66,1,602.2080,1066.4640,4.4640,32.400,72.00,3.1680,14.9760,360.0,47.0475,provider-billed input + output tokens,83.3175,normalized input + visible output tokens,0.08481802816901408450704225352,0.1615854545454545454545454545,managed
view_b,high,10000,medium,high,private,-5,0.71,0.66,1,3122.2080,3586.4640,4.4640,32.400,72.00,3.1680,14.9760,2880.0,243.9225,provider-billed input + output tokens,280.1925,normalized input + visible output tokens,0.4397476056338028169014084507,0.5434036363636363636363636364,managed
view_a,not_applicable,10000,medium,high,measured,0,0.71,0.71,1,115.20,579.4560,,,,,,,9.00,provider-billed input + output tokens,45.2700,normalized input + visible output tokens,0.01622535211267605633802816901,0.08161352112676056338028169014,managed
view_b,low,10000,medium,high,measured,0,0.71,0.71,1,282.2080,746.4640,4.4640,32.400,72.00,3.1680,14.9760,40.00,22.0475,provider-billed input + output tokens,58.3175,normalized input + visible output tokens,0.03974760563380281690140845070,0.1051357746478873239436619718,managed
view_b,typical,10000,medium,high,measured,0,0.71,0.71,1,602.2080,1066.4640,4.4640,32.400,72.00,3.1680,14.9760,360.0,47.0475,provider-billed input + output tokens,83.3175,normalized input + visible output tokens,0.08481802816901408450704225352,0.1502061971830985915492957746,managed
view_b,high,10000,medium,high,measured,0,0.71,0.71,1,3122.2080,3586.4640,4.4640,32.400,72.00,3.1680,14.9760,2880.0,243.9225,provider-billed input + output tokens,280.1925,normalized input + visible output tokens,0.4397476056338028169014084507,0.5051357746478873239436619718,managed
view_a,not_applicable,10000,medium,high,managed,5,0.76,0.71,1,115.20,579.4560,,,,,,,9.00,provider-billed input + output tokens,45.2700,normalized input + visible output tokens,0.01515789473684210526315789474,0.08161352112676056338028169014,managed
view_b,low,10000,medium,high,managed,5,0.76,0.71,1,282.2080,746.4640,4.4640,32.400,72.00,3.1680,14.9760,40.00,22.0475,provider-billed input + output tokens,58.3175,normalized input + visible output tokens,0.03713263157894736842105263158,0.1051357746478873239436619718,managed
view_b,typical,10000,medium,high,managed,5,0.76,0.71,1,602.2080,1066.4640,4.4640,32.400,72.00,3.1680,14.9760,360.0,47.0475,provider-billed input + output tokens,83.3175,normalized input + visible output tokens,0.07923789473684210526315789474,0.1502061971830985915492957746,managed
view_b,high,10000,medium,high,managed,5,0.76,0.71,1,3122.2080,3586.4640,4.4640,32.400,72.00,3.1680,14.9760,2880.0,243.9225,provider-billed input + output tokens,280.1925,normalized input + visible output tokens,0.4108168421052631578947368421,0.5051357746478873239436619718,managed
view_a,not_applicable,10000,medium,high,private,5,0.71,0.76,1,115.20,579.4560,,,,,,,9.00,provider-billed input + output tokens,45.2700,normalized input + visible output tokens,0.01622535211267605633802816901,0.07624421052631578947368421053,managed
view_b,low,10000,medium,high,private,5,0.71,0.76,1,282.2080,746.4640,4.4640,32.400,72.00,3.1680,14.9760,40.00,22.0475,provider-billed input + output tokens,58.3175,normalized input + visible output tokens,0.03974760563380281690140845070,0.09821894736842105263157894737,managed
view_b,typical,10000,medium,high,private,5,0.71,0.76,1,602.2080,1066.4640,4.4640,32.400,72.00,3.1680,14.9760,360.0,47.0475,provider-billed input + output tokens,83.3175,normalized input + visible output tokens,0.08481802816901408450704225352,0.1403242105263157894736842105,managed
view_b,high,10000,medium,high,private,5,0.71,0.76,1,3122.2080,3586.4640,4.4640,32.400,72.00,3.1680,14.9760,2880.0,243.9225,provider-billed input + output tokens,280.1925,normalized input + visible output tokens,0.4397476056338028169014084507,0.4719031578947368421052631579,managed
view_a,not_applicable,50000,short,low,managed,-5,0.66,0.71,1,144.00,579.4560,,,,,,,9.00,provider-billed input + output tokens,36.2160,normalized input + visible output tokens,0.004363636363636363636363636364,0.01632270422535211267605633803,managed
view_b,low,50000,short,low,managed,-5,0.66,0.71,1,311.0080,746.4640,4.4640,32.400,72.00,3.1680,14.9760,40.00,19.4380,provider-billed input + output tokens,46.6540,normalized input + visible output tokens,0.009424484848484848484848484848,0.02102715492957746478873239437,managed
view_b,typical,50000,short,low,managed,-5,0.66,0.71,1,631.0080,1066.4640,4.4640,32.400,72.00,3.1680,14.9760,360.0,39.4380,provider-billed input + output tokens,66.6540,normalized input + visible output tokens,0.01912145454545454545454545455,0.03004123943661971830985915493,managed
view_b,high,50000,short,low,managed,-5,0.66,0.71,1,3151.0080,3586.4640,4.4640,32.400,72.00,3.1680,14.9760,2880.0,196.9380,provider-billed input + output tokens,224.1540,normalized input + visible output tokens,0.09548509090909090909090909091,0.1010271549295774647887323944,managed
view_a,not_applicable,50000,short,low,private,-5,0.71,0.66,1,144.00,579.4560,,,,,,,9.00,provider-billed input + output tokens,36.2160,normalized input + visible output tokens,0.004056338028169014084507042254,0.01755927272727272727272727273,managed
view_b,low,50000,short,low,private,-5,0.71,0.66,1,311.0080,746.4640,4.4640,32.400,72.00,3.1680,14.9760,40.00,19.4380,provider-billed input + output tokens,46.6540,normalized input + visible output tokens,0.008760788732394366197183098592,0.02262012121212121212121212121,managed
view_b,typical,50000,short,low,private,-5,0.71,0.66,1,631.0080,1066.4640,4.4640,32.400,72.00,3.1680,14.9760,360.0,39.4380,provider-billed input + output tokens,66.6540,normalized input + visible output tokens,0.01777487323943661971830985915,0.03231709090909090909090909091,managed
view_b,high,50000,short,low,private,-5,0.71,0.66,1,3151.0080,3586.4640,4.4640,32.400,72.00,3.1680,14.9760,2880.0,196.9380,provider-billed input + output tokens,224.1540,normalized input + visible output tokens,0.08876078873239436619718309859,0.1086807272727272727272727273,managed
view_a,not_applicable,50000,short,low,measured,0,0.71,0.71,1,144.00,579.4560,,,,,,,9.00,provider-billed input + output tokens,36.2160,normalized input + visible output tokens,0.004056338028169014084507042254,0.01632270422535211267605633803,managed
view_b,low,50000,short,low,measured,0,0.71,0.71,1,311.0080,746.4640,4.4640,32.400,72.00,3.1680,14.9760,40.00,19.4380,provider-billed input + output tokens,46.6540,normalized input + visible output tokens,0.008760788732394366197183098592,0.02102715492957746478873239437,managed
view_b,typical,50000,short,low,measured,0,0.71,0.71,1,631.0080,1066.4640,4.4640,32.400,72.00,3.1680,14.9760,360.0,39.4380,provider-billed input + output tokens,66.6540,normalized input + visible output tokens,0.01777487323943661971830985915,0.03004123943661971830985915493,managed
view_b,high,50000,short,low,measured,0,0.71,0.71,1,3151.0080,3586.4640,4.4640,32.400,72.00,3.1680,14.9760,2880.0,196.9380,provider-billed input + output tokens,224.1540,normalized input + visible output tokens,0.08876078873239436619718309859,0.1010271549295774647887323944,managed
view_a,not_applicable,50000,short,low,managed,5,0.76,0.71,1,144.00,579.4560,,,,,,,9.00,provider-billed input + output tokens,36.2160,normalized input + visible output tokens,0.003789473684210526315789473684,0.01632270422535211267605633803,managed
view_b,low,50000,short,low,managed,5,0.76,0.71,1,311.0080,746.4640,4.4640,32.400,72.00,3.1680,14.9760,40.00,19.4380,provider-billed input + output tokens,46.6540,normalized input + visible output tokens,0.008184421052631578947368421053,0.02102715492957746478873239437,managed
view_b,typical,50000,short,low,managed,5,0.76,0.71,1,631.0080,1066.4640,4.4640,32.400,72.00,3.1680,14.9760,360.0,39.4380,provider-billed input + output tokens,66.6540,normalized input + visible output tokens,0.01660547368421052631578947368,0.03004123943661971830985915493,managed
view_b,high,50000,short,low,managed,5,0.76,0.71,1,3151.0080,3586.4640,4.4640,32.400,72.00,3.1680,14.9760,2880.0,196.9380,provider-billed input + output tokens,224.1540,normalized input + visible output tokens,0.08292126315789473684210526316,0.1010271549295774647887323944,managed
view_a,not_applicable,50000,short,low,private,5,0.71,0.76,1,144.00,579.4560,,,,,,,9.00,provider-billed input + output tokens,36.2160,normalized input + visible output tokens,0.004056338028169014084507042254,0.01524884210526315789473684211,managed
view_b,low,50000,short,low,private,5,0.71,0.76,1,311.0080,746.4640,4.4640,32.400,72.00,3.1680,14.9760,40.00,19.4380,provider-billed input + output tokens,46.6540,normalized input + visible output tokens,0.008760788732394366197183098592,0.01964378947368421052631578947,managed
view_b,typical,50000,short,low,private,5,0.71,0.76,1,631.0080,1066.4640,4.4640,32.400,72.00,3.1680,14.9760,360.0,39.4380,provider-billed input + output tokens,66.6540,normalized input + visible output tokens,0.01777487323943661971830985915,0.02806484210526315789473684211,managed
view_b,high,50000,short,low,private,5,0.71,0.76,1,3151.0080,3586.4640,4.4640,32.400,72.00,3.1680,14.9760,2880.0,196.9380,provider-billed input + output tokens,224.1540,normalized input + visible output tokens,0.08876078873239436619718309859,0.09438063157894736842105263158,managed
view_a,not_applicable,50000,short,typical,managed,-5,0.66,0.71,1,144.00,579.4560,,,,,,,9.00,provider-billed input + output tokens,36.2160,normalized input + visible output tokens,0.004363636363636363636363636364,0.01632270422535211267605633803,managed
view_b,low,50000,short,typical,managed,-5,0.66,0.71,1,311.0080,746.4640,4.4640,32.400,72.00,3.1680,14.9760,40.00,19.4380,provider-billed input + output tokens,46.6540,normalized input + visible output tokens,0.009424484848484848484848484848,0.02102715492957746478873239437,managed
view_b,typical,50000,short,typical,managed,-5,0.66,0.71,1,631.0080,1066.4640,4.4640,32.400,72.00,3.1680,14.9760,360.0,39.4380,provider-billed input + output tokens,66.6540,normalized input + visible output tokens,0.01912145454545454545454545455,0.03004123943661971830985915493,managed
view_b,high,50000,short,typical,managed,-5,0.66,0.71,1,3151.0080,3586.4640,4.4640,32.400,72.00,3.1680,14.9760,2880.0,196.9380,provider-billed input + output tokens,224.1540,normalized input + visible output tokens,0.09548509090909090909090909091,0.1010271549295774647887323944,managed
view_a,not_applicable,50000,short,typical,private,-5,0.71,0.66,1,144.00,579.4560,,,,,,,9.00,provider-billed input + output tokens,36.2160,normalized input + visible output tokens,0.004056338028169014084507042254,0.01755927272727272727272727273,managed
view_b,low,50000,short,typical,private,-5,0.71,0.66,1,311.0080,746.4640,4.4640,32.400,72.00,3.1680,14.9760,40.00,19.4380,provider-billed input + output tokens,46.6540,normalized input + visible output tokens,0.008760788732394366197183098592,0.02262012121212121212121212121,managed
view_b,typical,50000,short,typical,private,-5,0.71,0.66,1,631.0080,1066.4640,4.4640,32.400,72.00,3.1680,14.9760,360.0,39.4380,provider-billed input + output tokens,66.6540,normalized input + visible output tokens,0.01777487323943661971830985915,0.03231709090909090909090909091,managed
view_b,high,50000,short,typical,private,-5,0.71,0.66,1,3151.0080,3586.4640,4.4640,32.400,72.00,3.1680,14.9760,2880.0,196.9380,provider-billed input + output tokens,224.1540,normalized input + visible output tokens,0.08876078873239436619718309859,0.1086807272727272727272727273,managed
view_a,not_applicable,50000,short,typical,measured,0,0.71,0.71,1,144.00,579.4560,,,,,,,9.00,provider-billed input + output tokens,36.2160,normalized input + visible output tokens,0.004056338028169014084507042254,0.01632270422535211267605633803,managed
view_b,low,50000,short,typical,measured,0,0.71,0.71,1,311.0080,746.4640,4.4640,32.400,72.00,3.1680,14.9760,40.00,19.4380,provider-billed input + output tokens,46.6540,normalized input + visible output tokens,0.008760788732394366197183098592,0.02102715492957746478873239437,managed
view_b,typical,50000,short,typical,measured,0,0.71,0.71,1,631.0080,1066.4640,4.4640,32.400,72.00,3.1680,14.9760,360.0,39.4380,provider-billed input + output tokens,66.6540,normalized input + visible output tokens,0.01777487323943661971830985915,0.03004123943661971830985915493,managed
view_b,high,50000,short,typical,measured,0,0.71,0.71,1,3151.0080,3586.4640,4.4640,32.400,72.00,3.1680,14.9760,2880.0,196.9380,provider-billed input + output tokens,224.1540,normalized input + visible output tokens,0.08876078873239436619718309859,0.1010271549295774647887323944,managed
view_a,not_applicable,50000,short,typical,managed,5,0.76,0.71,1,144.00,579.4560,,,,,,,9.00,provider-billed input + output tokens,36.2160,normalized input + visible output tokens,0.003789473684210526315789473684,0.01632270422535211267605633803,managed
view_b,low,50000,short,typical,managed,5,0.76,0.71,1,311.0080,746.4640,4.4640,32.400,72.00,3.1680,14.9760,40.00,19.4380,provider-billed input + output tokens,46.6540,normalized input + visible output tokens,0.008184421052631578947368421053,0.02102715492957746478873239437,managed
view_b,typical,50000,short,typical,managed,5,0.76,0.71,1,631.0080,1066.4640,4.4640,32.400,72.00,3.1680,14.9760,360.0,39.4380,provider-billed input + output tokens,66.6540,normalized input + visible output tokens,0.01660547368421052631578947368,0.03004123943661971830985915493,managed
view_b,high,50000,short,typical,managed,5,0.76,0.71,1,3151.0080,3586.4640,4.4640,32.400,72.00,3.1680,14.9760,2880.0,196.9380,provider-billed input + output tokens,224.1540,normalized input + visible output tokens,0.08292126315789473684210526316,0.1010271549295774647887323944,managed
view_a,not_applicable,50000,short,typical,private,5,0.71,0.76,1,144.00,579.4560,,,,,,,9.00,provider-billed input + output tokens,36.2160,normalized input + visible output tokens,0.004056338028169014084507042254,0.01524884210526315789473684211,managed
view_b,low,50000,short,typical,private,5,0.71,0.76,1,311.0080,746.4640,4.4640,32.400,72.00,3.1680,14.9760,40.00,19.4380,provider-billed input + output tokens,46.6540,normalized input + visible output tokens,0.008760788732394366197183098592,0.01964378947368421052631578947,managed
view_b,typical,50000,short,typical,private,5,0.71,0.76,1,631.0080,1066.4640,4.4640,32.400,72.00,3.1680,14.9760,360.0,39.4380,provider-billed input + output tokens,66.6540,normalized input + visible output tokens,0.01777487323943661971830985915,0.02806484210526315789473684211,managed
view_b,high,50000,short,typical,private,5,0.71,0.76,1,3151.0080,3586.4640,4.4640,32.400,72.00,3.1680,14.9760,2880.0,196.9380,provider-billed input + output tokens,224.1540,normalized input + visible output tokens,0.08876078873239436619718309859,0.09438063157894736842105263158,managed
view_a,not_applicable,50000,short,high,managed,-5,0.66,0.71,1,144.00,579.4560,,,,,,,9.00,provider-billed input + output tokens,36.2160,normalized input + visible output tokens,0.004363636363636363636363636364,0.01632270422535211267605633803,managed
view_b,low,50000,short,high,managed,-5,0.66,0.71,1,311.0080,746.4640,4.4640,32.400,72.00,3.1680,14.9760,40.00,19.4380,provider-billed input + output tokens,46.6540,normalized input + visible output tokens,0.009424484848484848484848484848,0.02102715492957746478873239437,managed
view_b,typical,50000,short,high,managed,-5,0.66,0.71,1,631.0080,1066.4640,4.4640,32.400,72.00,3.1680,14.9760,360.0,39.4380,provider-billed input + output tokens,66.6540,normalized input + visible output tokens,0.01912145454545454545454545455,0.03004123943661971830985915493,managed
view_b,high,50000,short,high,managed,-5,0.66,0.71,1,3151.0080,3586.4640,4.4640,32.400,72.00,3.1680,14.9760,2880.0,196.9380,provider-billed input + output tokens,224.1540,normalized input + visible output tokens,0.09548509090909090909090909091,0.1010271549295774647887323944,managed
view_a,not_applicable,50000,short,high,private,-5,0.71,0.66,1,144.00,579.4560,,,,,,,9.00,provider-billed input + output tokens,36.2160,normalized input + visible output tokens,0.004056338028169014084507042254,0.01755927272727272727272727273,managed
view_b,low,50000,short,high,private,-5,0.71,0.66,1,311.0080,746.4640,4.4640,32.400,72.00,3.1680,14.9760,40.00,19.4380,provider-billed input + output tokens,46.6540,normalized input + visible output tokens,0.008760788732394366197183098592,0.02262012121212121212121212121,managed
view_b,typical,50000,short,high,private,-5,0.71,0.66,1,631.0080,1066.4640,4.4640,32.400,72.00,3.1680,14.9760,360.0,39.4380,provider-billed input + output tokens,66.6540,normalized input + visible output tokens,0.01777487323943661971830985915,0.03231709090909090909090909091,managed
view_b,high,50000,short,high,private,-5,0.71,0.66,1,3151.0080,3586.4640,4.4640,32.400,72.00,3.1680,14.9760,2880.0,196.9380,provider-billed input + output tokens,224.1540,normalized input + visible output tokens,0.08876078873239436619718309859,0.1086807272727272727272727273,managed
view_a,not_applicable,50000,short,high,measured,0,0.71,0.71,1,144.00,579.4560,,,,,,,9.00,provider-billed input + output tokens,36.2160,normalized input + visible output tokens,0.004056338028169014084507042254,0.01632270422535211267605633803,managed
view_b,low,50000,short,high,measured,0,0.71,0.71,1,311.0080,746.4640,4.4640,32.400,72.00,3.1680,14.9760,40.00,19.4380,provider-billed input + output tokens,46.6540,normalized input + visible output tokens,0.008760788732394366197183098592,0.02102715492957746478873239437,managed
view_b,typical,50000,short,high,measured,0,0.71,0.71,1,631.0080,1066.4640,4.4640,32.400,72.00,3.1680,14.9760,360.0,39.4380,provider-billed input + output tokens,66.6540,normalized input + visible output tokens,0.01777487323943661971830985915,0.03004123943661971830985915493,managed
view_b,high,50000,short,high,measured,0,0.71,0.71,1,3151.0080,3586.4640,4.4640,32.400,72.00,3.1680,14.9760,2880.0,196.9380,provider-billed input + output tokens,224.1540,normalized input + visible output tokens,0.08876078873239436619718309859,0.1010271549295774647887323944,managed
view_a,not_applicable,50000,short,high,managed,5,0.76,0.71,1,144.00,579.4560,,,,,,,9.00,provider-billed input + output tokens,36.2160,normalized input + visible output tokens,0.003789473684210526315789473684,0.01632270422535211267605633803,managed
view_b,low,50000,short,high,managed,5,0.76,0.71,1,311.0080,746.4640,4.4640,32.400,72.00,3.1680,14.9760,40.00,19.4380,provider-billed input + output tokens,46.6540,normalized input + visible output tokens,0.008184421052631578947368421053,0.02102715492957746478873239437,managed
view_b,typical,50000,short,high,managed,5,0.76,0.71,1,631.0080,1066.4640,4.4640,32.400,72.00,3.1680,14.9760,360.0,39.4380,provider-billed input + output tokens,66.6540,normalized input + visible output tokens,0.01660547368421052631578947368,0.03004123943661971830985915493,managed
view_b,high,50000,short,high,managed,5,0.76,0.71,1,3151.0080,3586.4640,4.4640,32.400,72.00,3.1680,14.9760,2880.0,196.9380,provider-billed input + output tokens,224.1540,normalized input + visible output tokens,0.08292126315789473684210526316,0.1010271549295774647887323944,managed
view_a,not_applicable,50000,short,high,private,5,0.71,0.76,1,144.00,579.4560,,,,,,,9.00,provider-billed input + output tokens,36.2160,normalized input + visible output tokens,0.004056338028169014084507042254,0.01524884210526315789473684211,managed
view_b,low,50000,short,high,private,5,0.71,0.76,1,311.0080,746.4640,4.4640,32.400,72.00,3.1680,14.9760,40.00,19.4380,provider-billed input + output tokens,46.6540,normalized input + visible output tokens,0.008760788732394366197183098592,0.01964378947368421052631578947,managed
view_b,typical,50000,short,high,private,5,0.71,0.76,1,631.0080,1066.4640,4.4640,32.400,72.00,3.1680,14.9760,360.0,39.4380,provider-billed input + output tokens,66.6540,normalized input + visible output tokens,0.01777487323943661971830985915,0.02806484210526315789473684211,managed
view_b,high,50000,short,high,private,5,0.71,0.76,1,3151.0080,3586.4640,4.4640,32.400,72.00,3.1680,14.9760,2880.0,196.9380,provider-billed input + output tokens,224.1540,normalized input + visible output tokens,0.08876078873239436619718309859,0.09438063157894736842105263158,managed
view_a,not_applicable,50000,medium,low,managed,-5,0.66,0.71,1,576.00,579.4560,,,,,,,9.00,provider-billed input + output tokens,9.0540,normalized input + visible output tokens,0.01745454545454545454545454545,0.01632270422535211267605633803,private
view_b,low,50000,medium,low,managed,-5,0.66,0.71,1,743.0080,746.4640,4.4640,32.400,72.00,3.1680,14.9760,40.00,11.6095,provider-billed input + output tokens,11.6635,normalized input + visible output tokens,0.02251539393939393939393939394,0.02102715492957746478873239437,private
view_b,typical,50000,medium,low,managed,-5,0.66,0.71,1,1063.0080,1066.4640,4.4640,32.400,72.00,3.1680,14.9760,360.0,16.6095,provider-billed input + output tokens,16.6635,normalized input + visible output tokens,0.03221236363636363636363636364,0.03004123943661971830985915493,private
view_b,high,50000,medium,low,managed,-5,0.66,0.71,1,3583.0080,3586.4640,4.4640,32.400,72.00,3.1680,14.9760,2880.0,55.9845,provider-billed input + output tokens,56.0385,normalized input + visible output tokens,0.108576,0.1010271549295774647887323944,private
view_a,not_applicable,50000,medium,low,private,-5,0.71,0.66,1,576.00,579.4560,,,,,,,9.00,provider-billed input + output tokens,9.0540,normalized input + visible output tokens,0.01622535211267605633802816901,0.01755927272727272727272727273,managed
view_b,low,50000,medium,low,private,-5,0.71,0.66,1,743.0080,746.4640,4.4640,32.400,72.00,3.1680,14.9760,40.00,11.6095,provider-billed input + output tokens,11.6635,normalized input + visible output tokens,0.02092980281690140845070422535,0.02262012121212121212121212121,managed
view_b,typical,50000,medium,low,private,-5,0.71,0.66,1,1063.0080,1066.4640,4.4640,32.400,72.00,3.1680,14.9760,360.0,16.6095,provider-billed input + output tokens,16.6635,normalized input + visible output tokens,0.02994388732394366197183098592,0.03231709090909090909090909091,managed
view_b,high,50000,medium,low,private,-5,0.71,0.66,1,3583.0080,3586.4640,4.4640,32.400,72.00,3.1680,14.9760,2880.0,55.9845,provider-billed input + output tokens,56.0385,normalized input + visible output tokens,0.1009298028169014084507042254,0.1086807272727272727272727273,managed
view_a,not_applicable,50000,medium,low,measured,0,0.71,0.71,1,576.00,579.4560,,,,,,,9.00,provider-billed input + output tokens,9.0540,normalized input + visible output tokens,0.01622535211267605633802816901,0.01632270422535211267605633803,managed
view_b,low,50000,medium,low,measured,0,0.71,0.71,1,743.0080,746.4640,4.4640,32.400,72.00,3.1680,14.9760,40.00,11.6095,provider-billed input + output tokens,11.6635,normalized input + visible output tokens,0.02092980281690140845070422535,0.02102715492957746478873239437,managed
view_b,typical,50000,medium,low,measured,0,0.71,0.71,1,1063.0080,1066.4640,4.4640,32.400,72.00,3.1680,14.9760,360.0,16.6095,provider-billed input + output tokens,16.6635,normalized input + visible output tokens,0.02994388732394366197183098592,0.03004123943661971830985915493,managed
view_b,high,50000,medium,low,measured,0,0.71,0.71,1,3583.0080,3586.4640,4.4640,32.400,72.00,3.1680,14.9760,2880.0,55.9845,provider-billed input + output tokens,56.0385,normalized input + visible output tokens,0.1009298028169014084507042254,0.1010271549295774647887323944,managed
view_a,not_applicable,50000,medium,low,managed,5,0.76,0.71,1,576.00,579.4560,,,,,,,9.00,provider-billed input + output tokens,9.0540,normalized input + visible output tokens,0.01515789473684210526315789474,0.01632270422535211267605633803,managed
view_b,low,50000,medium,low,managed,5,0.76,0.71,1,743.0080,746.4640,4.4640,32.400,72.00,3.1680,14.9760,40.00,11.6095,provider-billed input + output tokens,11.6635,normalized input + visible output tokens,0.01955284210526315789473684211,0.02102715492957746478873239437,managed
view_b,typical,50000,medium,low,managed,5,0.76,0.71,1,1063.0080,1066.4640,4.4640,32.400,72.00,3.1680,14.9760,360.0,16.6095,provider-billed input + output tokens,16.6635,normalized input + visible output tokens,0.02797389473684210526315789474,0.03004123943661971830985915493,managed
view_b,high,50000,medium,low,managed,5,0.76,0.71,1,3583.0080,3586.4640,4.4640,32.400,72.00,3.1680,14.9760,2880.0,55.9845,provider-billed input + output tokens,56.0385,normalized input + visible output tokens,0.09428968421052631578947368421,0.1010271549295774647887323944,managed
view_a,not_applicable,50000,medium,low,private,5,0.71,0.76,1,576.00,579.4560,,,,,,,9.00,provider-billed input + output tokens,9.0540,normalized input + visible output tokens,0.01622535211267605633802816901,0.01524884210526315789473684211,private
view_b,low,50000,medium,low,private,5,0.71,0.76,1,743.0080,746.4640,4.4640,32.400,72.00,3.1680,14.9760,40.00,11.6095,provider-billed input + output tokens,11.6635,normalized input + visible output tokens,0.02092980281690140845070422535,0.01964378947368421052631578947,private
view_b,typical,50000,medium,low,private,5,0.71,0.76,1,1063.0080,1066.4640,4.4640,32.400,72.00,3.1680,14.9760,360.0,16.6095,provider-billed input + output tokens,16.6635,normalized input + visible output tokens,0.02994388732394366197183098592,0.02806484210526315789473684211,private
view_b,high,50000,medium,low,private,5,0.71,0.76,1,3583.0080,3586.4640,4.4640,32.400,72.00,3.1680,14.9760,2880.0,55.9845,provider-billed input + output tokens,56.0385,normalized input + visible output tokens,0.1009298028169014084507042254,0.09438063157894736842105263158,private
view_a,not_applicable,50000,medium,typical,managed,-5,0.66,0.71,1,576.00,579.4560,,,,,,,9.00,provider-billed input + output tokens,9.0540,normalized input + visible output tokens,0.01745454545454545454545454545,0.01632270422535211267605633803,private
view_b,low,50000,medium,typical,managed,-5,0.66,0.71,1,743.0080,746.4640,4.4640,32.400,72.00,3.1680,14.9760,40.00,11.6095,provider-billed input + output tokens,11.6635,normalized input + visible output tokens,0.02251539393939393939393939394,0.02102715492957746478873239437,private
view_b,typical,50000,medium,typical,managed,-5,0.66,0.71,1,1063.0080,1066.4640,4.4640,32.400,72.00,3.1680,14.9760,360.0,16.6095,provider-billed input + output tokens,16.6635,normalized input + visible output tokens,0.03221236363636363636363636364,0.03004123943661971830985915493,private
view_b,high,50000,medium,typical,managed,-5,0.66,0.71,1,3583.0080,3586.4640,4.4640,32.400,72.00,3.1680,14.9760,2880.0,55.9845,provider-billed input + output tokens,56.0385,normalized input + visible output tokens,0.108576,0.1010271549295774647887323944,private
view_a,not_applicable,50000,medium,typical,private,-5,0.71,0.66,1,576.00,579.4560,,,,,,,9.00,provider-billed input + output tokens,9.0540,normalized input + visible output tokens,0.01622535211267605633802816901,0.01755927272727272727272727273,managed
view_b,low,50000,medium,typical,private,-5,0.71,0.66,1,743.0080,746.4640,4.4640,32.400,72.00,3.1680,14.9760,40.00,11.6095,provider-billed input + output tokens,11.6635,normalized input + visible output tokens,0.02092980281690140845070422535,0.02262012121212121212121212121,managed
view_b,typical,50000,medium,typical,private,-5,0.71,0.66,1,1063.0080,1066.4640,4.4640,32.400,72.00,3.1680,14.9760,360.0,16.6095,provider-billed input + output tokens,16.6635,normalized input + visible output tokens,0.02994388732394366197183098592,0.03231709090909090909090909091,managed
view_b,high,50000,medium,typical,private,-5,0.71,0.66,1,3583.0080,3586.4640,4.4640,32.400,72.00,3.1680,14.9760,2880.0,55.9845,provider-billed input + output tokens,56.0385,normalized input + visible output tokens,0.1009298028169014084507042254,0.1086807272727272727272727273,managed
view_a,not_applicable,50000,medium,typical,measured,0,0.71,0.71,1,576.00,579.4560,,,,,,,9.00,provider-billed input + output tokens,9.0540,normalized input + visible output tokens,0.01622535211267605633802816901,0.01632270422535211267605633803,managed
view_b,low,50000,medium,typical,measured,0,0.71,0.71,1,743.0080,746.4640,4.4640,32.400,72.00,3.1680,14.9760,40.00,11.6095,provider-billed input + output tokens,11.6635,normalized input + visible output tokens,0.02092980281690140845070422535,0.02102715492957746478873239437,managed
view_b,typical,50000,medium,typical,measured,0,0.71,0.71,1,1063.0080,1066.4640,4.4640,32.400,72.00,3.1680,14.9760,360.0,16.6095,provider-billed input + output tokens,16.6635,normalized input + visible output tokens,0.02994388732394366197183098592,0.03004123943661971830985915493,managed
view_b,high,50000,medium,typical,measured,0,0.71,0.71,1,3583.0080,3586.4640,4.4640,32.400,72.00,3.1680,14.9760,2880.0,55.9845,provider-billed input + output tokens,56.0385,normalized input + visible output tokens,0.1009298028169014084507042254,0.1010271549295774647887323944,managed
view_a,not_applicable,50000,medium,typical,managed,5,0.76,0.71,1,576.00,579.4560,,,,,,,9.00,provider-billed input + output tokens,9.0540,normalized input + visible output tokens,0.01515789473684210526315789474,0.01632270422535211267605633803,managed
view_b,low,50000,medium,typical,managed,5,0.76,0.71,1,743.0080,746.4640,4.4640,32.400,72.00,3.1680,14.9760,40.00,11.6095,provider-billed input + output tokens,11.6635,normalized input + visible output tokens,0.01955284210526315789473684211,0.02102715492957746478873239437,managed
view_b,typical,50000,medium,typical,managed,5,0.76,0.71,1,1063.0080,1066.4640,4.4640,32.400,72.00,3.1680,14.9760,360.0,16.6095,provider-billed input + output tokens,16.6635,normalized input + visible output tokens,0.02797389473684210526315789474,0.03004123943661971830985915493,managed
view_b,high,50000,medium,typical,managed,5,0.76,0.71,1,3583.0080,3586.4640,4.4640,32.400,72.00,3.1680,14.9760,2880.0,55.9845,provider-billed input + output tokens,56.0385,normalized input + visible output tokens,0.09428968421052631578947368421,0.1010271549295774647887323944,managed
view_a,not_applicable,50000,medium,typical,private,5,0.71,0.76,1,576.00,579.4560,,,,,,,9.00,provider-billed input + output tokens,9.0540,normalized input + visible output tokens,0.01622535211267605633802816901,0.01524884210526315789473684211,private
view_b,low,50000,medium,typical,private,5,0.71,0.76,1,743.0080,746.4640,4.4640,32.400,72.00,3.1680,14.9760,40.00,11.6095,provider-billed input + output tokens,11.6635,normalized input + visible output tokens,0.02092980281690140845070422535,0.01964378947368421052631578947,private
view_b,typical,50000,medium,typical,private,5,0.71,0.76,1,1063.0080,1066.4640,4.4640,32.400,72.00,3.1680,14.9760,360.0,16.6095,provider-billed input + output tokens,16.6635,normalized input + visible output tokens,0.02994388732394366197183098592,0.02806484210526315789473684211,private
view_b,high,50000,medium,typical,private,5,0.71,0.76,1,3583.0080,3586.4640,4.4640,32.400,72.00,3.1680,14.9760,2880.0,55.9845,provider-billed input + output tokens,56.0385,normalized input + visible output tokens,0.1009298028169014084507042254,0.09438063157894736842105263158,private
view_a,not_applicable,50000,medium,high,managed,-5,0.66,0.71,1,576.00,579.4560,,,,,,,9.00,provider-billed input + output tokens,9.0540,normalized input + visible output tokens,0.01745454545454545454545454545,0.01632270422535211267605633803,private
view_b,low,50000,medium,high,managed,-5,0.66,0.71,1,743.0080,746.4640,4.4640,32.400,72.00,3.1680,14.9760,40.00,11.6095,provider-billed input + output tokens,11.6635,normalized input + visible output tokens,0.02251539393939393939393939394,0.02102715492957746478873239437,private
view_b,typical,50000,medium,high,managed,-5,0.66,0.71,1,1063.0080,1066.4640,4.4640,32.400,72.00,3.1680,14.9760,360.0,16.6095,provider-billed input + output tokens,16.6635,normalized input + visible output tokens,0.03221236363636363636363636364,0.03004123943661971830985915493,private
view_b,high,50000,medium,high,managed,-5,0.66,0.71,1,3583.0080,3586.4640,4.4640,32.400,72.00,3.1680,14.9760,2880.0,55.9845,provider-billed input + output tokens,56.0385,normalized input + visible output tokens,0.108576,0.1010271549295774647887323944,private
view_a,not_applicable,50000,medium,high,private,-5,0.71,0.66,1,576.00,579.4560,,,,,,,9.00,provider-billed input + output tokens,9.0540,normalized input + visible output tokens,0.01622535211267605633802816901,0.01755927272727272727272727273,managed
view_b,low,50000,medium,high,private,-5,0.71,0.66,1,743.0080,746.4640,4.4640,32.400,72.00,3.1680,14.9760,40.00,11.6095,provider-billed input + output tokens,11.6635,normalized input + visible output tokens,0.02092980281690140845070422535,0.02262012121212121212121212121,managed
view_b,typical,50000,medium,high,private,-5,0.71,0.66,1,1063.0080,1066.4640,4.4640,32.400,72.00,3.1680,14.9760,360.0,16.6095,provider-billed input + output tokens,16.6635,normalized input + visible output tokens,0.02994388732394366197183098592,0.03231709090909090909090909091,managed
view_b,high,50000,medium,high,private,-5,0.71,0.66,1,3583.0080,3586.4640,4.4640,32.400,72.00,3.1680,14.9760,2880.0,55.9845,provider-billed input + output tokens,56.0385,normalized input + visible output tokens,0.1009298028169014084507042254,0.1086807272727272727272727273,managed
view_a,not_applicable,50000,medium,high,measured,0,0.71,0.71,1,576.00,579.4560,,,,,,,9.00,provider-billed input + output tokens,9.0540,normalized input + visible output tokens,0.01622535211267605633802816901,0.01632270422535211267605633803,managed
view_b,low,50000,medium,high,measured,0,0.71,0.71,1,743.0080,746.4640,4.4640,32.400,72.00,3.1680,14.9760,40.00,11.6095,provider-billed input + output tokens,11.6635,normalized input + visible output tokens,0.02092980281690140845070422535,0.02102715492957746478873239437,managed
view_b,typical,50000,medium,high,measured,0,0.71,0.71,1,1063.0080,1066.4640,4.4640,32.400,72.00,3.1680,14.9760,360.0,16.6095,provider-billed input + output tokens,16.6635,normalized input + visible output tokens,0.02994388732394366197183098592,0.03004123943661971830985915493,managed
view_b,high,50000,medium,high,measured,0,0.71,0.71,1,3583.0080,3586.4640,4.4640,32.400,72.00,3.1680,14.9760,2880.0,55.9845,provider-billed input + output tokens,56.0385,normalized input + visible output tokens,0.1009298028169014084507042254,0.1010271549295774647887323944,managed
view_a,not_applicable,50000,medium,high,managed,5,0.76,0.71,1,576.00,579.4560,,,,,,,9.00,provider-billed input + output tokens,9.0540,normalized input + visible output tokens,0.01515789473684210526315789474,0.01632270422535211267605633803,managed
view_b,low,50000,medium,high,managed,5,0.76,0.71,1,743.0080,746.4640,4.4640,32.400,72.00,3.1680,14.9760,40.00,11.6095,provider-billed input + output tokens,11.6635,normalized input + visible output tokens,0.01955284210526315789473684211,0.02102715492957746478873239437,managed
view_b,typical,50000,medium,high,managed,5,0.76,0.71,1,1063.0080,1066.4640,4.4640,32.400,72.00,3.1680,14.9760,360.0,16.6095,provider-billed input + output tokens,16.6635,normalized input + visible output tokens,0.02797389473684210526315789474,0.03004123943661971830985915493,managed
view_b,high,50000,medium,high,managed,5,0.76,0.71,1,3583.0080,3586.4640,4.4640,32.400,72.00,3.1680,14.9760,2880.0,55.9845,provider-billed input + output tokens,56.0385,normalized input + visible output tokens,0.09428968421052631578947368421,0.1010271549295774647887323944,managed
view_a,not_applicable,50000,medium,high,private,5,0.71,0.76,1,576.00,579.4560,,,,,,,9.00,provider-billed input + output tokens,9.0540,normalized input + visible output tokens,0.01622535211267605633802816901,0.01524884210526315789473684211,private
view_b,low,50000,medium,high,private,5,0.71,0.76,1,743.0080,746.4640,4.4640,32.400,72.00,3.1680,14.9760,40.00,11.6095,provider-billed input + output tokens,11.6635,normalized input + visible output tokens,0.02092980281690140845070422535,0.01964378947368421052631578947,private
view_b,typical,50000,medium,high,private,5,0.71,0.76,1,1063.0080,1066.4640,4.4640,32.400,72.00,3.1680,14.9760,360.0,16.6095,provider-billed input + output tokens,16.6635,normalized input + visible output tokens,0.02994388732394366197183098592,0.02806484210526315789473684211,private
view_b,high,50000,medium,high,private,5,0.71,0.76,1,3583.0080,3586.4640,4.4640,32.400,72.00,3.1680,14.9760,2880.0,55.9845,provider-billed input + output tokens,56.0385,normalized input + visible output tokens,0.1009298028169014084507042254,0.09438063157894736842105263158,private
view_a,not_applicable,100000,short,low,managed,-5,0.66,0.71,1,288.00,579.4560,,,,,,,9.00,provider-billed input + output tokens,18.1080,normalized input + visible output tokens,0.004363636363636363636363636364,0.008161352112676056338028169014,managed
view_b,low,100000,short,low,managed,-5,0.66,0.71,1,455.0080,746.4640,4.4640,32.400,72.00,3.1680,14.9760,40.00,14.2190,provider-billed input + output tokens,23.3270,normalized input + visible output tokens,0.006894060606060606060606060606,0.01051357746478873239436619718,managed
view_b,typical,100000,short,low,managed,-5,0.66,0.71,1,775.0080,1066.4640,4.4640,32.400,72.00,3.1680,14.9760,360.0,24.2190,provider-billed input + output tokens,33.3270,normalized input + visible output tokens,0.01174254545454545454545454545,0.01502061971830985915492957746,managed
view_b,high,100000,short,low,managed,-5,0.66,0.71,1,3295.0080,3586.4640,4.4640,32.400,72.00,3.1680,14.9760,2880.0,102.9690,provider-billed input + output tokens,112.0770,normalized input + visible output tokens,0.04992436363636363636363636364,0.05051357746478873239436619718,managed
view_a,not_applicable,100000,short,low,private,-5,0.71,0.66,1,288.00,579.4560,,,,,,,9.00,provider-billed input + output tokens,18.1080,normalized input + visible output tokens,0.004056338028169014084507042254,0.008779636363636363636363636364,managed
view_b,low,100000,short,low,private,-5,0.71,0.66,1,455.0080,746.4640,4.4640,32.400,72.00,3.1680,14.9760,40.00,14.2190,provider-billed input + output tokens,23.3270,normalized input + visible output tokens,0.006408563380281690140845070423,0.01131006060606060606060606061,managed
view_b,typical,100000,short,low,private,-5,0.71,0.66,1,775.0080,1066.4640,4.4640,32.400,72.00,3.1680,14.9760,360.0,24.2190,provider-billed input + output tokens,33.3270,normalized input + visible output tokens,0.01091560563380281690140845070,0.01615854545454545454545454545,managed
view_b,high,100000,short,low,private,-5,0.71,0.66,1,3295.0080,3586.4640,4.4640,32.400,72.00,3.1680,14.9760,2880.0,102.9690,provider-billed input + output tokens,112.0770,normalized input + visible output tokens,0.04640856338028169014084507042,0.05434036363636363636363636364,managed
view_a,not_applicable,100000,short,low,measured,0,0.71,0.71,1,288.00,579.4560,,,,,,,9.00,provider-billed input + output tokens,18.1080,normalized input + visible output tokens,0.004056338028169014084507042254,0.008161352112676056338028169014,managed
view_b,low,100000,short,low,measured,0,0.71,0.71,1,455.0080,746.4640,4.4640,32.400,72.00,3.1680,14.9760,40.00,14.2190,provider-billed input + output tokens,23.3270,normalized input + visible output tokens,0.006408563380281690140845070423,0.01051357746478873239436619718,managed
view_b,typical,100000,short,low,measured,0,0.71,0.71,1,775.0080,1066.4640,4.4640,32.400,72.00,3.1680,14.9760,360.0,24.2190,provider-billed input + output tokens,33.3270,normalized input + visible output tokens,0.01091560563380281690140845070,0.01502061971830985915492957746,managed
view_b,high,100000,short,low,measured,0,0.71,0.71,1,3295.0080,3586.4640,4.4640,32.400,72.00,3.1680,14.9760,2880.0,102.9690,provider-billed input + output tokens,112.0770,normalized input + visible output tokens,0.04640856338028169014084507042,0.05051357746478873239436619718,managed
view_a,not_applicable,100000,short,low,managed,5,0.76,0.71,1,288.00,579.4560,,,,,,,9.00,provider-billed input + output tokens,18.1080,normalized input + visible output tokens,0.003789473684210526315789473684,0.008161352112676056338028169014,managed
view_b,low,100000,short,low,managed,5,0.76,0.71,1,455.0080,746.4640,4.4640,32.400,72.00,3.1680,14.9760,40.00,14.2190,provider-billed input + output tokens,23.3270,normalized input + visible output tokens,0.005986947368421052631578947368,0.01051357746478873239436619718,managed
view_b,typical,100000,short,low,managed,5,0.76,0.71,1,775.0080,1066.4640,4.4640,32.400,72.00,3.1680,14.9760,360.0,24.2190,provider-billed input + output tokens,33.3270,normalized input + visible output tokens,0.01019747368421052631578947368,0.01502061971830985915492957746,managed
view_b,high,100000,short,low,managed,5,0.76,0.71,1,3295.0080,3586.4640,4.4640,32.400,72.00,3.1680,14.9760,2880.0,102.9690,provider-billed input + output tokens,112.0770,normalized input + visible output tokens,0.04335536842105263157894736842,0.05051357746478873239436619718,managed
view_a,not_applicable,100000,short,low,private,5,0.71,0.76,1,288.00,579.4560,,,,,,,9.00,provider-billed input + output tokens,18.1080,normalized input + visible output tokens,0.004056338028169014084507042254,0.007624421052631578947368421053,managed
view_b,low,100000,short,low,private,5,0.71,0.76,1,455.0080,746.4640,4.4640,32.400,72.00,3.1680,14.9760,40.00,14.2190,provider-billed input + output tokens,23.3270,normalized input + visible output tokens,0.006408563380281690140845070423,0.009821894736842105263157894737,managed
view_b,typical,100000,short,low,private,5,0.71,0.76,1,775.0080,1066.4640,4.4640,32.400,72.00,3.1680,14.9760,360.0,24.2190,provider-billed input + output tokens,33.3270,normalized input + visible output tokens,0.01091560563380281690140845070,0.01403242105263157894736842105,managed
view_b,high,100000,short,low,private,5,0.71,0.76,1,3295.0080,3586.4640,4.4640,32.400,72.00,3.1680,14.9760,2880.0,102.9690,provider-billed input + output tokens,112.0770,normalized input + visible output tokens,0.04640856338028169014084507042,0.04719031578947368421052631579,managed
view_a,not_applicable,100000,short,typical,managed,-5,0.66,0.71,1,288.00,579.4560,,,,,,,9.00,provider-billed input + output tokens,18.1080,normalized input + visible output tokens,0.004363636363636363636363636364,0.008161352112676056338028169014,managed
view_b,low,100000,short,typical,managed,-5,0.66,0.71,1,455.0080,746.4640,4.4640,32.400,72.00,3.1680,14.9760,40.00,14.2190,provider-billed input + output tokens,23.3270,normalized input + visible output tokens,0.006894060606060606060606060606,0.01051357746478873239436619718,managed
view_b,typical,100000,short,typical,managed,-5,0.66,0.71,1,775.0080,1066.4640,4.4640,32.400,72.00,3.1680,14.9760,360.0,24.2190,provider-billed input + output tokens,33.3270,normalized input + visible output tokens,0.01174254545454545454545454545,0.01502061971830985915492957746,managed
view_b,high,100000,short,typical,managed,-5,0.66,0.71,1,3295.0080,3586.4640,4.4640,32.400,72.00,3.1680,14.9760,2880.0,102.9690,provider-billed input + output tokens,112.0770,normalized input + visible output tokens,0.04992436363636363636363636364,0.05051357746478873239436619718,managed
view_a,not_applicable,100000,short,typical,private,-5,0.71,0.66,1,288.00,579.4560,,,,,,,9.00,provider-billed input + output tokens,18.1080,normalized input + visible output tokens,0.004056338028169014084507042254,0.008779636363636363636363636364,managed
view_b,low,100000,short,typical,private,-5,0.71,0.66,1,455.0080,746.4640,4.4640,32.400,72.00,3.1680,14.9760,40.00,14.2190,provider-billed input + output tokens,23.3270,normalized input + visible output tokens,0.006408563380281690140845070423,0.01131006060606060606060606061,managed
view_b,typical,100000,short,typical,private,-5,0.71,0.66,1,775.0080,1066.4640,4.4640,32.400,72.00,3.1680,14.9760,360.0,24.2190,provider-billed input + output tokens,33.3270,normalized input + visible output tokens,0.01091560563380281690140845070,0.01615854545454545454545454545,managed
view_b,high,100000,short,typical,private,-5,0.71,0.66,1,3295.0080,3586.4640,4.4640,32.400,72.00,3.1680,14.9760,2880.0,102.9690,provider-billed input + output tokens,112.0770,normalized input + visible output tokens,0.04640856338028169014084507042,0.05434036363636363636363636364,managed
view_a,not_applicable,100000,short,typical,measured,0,0.71,0.71,1,288.00,579.4560,,,,,,,9.00,provider-billed input + output tokens,18.1080,normalized input + visible output tokens,0.004056338028169014084507042254,0.008161352112676056338028169014,managed
view_b,low,100000,short,typical,measured,0,0.71,0.71,1,455.0080,746.4640,4.4640,32.400,72.00,3.1680,14.9760,40.00,14.2190,provider-billed input + output tokens,23.3270,normalized input + visible output tokens,0.006408563380281690140845070423,0.01051357746478873239436619718,managed
view_b,typical,100000,short,typical,measured,0,0.71,0.71,1,775.0080,1066.4640,4.4640,32.400,72.00,3.1680,14.9760,360.0,24.2190,provider-billed input + output tokens,33.3270,normalized input + visible output tokens,0.01091560563380281690140845070,0.01502061971830985915492957746,managed
view_b,high,100000,short,typical,measured,0,0.71,0.71,1,3295.0080,3586.4640,4.4640,32.400,72.00,3.1680,14.9760,2880.0,102.9690,provider-billed input + output tokens,112.0770,normalized input + visible output tokens,0.04640856338028169014084507042,0.05051357746478873239436619718,managed
view_a,not_applicable,100000,short,typical,managed,5,0.76,0.71,1,288.00,579.4560,,,,,,,9.00,provider-billed input + output tokens,18.1080,normalized input + visible output tokens,0.003789473684210526315789473684,0.008161352112676056338028169014,managed
view_b,low,100000,short,typical,managed,5,0.76,0.71,1,455.0080,746.4640,4.4640,32.400,72.00,3.1680,14.9760,40.00,14.2190,provider-billed input + output tokens,23.3270,normalized input + visible output tokens,0.005986947368421052631578947368,0.01051357746478873239436619718,managed
view_b,typical,100000,short,typical,managed,5,0.76,0.71,1,775.0080,1066.4640,4.4640,32.400,72.00,3.1680,14.9760,360.0,24.2190,provider-billed input + output tokens,33.3270,normalized input + visible output tokens,0.01019747368421052631578947368,0.01502061971830985915492957746,managed
view_b,high,100000,short,typical,managed,5,0.76,0.71,1,3295.0080,3586.4640,4.4640,32.400,72.00,3.1680,14.9760,2880.0,102.9690,provider-billed input + output tokens,112.0770,normalized input + visible output tokens,0.04335536842105263157894736842,0.05051357746478873239436619718,managed
view_a,not_applicable,100000,short,typical,private,5,0.71,0.76,1,288.00,579.4560,,,,,,,9.00,provider-billed input + output tokens,18.1080,normalized input + visible output tokens,0.004056338028169014084507042254,0.007624421052631578947368421053,managed
view_b,low,100000,short,typical,private,5,0.71,0.76,1,455.0080,746.4640,4.4640,32.400,72.00,3.1680,14.9760,40.00,14.2190,provider-billed input + output tokens,23.3270,normalized input + visible output tokens,0.006408563380281690140845070423,0.009821894736842105263157894737,managed
view_b,typical,100000,short,typical,private,5,0.71,0.76,1,775.0080,1066.4640,4.4640,32.400,72.00,3.1680,14.9760,360.0,24.2190,provider-billed input + output tokens,33.3270,normalized input + visible output tokens,0.01091560563380281690140845070,0.01403242105263157894736842105,managed
view_b,high,100000,short,typical,private,5,0.71,0.76,1,3295.0080,3586.4640,4.4640,32.400,72.00,3.1680,14.9760,2880.0,102.9690,provider-billed input + output tokens,112.0770,normalized input + visible output tokens,0.04640856338028169014084507042,0.04719031578947368421052631579,managed
view_a,not_applicable,100000,short,high,managed,-5,0.66,0.71,1,288.00,579.4560,,,,,,,9.00,provider-billed input + output tokens,18.1080,normalized input + visible output tokens,0.004363636363636363636363636364,0.008161352112676056338028169014,managed
view_b,low,100000,short,high,managed,-5,0.66,0.71,1,455.0080,746.4640,4.4640,32.400,72.00,3.1680,14.9760,40.00,14.2190,provider-billed input + output tokens,23.3270,normalized input + visible output tokens,0.006894060606060606060606060606,0.01051357746478873239436619718,managed
view_b,typical,100000,short,high,managed,-5,0.66,0.71,1,775.0080,1066.4640,4.4640,32.400,72.00,3.1680,14.9760,360.0,24.2190,provider-billed input + output tokens,33.3270,normalized input + visible output tokens,0.01174254545454545454545454545,0.01502061971830985915492957746,managed
view_b,high,100000,short,high,managed,-5,0.66,0.71,1,3295.0080,3586.4640,4.4640,32.400,72.00,3.1680,14.9760,2880.0,102.9690,provider-billed input + output tokens,112.0770,normalized input + visible output tokens,0.04992436363636363636363636364,0.05051357746478873239436619718,managed
view_a,not_applicable,100000,short,high,private,-5,0.71,0.66,1,288.00,579.4560,,,,,,,9.00,provider-billed input + output tokens,18.1080,normalized input + visible output tokens,0.004056338028169014084507042254,0.008779636363636363636363636364,managed
view_b,low,100000,short,high,private,-5,0.71,0.66,1,455.0080,746.4640,4.4640,32.400,72.00,3.1680,14.9760,40.00,14.2190,provider-billed input + output tokens,23.3270,normalized input + visible output tokens,0.006408563380281690140845070423,0.01131006060606060606060606061,managed
view_b,typical,100000,short,high,private,-5,0.71,0.66,1,775.0080,1066.4640,4.4640,32.400,72.00,3.1680,14.9760,360.0,24.2190,provider-billed input + output tokens,33.3270,normalized input + visible output tokens,0.01091560563380281690140845070,0.01615854545454545454545454545,managed
view_b,high,100000,short,high,private,-5,0.71,0.66,1,3295.0080,3586.4640,4.4640,32.400,72.00,3.1680,14.9760,2880.0,102.9690,provider-billed input + output tokens,112.0770,normalized input + visible output tokens,0.04640856338028169014084507042,0.05434036363636363636363636364,managed
view_a,not_applicable,100000,short,high,measured,0,0.71,0.71,1,288.00,579.4560,,,,,,,9.00,provider-billed input + output tokens,18.1080,normalized input + visible output tokens,0.004056338028169014084507042254,0.008161352112676056338028169014,managed
view_b,low,100000,short,high,measured,0,0.71,0.71,1,455.0080,746.4640,4.4640,32.400,72.00,3.1680,14.9760,40.00,14.2190,provider-billed input + output tokens,23.3270,normalized input + visible output tokens,0.006408563380281690140845070423,0.01051357746478873239436619718,managed
view_b,typical,100000,short,high,measured,0,0.71,0.71,1,775.0080,1066.4640,4.4640,32.400,72.00,3.1680,14.9760,360.0,24.2190,provider-billed input + output tokens,33.3270,normalized input + visible output tokens,0.01091560563380281690140845070,0.01502061971830985915492957746,managed
view_b,high,100000,short,high,measured,0,0.71,0.71,1,3295.0080,3586.4640,4.4640,32.400,72.00,3.1680,14.9760,2880.0,102.9690,provider-billed input + output tokens,112.0770,normalized input + visible output tokens,0.04640856338028169014084507042,0.05051357746478873239436619718,managed
view_a,not_applicable,100000,short,high,managed,5,0.76,0.71,1,288.00,579.4560,,,,,,,9.00,provider-billed input + output tokens,18.1080,normalized input + visible output tokens,0.003789473684210526315789473684,0.008161352112676056338028169014,managed
view_b,low,100000,short,high,managed,5,0.76,0.71,1,455.0080,746.4640,4.4640,32.400,72.00,3.1680,14.9760,40.00,14.2190,provider-billed input + output tokens,23.3270,normalized input + visible output tokens,0.005986947368421052631578947368,0.01051357746478873239436619718,managed
view_b,typical,100000,short,high,managed,5,0.76,0.71,1,775.0080,1066.4640,4.4640,32.400,72.00,3.1680,14.9760,360.0,24.2190,provider-billed input + output tokens,33.3270,normalized input + visible output tokens,0.01019747368421052631578947368,0.01502061971830985915492957746,managed
view_b,high,100000,short,high,managed,5,0.76,0.71,1,3295.0080,3586.4640,4.4640,32.400,72.00,3.1680,14.9760,2880.0,102.9690,provider-billed input + output tokens,112.0770,normalized input + visible output tokens,0.04335536842105263157894736842,0.05051357746478873239436619718,managed
view_a,not_applicable,100000,short,high,private,5,0.71,0.76,1,288.00,579.4560,,,,,,,9.00,provider-billed input + output tokens,18.1080,normalized input + visible output tokens,0.004056338028169014084507042254,0.007624421052631578947368421053,managed
view_b,low,100000,short,high,private,5,0.71,0.76,1,455.0080,746.4640,4.4640,32.400,72.00,3.1680,14.9760,40.00,14.2190,provider-billed input + output tokens,23.3270,normalized input + visible output tokens,0.006408563380281690140845070423,0.009821894736842105263157894737,managed
view_b,typical,100000,short,high,private,5,0.71,0.76,1,775.0080,1066.4640,4.4640,32.400,72.00,3.1680,14.9760,360.0,24.2190,provider-billed input + output tokens,33.3270,normalized input + visible output tokens,0.01091560563380281690140845070,0.01403242105263157894736842105,managed
view_b,high,100000,short,high,private,5,0.71,0.76,1,3295.0080,3586.4640,4.4640,32.400,72.00,3.1680,14.9760,2880.0,102.9690,provider-billed input + output tokens,112.0770,normalized input + visible output tokens,0.04640856338028169014084507042,0.04719031578947368421052631579,managed
view_a,not_applicable,100000,medium,low,managed,-5,0.66,0.71,1,1152.00,579.4560,,,,,,,9.00,provider-billed input + output tokens,4.5270,normalized input + visible output tokens,0.01745454545454545454545454545,0.008161352112676056338028169014,private
view_b,low,100000,medium,low,managed,-5,0.66,0.71,1,1319.0080,746.4640,4.4640,32.400,72.00,3.1680,14.9760,40.00,10.30475,provider-billed input + output tokens,5.83175,normalized input + visible output tokens,0.01998496969696969696969696970,0.01051357746478873239436619718,private
view_b,typical,100000,medium,low,managed,-5,0.66,0.71,1,1639.0080,1066.4640,4.4640,32.400,72.00,3.1680,14.9760,360.0,12.80475,provider-billed input + output tokens,8.33175,normalized input + visible output tokens,0.02483345454545454545454545455,0.01502061971830985915492957746,private
view_b,high,100000,medium,low,managed,-5,0.66,0.71,1,4159.0080,3586.4640,4.4640,32.400,72.00,3.1680,14.9760,2880.0,32.49225,provider-billed input + output tokens,28.01925,normalized input + visible output tokens,0.06301527272727272727272727273,0.05051357746478873239436619718,private
view_a,not_applicable,100000,medium,low,private,-5,0.71,0.66,1,1152.00,579.4560,,,,,,,9.00,provider-billed input + output tokens,4.5270,normalized input + visible output tokens,0.01622535211267605633802816901,0.008779636363636363636363636364,private
view_b,low,100000,medium,low,private,-5,0.71,0.66,1,1319.0080,746.4640,4.4640,32.400,72.00,3.1680,14.9760,40.00,10.30475,provider-billed input + output tokens,5.83175,normalized input + visible output tokens,0.01857757746478873239436619718,0.01131006060606060606060606061,private
view_b,typical,100000,medium,low,private,-5,0.71,0.66,1,1639.0080,1066.4640,4.4640,32.400,72.00,3.1680,14.9760,360.0,12.80475,provider-billed input + output tokens,8.33175,normalized input + visible output tokens,0.02308461971830985915492957746,0.01615854545454545454545454545,private
view_b,high,100000,medium,low,private,-5,0.71,0.66,1,4159.0080,3586.4640,4.4640,32.400,72.00,3.1680,14.9760,2880.0,32.49225,provider-billed input + output tokens,28.01925,normalized input + visible output tokens,0.05857757746478873239436619718,0.05434036363636363636363636364,private
view_a,not_applicable,100000,medium,low,measured,0,0.71,0.71,1,1152.00,579.4560,,,,,,,9.00,provider-billed input + output tokens,4.5270,normalized input + visible output tokens,0.01622535211267605633802816901,0.008161352112676056338028169014,private
view_b,low,100000,medium,low,measured,0,0.71,0.71,1,1319.0080,746.4640,4.4640,32.400,72.00,3.1680,14.9760,40.00,10.30475,provider-billed input + output tokens,5.83175,normalized input + visible output tokens,0.01857757746478873239436619718,0.01051357746478873239436619718,private
view_b,typical,100000,medium,low,measured,0,0.71,0.71,1,1639.0080,1066.4640,4.4640,32.400,72.00,3.1680,14.9760,360.0,12.80475,provider-billed input + output tokens,8.33175,normalized input + visible output tokens,0.02308461971830985915492957746,0.01502061971830985915492957746,private
view_b,high,100000,medium,low,measured,0,0.71,0.71,1,4159.0080,3586.4640,4.4640,32.400,72.00,3.1680,14.9760,2880.0,32.49225,provider-billed input + output tokens,28.01925,normalized input + visible output tokens,0.05857757746478873239436619718,0.05051357746478873239436619718,private
view_a,not_applicable,100000,medium,low,managed,5,0.76,0.71,1,1152.00,579.4560,,,,,,,9.00,provider-billed input + output tokens,4.5270,normalized input + visible output tokens,0.01515789473684210526315789474,0.008161352112676056338028169014,private
view_b,low,100000,medium,low,managed,5,0.76,0.71,1,1319.0080,746.4640,4.4640,32.400,72.00,3.1680,14.9760,40.00,10.30475,provider-billed input + output tokens,5.83175,normalized input + visible output tokens,0.01735536842105263157894736842,0.01051357746478873239436619718,private
view_b,typical,100000,medium,low,managed,5,0.76,0.71,1,1639.0080,1066.4640,4.4640,32.400,72.00,3.1680,14.9760,360.0,12.80475,provider-billed input + output tokens,8.33175,normalized input + visible output tokens,0.02156589473684210526315789474,0.01502061971830985915492957746,private
view_b,high,100000,medium,low,managed,5,0.76,0.71,1,4159.0080,3586.4640,4.4640,32.400,72.00,3.1680,14.9760,2880.0,32.49225,provider-billed input + output tokens,28.01925,normalized input + visible output tokens,0.05472378947368421052631578947,0.05051357746478873239436619718,private
view_a,not_applicable,100000,medium,low,private,5,0.71,0.76,1,1152.00,579.4560,,,,,,,9.00,provider-billed input + output tokens,4.5270,normalized input + visible output tokens,0.01622535211267605633802816901,0.007624421052631578947368421053,private
view_b,low,100000,medium,low,private,5,0.71,0.76,1,1319.0080,746.4640,4.4640,32.400,72.00,3.1680,14.9760,40.00,10.30475,provider-billed input + output tokens,5.83175,normalized input + visible output tokens,0.01857757746478873239436619718,0.009821894736842105263157894737,private
view_b,typical,100000,medium,low,private,5,0.71,0.76,1,1639.0080,1066.4640,4.4640,32.400,72.00,3.1680,14.9760,360.0,12.80475,provider-billed input + output tokens,8.33175,normalized input + visible output tokens,0.02308461971830985915492957746,0.01403242105263157894736842105,private
view_b,high,100000,medium,low,private,5,0.71,0.76,1,4159.0080,3586.4640,4.4640,32.400,72.00,3.1680,14.9760,2880.0,32.49225,provider-billed input + output tokens,28.01925,normalized input + visible output tokens,0.05857757746478873239436619718,0.04719031578947368421052631579,private
view_a,not_applicable,100000,medium,typical,managed,-5,0.66,0.71,1,1152.00,579.4560,,,,,,,9.00,provider-billed input + output tokens,4.5270,normalized input + visible output tokens,0.01745454545454545454545454545,0.008161352112676056338028169014,private
view_b,low,100000,medium,typical,managed,-5,0.66,0.71,1,1319.0080,746.4640,4.4640,32.400,72.00,3.1680,14.9760,40.00,10.30475,provider-billed input + output tokens,5.83175,normalized input + visible output tokens,0.01998496969696969696969696970,0.01051357746478873239436619718,private
view_b,typical,100000,medium,typical,managed,-5,0.66,0.71,1,1639.0080,1066.4640,4.4640,32.400,72.00,3.1680,14.9760,360.0,12.80475,provider-billed input + output tokens,8.33175,normalized input + visible output tokens,0.02483345454545454545454545455,0.01502061971830985915492957746,private
view_b,high,100000,medium,typical,managed,-5,0.66,0.71,1,4159.0080,3586.4640,4.4640,32.400,72.00,3.1680,14.9760,2880.0,32.49225,provider-billed input + output tokens,28.01925,normalized input + visible output tokens,0.06301527272727272727272727273,0.05051357746478873239436619718,private
view_a,not_applicable,100000,medium,typical,private,-5,0.71,0.66,1,1152.00,579.4560,,,,,,,9.00,provider-billed input + output tokens,4.5270,normalized input + visible output tokens,0.01622535211267605633802816901,0.008779636363636363636363636364,private
view_b,low,100000,medium,typical,private,-5,0.71,0.66,1,1319.0080,746.4640,4.4640,32.400,72.00,3.1680,14.9760,40.00,10.30475,provider-billed input + output tokens,5.83175,normalized input + visible output tokens,0.01857757746478873239436619718,0.01131006060606060606060606061,private
view_b,typical,100000,medium,typical,private,-5,0.71,0.66,1,1639.0080,1066.4640,4.4640,32.400,72.00,3.1680,14.9760,360.0,12.80475,provider-billed input + output tokens,8.33175,normalized input + visible output tokens,0.02308461971830985915492957746,0.01615854545454545454545454545,private
view_b,high,100000,medium,typical,private,-5,0.71,0.66,1,4159.0080,3586.4640,4.4640,32.400,72.00,3.1680,14.9760,2880.0,32.49225,provider-billed input + output tokens,28.01925,normalized input + visible output tokens,0.05857757746478873239436619718,0.05434036363636363636363636364,private
view_a,not_applicable,100000,medium,typical,measured,0,0.71,0.71,1,1152.00,579.4560,,,,,,,9.00,provider-billed input + output tokens,4.5270,normalized input + visible output tokens,0.01622535211267605633802816901,0.008161352112676056338028169014,private
view_b,low,100000,medium,typical,measured,0,0.71,0.71,1,1319.0080,746.4640,4.4640,32.400,72.00,3.1680,14.9760,40.00,10.30475,provider-billed input + output tokens,5.83175,normalized input + visible output tokens,0.01857757746478873239436619718,0.01051357746478873239436619718,private
view_b,typical,100000,medium,typical,measured,0,0.71,0.71,1,1639.0080,1066.4640,4.4640,32.400,72.00,3.1680,14.9760,360.0,12.80475,provider-billed input + output tokens,8.33175,normalized input + visible output tokens,0.02308461971830985915492957746,0.01502061971830985915492957746,private
view_b,high,100000,medium,typical,measured,0,0.71,0.71,1,4159.0080,3586.4640,4.4640,32.400,72.00,3.1680,14.9760,2880.0,32.49225,provider-billed input + output tokens,28.01925,normalized input + visible output tokens,0.05857757746478873239436619718,0.05051357746478873239436619718,private
view_a,not_applicable,100000,medium,typical,managed,5,0.76,0.71,1,1152.00,579.4560,,,,,,,9.00,provider-billed input + output tokens,4.5270,normalized input + visible output tokens,0.01515789473684210526315789474,0.008161352112676056338028169014,private
view_b,low,100000,medium,typical,managed,5,0.76,0.71,1,1319.0080,746.4640,4.4640,32.400,72.00,3.1680,14.9760,40.00,10.30475,provider-billed input + output tokens,5.83175,normalized input + visible output tokens,0.01735536842105263157894736842,0.01051357746478873239436619718,private
view_b,typical,100000,medium,typical,managed,5,0.76,0.71,1,1639.0080,1066.4640,4.4640,32.400,72.00,3.1680,14.9760,360.0,12.80475,provider-billed input + output tokens,8.33175,normalized input + visible output tokens,0.02156589473684210526315789474,0.01502061971830985915492957746,private
view_b,high,100000,medium,typical,managed,5,0.76,0.71,1,4159.0080,3586.4640,4.4640,32.400,72.00,3.1680,14.9760,2880.0,32.49225,provider-billed input + output tokens,28.01925,normalized input + visible output tokens,0.05472378947368421052631578947,0.05051357746478873239436619718,private
view_a,not_applicable,100000,medium,typical,private,5,0.71,0.76,1,1152.00,579.4560,,,,,,,9.00,provider-billed input + output tokens,4.5270,normalized input + visible output tokens,0.01622535211267605633802816901,0.007624421052631578947368421053,private
view_b,low,100000,medium,typical,private,5,0.71,0.76,1,1319.0080,746.4640,4.4640,32.400,72.00,3.1680,14.9760,40.00,10.30475,provider-billed input + output tokens,5.83175,normalized input + visible output tokens,0.01857757746478873239436619718,0.009821894736842105263157894737,private
view_b,typical,100000,medium,typical,private,5,0.71,0.76,1,1639.0080,1066.4640,4.4640,32.400,72.00,3.1680,14.9760,360.0,12.80475,provider-billed input + output tokens,8.33175,normalized input + visible output tokens,0.02308461971830985915492957746,0.01403242105263157894736842105,private
view_b,high,100000,medium,typical,private,5,0.71,0.76,1,4159.0080,3586.4640,4.4640,32.400,72.00,3.1680,14.9760,2880.0,32.49225,provider-billed input + output tokens,28.01925,normalized input + visible output tokens,0.05857757746478873239436619718,0.04719031578947368421052631579,private
view_a,not_applicable,100000,medium,high,managed,-5,0.66,0.71,1,1152.00,579.4560,,,,,,,9.00,provider-billed input + output tokens,4.5270,normalized input + visible output tokens,0.01745454545454545454545454545,0.008161352112676056338028169014,private
view_b,low,100000,medium,high,managed,-5,0.66,0.71,1,1319.0080,746.4640,4.4640,32.400,72.00,3.1680,14.9760,40.00,10.30475,provider-billed input + output tokens,5.83175,normalized input + visible output tokens,0.01998496969696969696969696970,0.01051357746478873239436619718,private
view_b,typical,100000,medium,high,managed,-5,0.66,0.71,1,1639.0080,1066.4640,4.4640,32.400,72.00,3.1680,14.9760,360.0,12.80475,provider-billed input + output tokens,8.33175,normalized input + visible output tokens,0.02483345454545454545454545455,0.01502061971830985915492957746,private
view_b,high,100000,medium,high,managed,-5,0.66,0.71,1,4159.0080,3586.4640,4.4640,32.400,72.00,3.1680,14.9760,2880.0,32.49225,provider-billed input + output tokens,28.01925,normalized input + visible output tokens,0.06301527272727272727272727273,0.05051357746478873239436619718,private
view_a,not_applicable,100000,medium,high,private,-5,0.71,0.66,1,1152.00,579.4560,,,,,,,9.00,provider-billed input + output tokens,4.5270,normalized input + visible output tokens,0.01622535211267605633802816901,0.008779636363636363636363636364,private
view_b,low,100000,medium,high,private,-5,0.71,0.66,1,1319.0080,746.4640,4.4640,32.400,72.00,3.1680,14.9760,40.00,10.30475,provider-billed input + output tokens,5.83175,normalized input + visible output tokens,0.01857757746478873239436619718,0.01131006060606060606060606061,private
view_b,typical,100000,medium,high,private,-5,0.71,0.66,1,1639.0080,1066.4640,4.4640,32.400,72.00,3.1680,14.9760,360.0,12.80475,provider-billed input + output tokens,8.33175,normalized input + visible output tokens,0.02308461971830985915492957746,0.01615854545454545454545454545,private
view_b,high,100000,medium,high,private,-5,0.71,0.66,1,4159.0080,3586.4640,4.4640,32.400,72.00,3.1680,14.9760,2880.0,32.49225,provider-billed input + output tokens,28.01925,normalized input + visible output tokens,0.05857757746478873239436619718,0.05434036363636363636363636364,private
view_a,not_applicable,100000,medium,high,measured,0,0.71,0.71,1,1152.00,579.4560,,,,,,,9.00,provider-billed input + output tokens,4.5270,normalized input + visible output tokens,0.01622535211267605633802816901,0.008161352112676056338028169014,private
view_b,low,100000,medium,high,measured,0,0.71,0.71,1,1319.0080,746.4640,4.4640,32.400,72.00,3.1680,14.9760,40.00,10.30475,provider-billed input + output tokens,5.83175,normalized input + visible output tokens,0.01857757746478873239436619718,0.01051357746478873239436619718,private
view_b,typical,100000,medium,high,measured,0,0.71,0.71,1,1639.0080,1066.4640,4.4640,32.400,72.00,3.1680,14.9760,360.0,12.80475,provider-billed input + output tokens,8.33175,normalized input + visible output tokens,0.02308461971830985915492957746,0.01502061971830985915492957746,private
view_b,high,100000,medium,high,measured,0,0.71,0.71,1,4159.0080,3586.4640,4.4640,32.400,72.00,3.1680,14.9760,2880.0,32.49225,provider-billed input + output tokens,28.01925,normalized input + visible output tokens,0.05857757746478873239436619718,0.05051357746478873239436619718,private
view_a,not_applicable,100000,medium,high,managed,5,0.76,0.71,1,1152.00,579.4560,,,,,,,9.00,provider-billed input + output tokens,4.5270,normalized input + visible output tokens,0.01515789473684210526315789474,0.008161352112676056338028169014,private
view_b,low,100000,medium,high,managed,5,0.76,0.71,1,1319.0080,746.4640,4.4640,32.400,72.00,3.1680,14.9760,40.00,10.30475,provider-billed input + output tokens,5.83175,normalized input + visible output tokens,0.01735536842105263157894736842,0.01051357746478873239436619718,private
view_b,typical,100000,medium,high,managed,5,0.76,0.71,1,1639.0080,1066.4640,4.4640,32.400,72.00,3.1680,14.9760,360.0,12.80475,provider-billed input + output tokens,8.33175,normalized input + visible output tokens,0.02156589473684210526315789474,0.01502061971830985915492957746,private
view_b,high,100000,medium,high,managed,5,0.76,0.71,1,4159.0080,3586.4640,4.4640,32.400,72.00,3.1680,14.9760,2880.0,32.49225,provider-billed input + output tokens,28.01925,normalized input + visible output tokens,0.05472378947368421052631578947,0.05051357746478873239436619718,private
view_a,not_applicable,100000,medium,high,private,5,0.71,0.76,1,1152.00,579.4560,,,,,,,9.00,provider-billed input + output tokens,4.5270,normalized input + visible output tokens,0.01622535211267605633802816901,0.007624421052631578947368421053,private
view_b,low,100000,medium,high,private,5,0.71,0.76,1,1319.0080,746.4640,4.4640,32.400,72.00,3.1680,14.9760,40.00,10.30475,provider-billed input + output tokens,5.83175,normalized input + visible output tokens,0.01857757746478873239436619718,0.009821894736842105263157894737,private
view_b,typical,100000,medium,high,private,5,0.71,0.76,1,1639.0080,1066.4640,4.4640,32.400,72.00,3.1680,14.9760,360.0,12.80475,provider-billed input + output tokens,8.33175,normalized input + visible output tokens,0.02308461971830985915492957746,0.01403242105263157894736842105,private
view_b,high,100000,medium,high,private,5,0.71,0.76,1,4159.0080,3586.4640,4.4640,32.400,72.00,3.1680,14.9760,2880.0,32.49225,provider-billed input + output tokens,28.01925,normalized input + visible output tokens,0.05857757746478873239436619718,0.04719031578947368421052631579,private
view_a,not_applicable,500000,short,low,managed,-5,0.66,0.71,5,1440.00,2897.2800,,,,,,,9.00,provider-billed input + output tokens,18.1080,normalized input + visible output tokens,0.004363636363636363636363636364,0.008161352112676056338028169014,managed
view_b,low,500000,short,low,managed,-5,0.66,0.71,5,1607.0080,3064.2880,4.4640,32.400,72.00,3.1680,14.9760,40.00,10.0438,provider-billed input + output tokens,19.1518,normalized input + visible output tokens,0.004869721212121212121212121212,0.008631797183098591549295774648,managed
view_b,typical,500000,short,low,managed,-5,0.66,0.71,5,1927.0080,3384.2880,4.4640,32.400,72.00,3.1680,14.9760,360.0,12.0438,provider-billed input + output tokens,21.1518,normalized input + visible output tokens,0.005839418181818181818181818182,0.009533205633802816901408450704,managed
view_b,high,500000,short,low,managed,-5,0.66,0.71,5,4447.0080,5904.2880,4.4640,32.400,72.00,3.1680,14.9760,2880.0,27.7938,provider-billed input + output tokens,36.9018,normalized input + visible output tokens,0.01347578181818181818181818182,0.01663179718309859154929577465,managed
view_a,not_applicable,500000,short,low,private,-5,0.71,0.66,5,1440.00,2897.2800,,,,,,,9.00,provider-billed input + output tokens,18.1080,normalized input + visible output tokens,0.004056338028169014084507042254,0.008779636363636363636363636364,managed
view_b,low,500000,short,low,private,-5,0.71,0.66,5,1607.0080,3064.2880,4.4640,32.400,72.00,3.1680,14.9760,40.00,10.0438,provider-billed input + output tokens,19.1518,normalized input + visible output tokens,0.004526783098591549295774647887,0.009285721212121212121212121212,managed
view_b,typical,500000,short,low,private,-5,0.71,0.66,5,1927.0080,3384.2880,4.4640,32.400,72.00,3.1680,14.9760,360.0,12.0438,provider-billed input + output tokens,21.1518,normalized input + visible output tokens,0.005428191549295774647887323944,0.01025541818181818181818181818,managed
view_b,high,500000,short,low,private,-5,0.71,0.66,5,4447.0080,5904.2880,4.4640,32.400,72.00,3.1680,14.9760,2880.0,27.7938,provider-billed input + output tokens,36.9018,normalized input + visible output tokens,0.01252678309859154929577464789,0.01789178181818181818181818182,managed
view_a,not_applicable,500000,short,low,measured,0,0.71,0.71,5,1440.00,2897.2800,,,,,,,9.00,provider-billed input + output tokens,18.1080,normalized input + visible output tokens,0.004056338028169014084507042254,0.008161352112676056338028169014,managed
view_b,low,500000,short,low,measured,0,0.71,0.71,5,1607.0080,3064.2880,4.4640,32.400,72.00,3.1680,14.9760,40.00,10.0438,provider-billed input + output tokens,19.1518,normalized input + visible output tokens,0.004526783098591549295774647887,0.008631797183098591549295774648,managed
view_b,typical,500000,short,low,measured,0,0.71,0.71,5,1927.0080,3384.2880,4.4640,32.400,72.00,3.1680,14.9760,360.0,12.0438,provider-billed input + output tokens,21.1518,normalized input + visible output tokens,0.005428191549295774647887323944,0.009533205633802816901408450704,managed
view_b,high,500000,short,low,measured,0,0.71,0.71,5,4447.0080,5904.2880,4.4640,32.400,72.00,3.1680,14.9760,2880.0,27.7938,provider-billed input + output tokens,36.9018,normalized input + visible output tokens,0.01252678309859154929577464789,0.01663179718309859154929577465,managed
view_a,not_applicable,500000,short,low,managed,5,0.76,0.71,5,1440.00,2897.2800,,,,,,,9.00,provider-billed input + output tokens,18.1080,normalized input + visible output tokens,0.003789473684210526315789473684,0.008161352112676056338028169014,managed
view_b,low,500000,short,low,managed,5,0.76,0.71,5,1607.0080,3064.2880,4.4640,32.400,72.00,3.1680,14.9760,40.00,10.0438,provider-billed input + output tokens,19.1518,normalized input + visible output tokens,0.004228968421052631578947368421,0.008631797183098591549295774648,managed
view_b,typical,500000,short,low,managed,5,0.76,0.71,5,1927.0080,3384.2880,4.4640,32.400,72.00,3.1680,14.9760,360.0,12.0438,provider-billed input + output tokens,21.1518,normalized input + visible output tokens,0.005071073684210526315789473684,0.009533205633802816901408450704,managed
view_b,high,500000,short,low,managed,5,0.76,0.71,5,4447.0080,5904.2880,4.4640,32.400,72.00,3.1680,14.9760,2880.0,27.7938,provider-billed input + output tokens,36.9018,normalized input + visible output tokens,0.01170265263157894736842105263,0.01663179718309859154929577465,managed
view_a,not_applicable,500000,short,low,private,5,0.71,0.76,5,1440.00,2897.2800,,,,,,,9.00,provider-billed input + output tokens,18.1080,normalized input + visible output tokens,0.004056338028169014084507042254,0.007624421052631578947368421053,managed
view_b,low,500000,short,low,private,5,0.71,0.76,5,1607.0080,3064.2880,4.4640,32.400,72.00,3.1680,14.9760,40.00,10.0438,provider-billed input + output tokens,19.1518,normalized input + visible output tokens,0.004526783098591549295774647887,0.008063915789473684210526315789,managed
view_b,typical,500000,short,low,private,5,0.71,0.76,5,1927.0080,3384.2880,4.4640,32.400,72.00,3.1680,14.9760,360.0,12.0438,provider-billed input + output tokens,21.1518,normalized input + visible output tokens,0.005428191549295774647887323944,0.008906021052631578947368421053,managed
view_b,high,500000,short,low,private,5,0.71,0.76,5,4447.0080,5904.2880,4.4640,32.400,72.00,3.1680,14.9760,2880.0,27.7938,provider-billed input + output tokens,36.9018,normalized input + visible output tokens,0.01252678309859154929577464789,0.0155376,managed
view_a,not_applicable,500000,short,typical,managed,-5,0.66,0.71,1,1440.00,579.4560,,,,,,,9.00,provider-billed input + output tokens,3.6216,normalized input + visible output tokens,0.004363636363636363636363636364,0.001632270422535211267605633803,private
view_b,low,500000,short,typical,managed,-5,0.66,0.71,1,1607.0080,746.4640,4.4640,32.400,72.00,3.1680,14.9760,40.00,10.0438,provider-billed input + output tokens,4.6654,normalized input + visible output tokens,0.004869721212121212121212121212,0.002102715492957746478873239437,private
view_b,typical,500000,short,typical,managed,-5,0.66,0.71,1,1927.0080,1066.4640,4.4640,32.400,72.00,3.1680,14.9760,360.0,12.0438,provider-billed input + output tokens,6.6654,normalized input + visible output tokens,0.005839418181818181818181818182,0.003004123943661971830985915493,private
view_b,high,500000,short,typical,managed,-5,0.66,0.71,1,4447.0080,3586.4640,4.4640,32.400,72.00,3.1680,14.9760,2880.0,27.7938,provider-billed input + output tokens,22.4154,normalized input + visible output tokens,0.01347578181818181818181818182,0.01010271549295774647887323944,private
view_a,not_applicable,500000,short,typical,private,-5,0.71,0.66,1,1440.00,579.4560,,,,,,,9.00,provider-billed input + output tokens,3.6216,normalized input + visible output tokens,0.004056338028169014084507042254,0.001755927272727272727272727273,private
view_b,low,500000,short,typical,private,-5,0.71,0.66,1,1607.0080,746.4640,4.4640,32.400,72.00,3.1680,14.9760,40.00,10.0438,provider-billed input + output tokens,4.6654,normalized input + visible output tokens,0.004526783098591549295774647887,0.002262012121212121212121212121,private
view_b,typical,500000,short,typical,private,-5,0.71,0.66,1,1927.0080,1066.4640,4.4640,32.400,72.00,3.1680,14.9760,360.0,12.0438,provider-billed input + output tokens,6.6654,normalized input + visible output tokens,0.005428191549295774647887323944,0.003231709090909090909090909091,private
view_b,high,500000,short,typical,private,-5,0.71,0.66,1,4447.0080,3586.4640,4.4640,32.400,72.00,3.1680,14.9760,2880.0,27.7938,provider-billed input + output tokens,22.4154,normalized input + visible output tokens,0.01252678309859154929577464789,0.01086807272727272727272727273,private
view_a,not_applicable,500000,short,typical,measured,0,0.71,0.71,1,1440.00,579.4560,,,,,,,9.00,provider-billed input + output tokens,3.6216,normalized input + visible output tokens,0.004056338028169014084507042254,0.001632270422535211267605633803,private
view_b,low,500000,short,typical,measured,0,0.71,0.71,1,1607.0080,746.4640,4.4640,32.400,72.00,3.1680,14.9760,40.00,10.0438,provider-billed input + output tokens,4.6654,normalized input + visible output tokens,0.004526783098591549295774647887,0.002102715492957746478873239437,private
view_b,typical,500000,short,typical,measured,0,0.71,0.71,1,1927.0080,1066.4640,4.4640,32.400,72.00,3.1680,14.9760,360.0,12.0438,provider-billed input + output tokens,6.6654,normalized input + visible output tokens,0.005428191549295774647887323944,0.003004123943661971830985915493,private
view_b,high,500000,short,typical,measured,0,0.71,0.71,1,4447.0080,3586.4640,4.4640,32.400,72.00,3.1680,14.9760,2880.0,27.7938,provider-billed input + output tokens,22.4154,normalized input + visible output tokens,0.01252678309859154929577464789,0.01010271549295774647887323944,private
view_a,not_applicable,500000,short,typical,managed,5,0.76,0.71,1,1440.00,579.4560,,,,,,,9.00,provider-billed input + output tokens,3.6216,normalized input + visible output tokens,0.003789473684210526315789473684,0.001632270422535211267605633803,private
view_b,low,500000,short,typical,managed,5,0.76,0.71,1,1607.0080,746.4640,4.4640,32.400,72.00,3.1680,14.9760,40.00,10.0438,provider-billed input + output tokens,4.6654,normalized input + visible output tokens,0.004228968421052631578947368421,0.002102715492957746478873239437,private
view_b,typical,500000,short,typical,managed,5,0.76,0.71,1,1927.0080,1066.4640,4.4640,32.400,72.00,3.1680,14.9760,360.0,12.0438,provider-billed input + output tokens,6.6654,normalized input + visible output tokens,0.005071073684210526315789473684,0.003004123943661971830985915493,private
view_b,high,500000,short,typical,managed,5,0.76,0.71,1,4447.0080,3586.4640,4.4640,32.400,72.00,3.1680,14.9760,2880.0,27.7938,provider-billed input + output tokens,22.4154,normalized input + visible output tokens,0.01170265263157894736842105263,0.01010271549295774647887323944,private
view_a,not_applicable,500000,short,typical,private,5,0.71,0.76,1,1440.00,579.4560,,,,,,,9.00,provider-billed input + output tokens,3.6216,normalized input + visible output tokens,0.004056338028169014084507042254,0.001524884210526315789473684211,private
view_b,low,500000,short,typical,private,5,0.71,0.76,1,1607.0080,746.4640,4.4640,32.400,72.00,3.1680,14.9760,40.00,10.0438,provider-billed input + output tokens,4.6654,normalized input + visible output tokens,0.004526783098591549295774647887,0.001964378947368421052631578947,private
view_b,typical,500000,short,typical,private,5,0.71,0.76,1,1927.0080,1066.4640,4.4640,32.400,72.00,3.1680,14.9760,360.0,12.0438,provider-billed input + output tokens,6.6654,normalized input + visible output tokens,0.005428191549295774647887323944,0.002806484210526315789473684211,private
view_b,high,500000,short,typical,private,5,0.71,0.76,1,4447.0080,3586.4640,4.4640,32.400,72.00,3.1680,14.9760,2880.0,27.7938,provider-billed input + output tokens,22.4154,normalized input + visible output tokens,0.01252678309859154929577464789,0.009438063157894736842105263158,private
view_a,not_applicable,500000,short,high,managed,-5,0.66,0.71,1,1440.00,579.4560,,,,,,,9.00,provider-billed input + output tokens,3.6216,normalized input + visible output tokens,0.004363636363636363636363636364,0.001632270422535211267605633803,private
view_b,low,500000,short,high,managed,-5,0.66,0.71,1,1607.0080,746.4640,4.4640,32.400,72.00,3.1680,14.9760,40.00,10.0438,provider-billed input + output tokens,4.6654,normalized input + visible output tokens,0.004869721212121212121212121212,0.002102715492957746478873239437,private
view_b,typical,500000,short,high,managed,-5,0.66,0.71,1,1927.0080,1066.4640,4.4640,32.400,72.00,3.1680,14.9760,360.0,12.0438,provider-billed input + output tokens,6.6654,normalized input + visible output tokens,0.005839418181818181818181818182,0.003004123943661971830985915493,private
view_b,high,500000,short,high,managed,-5,0.66,0.71,1,4447.0080,3586.4640,4.4640,32.400,72.00,3.1680,14.9760,2880.0,27.7938,provider-billed input + output tokens,22.4154,normalized input + visible output tokens,0.01347578181818181818181818182,0.01010271549295774647887323944,private
view_a,not_applicable,500000,short,high,private,-5,0.71,0.66,1,1440.00,579.4560,,,,,,,9.00,provider-billed input + output tokens,3.6216,normalized input + visible output tokens,0.004056338028169014084507042254,0.001755927272727272727272727273,private
view_b,low,500000,short,high,private,-5,0.71,0.66,1,1607.0080,746.4640,4.4640,32.400,72.00,3.1680,14.9760,40.00,10.0438,provider-billed input + output tokens,4.6654,normalized input + visible output tokens,0.004526783098591549295774647887,0.002262012121212121212121212121,private
view_b,typical,500000,short,high,private,-5,0.71,0.66,1,1927.0080,1066.4640,4.4640,32.400,72.00,3.1680,14.9760,360.0,12.0438,provider-billed input + output tokens,6.6654,normalized input + visible output tokens,0.005428191549295774647887323944,0.003231709090909090909090909091,private
view_b,high,500000,short,high,private,-5,0.71,0.66,1,4447.0080,3586.4640,4.4640,32.400,72.00,3.1680,14.9760,2880.0,27.7938,provider-billed input + output tokens,22.4154,normalized input + visible output tokens,0.01252678309859154929577464789,0.01086807272727272727272727273,private
view_a,not_applicable,500000,short,high,measured,0,0.71,0.71,1,1440.00,579.4560,,,,,,,9.00,provider-billed input + output tokens,3.6216,normalized input + visible output tokens,0.004056338028169014084507042254,0.001632270422535211267605633803,private
view_b,low,500000,short,high,measured,0,0.71,0.71,1,1607.0080,746.4640,4.4640,32.400,72.00,3.1680,14.9760,40.00,10.0438,provider-billed input + output tokens,4.6654,normalized input + visible output tokens,0.004526783098591549295774647887,0.002102715492957746478873239437,private
view_b,typical,500000,short,high,measured,0,0.71,0.71,1,1927.0080,1066.4640,4.4640,32.400,72.00,3.1680,14.9760,360.0,12.0438,provider-billed input + output tokens,6.6654,normalized input + visible output tokens,0.005428191549295774647887323944,0.003004123943661971830985915493,private
view_b,high,500000,short,high,measured,0,0.71,0.71,1,4447.0080,3586.4640,4.4640,32.400,72.00,3.1680,14.9760,2880.0,27.7938,provider-billed input + output tokens,22.4154,normalized input + visible output tokens,0.01252678309859154929577464789,0.01010271549295774647887323944,private
view_a,not_applicable,500000,short,high,managed,5,0.76,0.71,1,1440.00,579.4560,,,,,,,9.00,provider-billed input + output tokens,3.6216,normalized input + visible output tokens,0.003789473684210526315789473684,0.001632270422535211267605633803,private
view_b,low,500000,short,high,managed,5,0.76,0.71,1,1607.0080,746.4640,4.4640,32.400,72.00,3.1680,14.9760,40.00,10.0438,provider-billed input + output tokens,4.6654,normalized input + visible output tokens,0.004228968421052631578947368421,0.002102715492957746478873239437,private
view_b,typical,500000,short,high,managed,5,0.76,0.71,1,1927.0080,1066.4640,4.4640,32.400,72.00,3.1680,14.9760,360.0,12.0438,provider-billed input + output tokens,6.6654,normalized input + visible output tokens,0.005071073684210526315789473684,0.003004123943661971830985915493,private
view_b,high,500000,short,high,managed,5,0.76,0.71,1,4447.0080,3586.4640,4.4640,32.400,72.00,3.1680,14.9760,2880.0,27.7938,provider-billed input + output tokens,22.4154,normalized input + visible output tokens,0.01170265263157894736842105263,0.01010271549295774647887323944,private
view_a,not_applicable,500000,short,high,private,5,0.71,0.76,1,1440.00,579.4560,,,,,,,9.00,provider-billed input + output tokens,3.6216,normalized input + visible output tokens,0.004056338028169014084507042254,0.001524884210526315789473684211,private
view_b,low,500000,short,high,private,5,0.71,0.76,1,1607.0080,746.4640,4.4640,32.400,72.00,3.1680,14.9760,40.00,10.0438,provider-billed input + output tokens,4.6654,normalized input + visible output tokens,0.004526783098591549295774647887,0.001964378947368421052631578947,private
view_b,typical,500000,short,high,private,5,0.71,0.76,1,1927.0080,1066.4640,4.4640,32.400,72.00,3.1680,14.9760,360.0,12.0438,provider-billed input + output tokens,6.6654,normalized input + visible output tokens,0.005428191549295774647887323944,0.002806484210526315789473684211,private
view_b,high,500000,short,high,private,5,0.71,0.76,1,4447.0080,3586.4640,4.4640,32.400,72.00,3.1680,14.9760,2880.0,27.7938,provider-billed input + output tokens,22.4154,normalized input + visible output tokens,0.01252678309859154929577464789,0.009438063157894736842105263158,private
view_a,not_applicable,500000,medium,low,managed,-5,0.66,0.71,5,5760.00,2897.2800,,,,,,,9.00,provider-billed input + output tokens,4.5270,normalized input + visible output tokens,0.01745454545454545454545454545,0.008161352112676056338028169014,private
view_b,low,500000,medium,low,managed,-5,0.66,0.71,5,5927.0080,3064.2880,4.4640,32.400,72.00,3.1680,14.9760,40.00,9.26095,provider-billed input + output tokens,4.78795,normalized input + visible output tokens,0.01796063030303030303030303030,0.008631797183098591549295774648,private
view_b,typical,500000,medium,low,managed,-5,0.66,0.71,5,6247.0080,3384.2880,4.4640,32.400,72.00,3.1680,14.9760,360.0,9.76095,provider-billed input + output tokens,5.28795,normalized input + visible output tokens,0.01893032727272727272727272727,0.009533205633802816901408450704,private
view_b,high,500000,medium,low,managed,-5,0.66,0.71,5,8767.0080,5904.2880,4.4640,32.400,72.00,3.1680,14.9760,2880.0,13.69845,provider-billed input + output tokens,9.22545,normalized input + visible output tokens,0.02656669090909090909090909091,0.01663179718309859154929577465,private
view_a,not_applicable,500000,medium,low,private,-5,0.71,0.66,5,5760.00,2897.2800,,,,,,,9.00,provider-billed input + output tokens,4.5270,normalized input + visible output tokens,0.01622535211267605633802816901,0.008779636363636363636363636364,private
view_b,low,500000,medium,low,private,-5,0.71,0.66,5,5927.0080,3064.2880,4.4640,32.400,72.00,3.1680,14.9760,40.00,9.26095,provider-billed input + output tokens,4.78795,normalized input + visible output tokens,0.01669579718309859154929577465,0.009285721212121212121212121212,private
view_b,typical,500000,medium,low,private,-5,0.71,0.66,5,6247.0080,3384.2880,4.4640,32.400,72.00,3.1680,14.9760,360.0,9.76095,provider-billed input + output tokens,5.28795,normalized input + visible output tokens,0.01759720563380281690140845070,0.01025541818181818181818181818,private
view_b,high,500000,medium,low,private,-5,0.71,0.66,5,8767.0080,5904.2880,4.4640,32.400,72.00,3.1680,14.9760,2880.0,13.69845,provider-billed input + output tokens,9.22545,normalized input + visible output tokens,0.02469579718309859154929577465,0.01789178181818181818181818182,private
view_a,not_applicable,500000,medium,low,measured,0,0.71,0.71,5,5760.00,2897.2800,,,,,,,9.00,provider-billed input + output tokens,4.5270,normalized input + visible output tokens,0.01622535211267605633802816901,0.008161352112676056338028169014,private
view_b,low,500000,medium,low,measured,0,0.71,0.71,5,5927.0080,3064.2880,4.4640,32.400,72.00,3.1680,14.9760,40.00,9.26095,provider-billed input + output tokens,4.78795,normalized input + visible output tokens,0.01669579718309859154929577465,0.008631797183098591549295774648,private
view_b,typical,500000,medium,low,measured,0,0.71,0.71,5,6247.0080,3384.2880,4.4640,32.400,72.00,3.1680,14.9760,360.0,9.76095,provider-billed input + output tokens,5.28795,normalized input + visible output tokens,0.01759720563380281690140845070,0.009533205633802816901408450704,private
view_b,high,500000,medium,low,measured,0,0.71,0.71,5,8767.0080,5904.2880,4.4640,32.400,72.00,3.1680,14.9760,2880.0,13.69845,provider-billed input + output tokens,9.22545,normalized input + visible output tokens,0.02469579718309859154929577465,0.01663179718309859154929577465,private
view_a,not_applicable,500000,medium,low,managed,5,0.76,0.71,5,5760.00,2897.2800,,,,,,,9.00,provider-billed input + output tokens,4.5270,normalized input + visible output tokens,0.01515789473684210526315789474,0.008161352112676056338028169014,private
view_b,low,500000,medium,low,managed,5,0.76,0.71,5,5927.0080,3064.2880,4.4640,32.400,72.00,3.1680,14.9760,40.00,9.26095,provider-billed input + output tokens,4.78795,normalized input + visible output tokens,0.01559738947368421052631578947,0.008631797183098591549295774648,private
view_b,typical,500000,medium,low,managed,5,0.76,0.71,5,6247.0080,3384.2880,4.4640,32.400,72.00,3.1680,14.9760,360.0,9.76095,provider-billed input + output tokens,5.28795,normalized input + visible output tokens,0.01643949473684210526315789474,0.009533205633802816901408450704,private
view_b,high,500000,medium,low,managed,5,0.76,0.71,5,8767.0080,5904.2880,4.4640,32.400,72.00,3.1680,14.9760,2880.0,13.69845,provider-billed input + output tokens,9.22545,normalized input + visible output tokens,0.02307107368421052631578947368,0.01663179718309859154929577465,private
view_a,not_applicable,500000,medium,low,private,5,0.71,0.76,5,5760.00,2897.2800,,,,,,,9.00,provider-billed input + output tokens,4.5270,normalized input + visible output tokens,0.01622535211267605633802816901,0.007624421052631578947368421053,private
view_b,low,500000,medium,low,private,5,0.71,0.76,5,5927.0080,3064.2880,4.4640,32.400,72.00,3.1680,14.9760,40.00,9.26095,provider-billed input + output tokens,4.78795,normalized input + visible output tokens,0.01669579718309859154929577465,0.008063915789473684210526315789,private
view_b,typical,500000,medium,low,private,5,0.71,0.76,5,6247.0080,3384.2880,4.4640,32.400,72.00,3.1680,14.9760,360.0,9.76095,provider-billed input + output tokens,5.28795,normalized input + visible output tokens,0.01759720563380281690140845070,0.008906021052631578947368421053,private
view_b,high,500000,medium,low,private,5,0.71,0.76,5,8767.0080,5904.2880,4.4640,32.400,72.00,3.1680,14.9760,2880.0,13.69845,provider-billed input + output tokens,9.22545,normalized input + visible output tokens,0.02469579718309859154929577465,0.0155376,private
view_a,not_applicable,500000,medium,typical,managed,-5,0.66,0.71,1,5760.00,579.4560,,,,,,,9.00,provider-billed input + output tokens,0.9054,normalized input + visible output tokens,0.01745454545454545454545454545,0.001632270422535211267605633803,private
view_b,low,500000,medium,typical,managed,-5,0.66,0.71,1,5927.0080,746.4640,4.4640,32.400,72.00,3.1680,14.9760,40.00,9.26095,provider-billed input + output tokens,1.16635,normalized input + visible output tokens,0.01796063030303030303030303030,0.002102715492957746478873239437,private
view_b,typical,500000,medium,typical,managed,-5,0.66,0.71,1,6247.0080,1066.4640,4.4640,32.400,72.00,3.1680,14.9760,360.0,9.76095,provider-billed input + output tokens,1.66635,normalized input + visible output tokens,0.01893032727272727272727272727,0.003004123943661971830985915493,private
view_b,high,500000,medium,typical,managed,-5,0.66,0.71,1,8767.0080,3586.4640,4.4640,32.400,72.00,3.1680,14.9760,2880.0,13.69845,provider-billed input + output tokens,5.60385,normalized input + visible output tokens,0.02656669090909090909090909091,0.01010271549295774647887323944,private
view_a,not_applicable,500000,medium,typical,private,-5,0.71,0.66,1,5760.00,579.4560,,,,,,,9.00,provider-billed input + output tokens,0.9054,normalized input + visible output tokens,0.01622535211267605633802816901,0.001755927272727272727272727273,private
view_b,low,500000,medium,typical,private,-5,0.71,0.66,1,5927.0080,746.4640,4.4640,32.400,72.00,3.1680,14.9760,40.00,9.26095,provider-billed input + output tokens,1.16635,normalized input + visible output tokens,0.01669579718309859154929577465,0.002262012121212121212121212121,private
view_b,typical,500000,medium,typical,private,-5,0.71,0.66,1,6247.0080,1066.4640,4.4640,32.400,72.00,3.1680,14.9760,360.0,9.76095,provider-billed input + output tokens,1.66635,normalized input + visible output tokens,0.01759720563380281690140845070,0.003231709090909090909090909091,private
view_b,high,500000,medium,typical,private,-5,0.71,0.66,1,8767.0080,3586.4640,4.4640,32.400,72.00,3.1680,14.9760,2880.0,13.69845,provider-billed input + output tokens,5.60385,normalized input + visible output tokens,0.02469579718309859154929577465,0.01086807272727272727272727273,private
view_a,not_applicable,500000,medium,typical,measured,0,0.71,0.71,1,5760.00,579.4560,,,,,,,9.00,provider-billed input + output tokens,0.9054,normalized input + visible output tokens,0.01622535211267605633802816901,0.001632270422535211267605633803,private
view_b,low,500000,medium,typical,measured,0,0.71,0.71,1,5927.0080,746.4640,4.4640,32.400,72.00,3.1680,14.9760,40.00,9.26095,provider-billed input + output tokens,1.16635,normalized input + visible output tokens,0.01669579718309859154929577465,0.002102715492957746478873239437,private
view_b,typical,500000,medium,typical,measured,0,0.71,0.71,1,6247.0080,1066.4640,4.4640,32.400,72.00,3.1680,14.9760,360.0,9.76095,provider-billed input + output tokens,1.66635,normalized input + visible output tokens,0.01759720563380281690140845070,0.003004123943661971830985915493,private
view_b,high,500000,medium,typical,measured,0,0.71,0.71,1,8767.0080,3586.4640,4.4640,32.400,72.00,3.1680,14.9760,2880.0,13.69845,provider-billed input + output tokens,5.60385,normalized input + visible output tokens,0.02469579718309859154929577465,0.01010271549295774647887323944,private
view_a,not_applicable,500000,medium,typical,managed,5,0.76,0.71,1,5760.00,579.4560,,,,,,,9.00,provider-billed input + output tokens,0.9054,normalized input + visible output tokens,0.01515789473684210526315789474,0.001632270422535211267605633803,private
view_b,low,500000,medium,typical,managed,5,0.76,0.71,1,5927.0080,746.4640,4.4640,32.400,72.00,3.1680,14.9760,40.00,9.26095,provider-billed input + output tokens,1.16635,normalized input + visible output tokens,0.01559738947368421052631578947,0.002102715492957746478873239437,private
view_b,typical,500000,medium,typical,managed,5,0.76,0.71,1,6247.0080,1066.4640,4.4640,32.400,72.00,3.1680,14.9760,360.0,9.76095,provider-billed input + output tokens,1.66635,normalized input + visible output tokens,0.01643949473684210526315789474,0.003004123943661971830985915493,private
view_b,high,500000,medium,typical,managed,5,0.76,0.71,1,8767.0080,3586.4640,4.4640,32.400,72.00,3.1680,14.9760,2880.0,13.69845,provider-billed input + output tokens,5.60385,normalized input + visible output tokens,0.02307107368421052631578947368,0.01010271549295774647887323944,private
view_a,not_applicable,500000,medium,typical,private,5,0.71,0.76,1,5760.00,579.4560,,,,,,,9.00,provider-billed input + output tokens,0.9054,normalized input + visible output tokens,0.01622535211267605633802816901,0.001524884210526315789473684211,private
view_b,low,500000,medium,typical,private,5,0.71,0.76,1,5927.0080,746.4640,4.4640,32.400,72.00,3.1680,14.9760,40.00,9.26095,provider-billed input + output tokens,1.16635,normalized input + visible output tokens,0.01669579718309859154929577465,0.001964378947368421052631578947,private
view_b,typical,500000,medium,typical,private,5,0.71,0.76,1,6247.0080,1066.4640,4.4640,32.400,72.00,3.1680,14.9760,360.0,9.76095,provider-billed input + output tokens,1.66635,normalized input + visible output tokens,0.01759720563380281690140845070,0.002806484210526315789473684211,private
view_b,high,500000,medium,typical,private,5,0.71,0.76,1,8767.0080,3586.4640,4.4640,32.400,72.00,3.1680,14.9760,2880.0,13.69845,provider-billed input + output tokens,5.60385,normalized input + visible output tokens,0.02469579718309859154929577465,0.009438063157894736842105263158,private
view_a,not_applicable,500000,medium,high,managed,-5,0.66,0.71,1,5760.00,579.4560,,,,,,,9.00,provider-billed input + output tokens,0.9054,normalized input + visible output tokens,0.01745454545454545454545454545,0.001632270422535211267605633803,private
view_b,low,500000,medium,high,managed,-5,0.66,0.71,1,5927.0080,746.4640,4.4640,32.400,72.00,3.1680,14.9760,40.00,9.26095,provider-billed input + output tokens,1.16635,normalized input + visible output tokens,0.01796063030303030303030303030,0.002102715492957746478873239437,private
view_b,typical,500000,medium,high,managed,-5,0.66,0.71,1,6247.0080,1066.4640,4.4640,32.400,72.00,3.1680,14.9760,360.0,9.76095,provider-billed input + output tokens,1.66635,normalized input + visible output tokens,0.01893032727272727272727272727,0.003004123943661971830985915493,private
view_b,high,500000,medium,high,managed,-5,0.66,0.71,1,8767.0080,3586.4640,4.4640,32.400,72.00,3.1680,14.9760,2880.0,13.69845,provider-billed input + output tokens,5.60385,normalized input + visible output tokens,0.02656669090909090909090909091,0.01010271549295774647887323944,private
view_a,not_applicable,500000,medium,high,private,-5,0.71,0.66,1,5760.00,579.4560,,,,,,,9.00,provider-billed input + output tokens,0.9054,normalized input + visible output tokens,0.01622535211267605633802816901,0.001755927272727272727272727273,private
view_b,low,500000,medium,high,private,-5,0.71,0.66,1,5927.0080,746.4640,4.4640,32.400,72.00,3.1680,14.9760,40.00,9.26095,provider-billed input + output tokens,1.16635,normalized input + visible output tokens,0.01669579718309859154929577465,0.002262012121212121212121212121,private
view_b,typical,500000,medium,high,private,-5,0.71,0.66,1,6247.0080,1066.4640,4.4640,32.400,72.00,3.1680,14.9760,360.0,9.76095,provider-billed input + output tokens,1.66635,normalized input + visible output tokens,0.01759720563380281690140845070,0.003231709090909090909090909091,private
view_b,high,500000,medium,high,private,-5,0.71,0.66,1,8767.0080,3586.4640,4.4640,32.400,72.00,3.1680,14.9760,2880.0,13.69845,provider-billed input + output tokens,5.60385,normalized input + visible output tokens,0.02469579718309859154929577465,0.01086807272727272727272727273,private
view_a,not_applicable,500000,medium,high,measured,0,0.71,0.71,1,5760.00,579.4560,,,,,,,9.00,provider-billed input + output tokens,0.9054,normalized input + visible output tokens,0.01622535211267605633802816901,0.001632270422535211267605633803,private
view_b,low,500000,medium,high,measured,0,0.71,0.71,1,5927.0080,746.4640,4.4640,32.400,72.00,3.1680,14.9760,40.00,9.26095,provider-billed input + output tokens,1.16635,normalized input + visible output tokens,0.01669579718309859154929577465,0.002102715492957746478873239437,private
view_b,typical,500000,medium,high,measured,0,0.71,0.71,1,6247.0080,1066.4640,4.4640,32.400,72.00,3.1680,14.9760,360.0,9.76095,provider-billed input + output tokens,1.66635,normalized input + visible output tokens,0.01759720563380281690140845070,0.003004123943661971830985915493,private
view_b,high,500000,medium,high,measured,0,0.71,0.71,1,8767.0080,3586.4640,4.4640,32.400,72.00,3.1680,14.9760,2880.0,13.69845,provider-billed input + output tokens,5.60385,normalized input + visible output tokens,0.02469579718309859154929577465,0.01010271549295774647887323944,private
view_a,not_applicable,500000,medium,high,managed,5,0.76,0.71,1,5760.00,579.4560,,,,,,,9.00,provider-billed input + output tokens,0.9054,normalized input + visible output tokens,0.01515789473684210526315789474,0.001632270422535211267605633803,private
view_b,low,500000,medium,high,managed,5,0.76,0.71,1,5927.0080,746.4640,4.4640,32.400,72.00,3.1680,14.9760,40.00,9.26095,provider-billed input + output tokens,1.16635,normalized input + visible output tokens,0.01559738947368421052631578947,0.002102715492957746478873239437,private
view_b,typical,500000,medium,high,managed,5,0.76,0.71,1,6247.0080,1066.4640,4.4640,32.400,72.00,3.1680,14.9760,360.0,9.76095,provider-billed input + output tokens,1.66635,normalized input + visible output tokens,0.01643949473684210526315789474,0.003004123943661971830985915493,private
view_b,high,500000,medium,high,managed,5,0.76,0.71,1,8767.0080,3586.4640,4.4640,32.400,72.00,3.1680,14.9760,2880.0,13.69845,provider-billed input + output tokens,5.60385,normalized input + visible output tokens,0.02307107368421052631578947368,0.01010271549295774647887323944,private
view_a,not_applicable,500000,medium,high,private,5,0.71,0.76,1,5760.00,579.4560,,,,,,,9.00,provider-billed input + output tokens,0.9054,normalized input + visible output tokens,0.01622535211267605633802816901,0.001524884210526315789473684211,private
view_b,low,500000,medium,high,private,5,0.71,0.76,1,5927.0080,746.4640,4.4640,32.400,72.00,3.1680,14.9760,40.00,9.26095,provider-billed input + output tokens,1.16635,normalized input + visible output tokens,0.01669579718309859154929577465,0.001964378947368421052631578947,private
view_b,typical,500000,medium,high,private,5,0.71,0.76,1,6247.0080,1066.4640,4.4640,32.400,72.00,3.1680,14.9760,360.0,9.76095,provider-billed input + output tokens,1.66635,normalized input + visible output tokens,0.01759720563380281690140845070,0.002806484210526315789473684211,private
view_b,high,500000,medium,high,private,5,0.71,0.76,1,8767.0080,3586.4640,4.4640,32.400,72.00,3.1680,14.9760,2880.0,13.69845,provider-billed input + output tokens,5.60385,normalized input + visible output tokens,0.02469579718309859154929577465,0.009438063157894736842105263158,private
view_a,not_applicable,1000000,short,low,managed,-5,0.66,0.71,10,2880.00,5794.5600,,,,,,,9.00,provider-billed input + output tokens,18.1080,normalized input + visible output tokens,0.004363636363636363636363636364,0.008161352112676056338028169014,managed
view_b,low,1000000,short,low,managed,-5,0.66,0.71,10,3047.0080,5961.5680,4.4640,32.400,72.00,3.1680,14.9760,40.00,9.5219,provider-billed input + output tokens,18.6299,normalized input + visible output tokens,0.004616678787878787878787878788,0.008396574647887323943661971831,managed
view_b,typical,1000000,short,low,managed,-5,0.66,0.71,10,3367.0080,6281.5680,4.4640,32.400,72.00,3.1680,14.9760,360.0,10.5219,provider-billed input + output tokens,19.6299,normalized input + visible output tokens,0.005101527272727272727272727273,0.008847278873239436619718309859,managed
view_b,high,1000000,short,low,managed,-5,0.66,0.71,10,5887.0080,8801.5680,4.4640,32.400,72.00,3.1680,14.9760,2880.0,18.3969,provider-billed input + output tokens,27.5049,normalized input + visible output tokens,0.008919709090909090909090909091,0.01239657464788732394366197183,managed
view_a,not_applicable,1000000,short,low,private,-5,0.71,0.66,10,2880.00,5794.5600,,,,,,,9.00,provider-billed input + output tokens,18.1080,normalized input + visible output tokens,0.004056338028169014084507042254,0.008779636363636363636363636364,managed
view_b,low,1000000,short,low,private,-5,0.71,0.66,10,3047.0080,5961.5680,4.4640,32.400,72.00,3.1680,14.9760,40.00,9.5219,provider-billed input + output tokens,18.6299,normalized input + visible output tokens,0.004291560563380281690140845070,0.009032678787878787878787878788,managed
view_b,typical,1000000,short,low,private,-5,0.71,0.66,10,3367.0080,6281.5680,4.4640,32.400,72.00,3.1680,14.9760,360.0,10.5219,provider-billed input + output tokens,19.6299,normalized input + visible output tokens,0.004742264788732394366197183099,0.009517527272727272727272727273,managed
view_b,high,1000000,short,low,private,-5,0.71,0.66,10,5887.0080,8801.5680,4.4640,32.400,72.00,3.1680,14.9760,2880.0,18.3969,provider-billed input + output tokens,27.5049,normalized input + visible output tokens,0.008291560563380281690140845070,0.01333570909090909090909090909,managed
view_a,not_applicable,1000000,short,low,measured,0,0.71,0.71,10,2880.00,5794.5600,,,,,,,9.00,provider-billed input + output tokens,18.1080,normalized input + visible output tokens,0.004056338028169014084507042254,0.008161352112676056338028169014,managed
view_b,low,1000000,short,low,measured,0,0.71,0.71,10,3047.0080,5961.5680,4.4640,32.400,72.00,3.1680,14.9760,40.00,9.5219,provider-billed input + output tokens,18.6299,normalized input + visible output tokens,0.004291560563380281690140845070,0.008396574647887323943661971831,managed
view_b,typical,1000000,short,low,measured,0,0.71,0.71,10,3367.0080,6281.5680,4.4640,32.400,72.00,3.1680,14.9760,360.0,10.5219,provider-billed input + output tokens,19.6299,normalized input + visible output tokens,0.004742264788732394366197183099,0.008847278873239436619718309859,managed
view_b,high,1000000,short,low,measured,0,0.71,0.71,10,5887.0080,8801.5680,4.4640,32.400,72.00,3.1680,14.9760,2880.0,18.3969,provider-billed input + output tokens,27.5049,normalized input + visible output tokens,0.008291560563380281690140845070,0.01239657464788732394366197183,managed
view_a,not_applicable,1000000,short,low,managed,5,0.76,0.71,10,2880.00,5794.5600,,,,,,,9.00,provider-billed input + output tokens,18.1080,normalized input + visible output tokens,0.003789473684210526315789473684,0.008161352112676056338028169014,managed
view_b,low,1000000,short,low,managed,5,0.76,0.71,10,3047.0080,5961.5680,4.4640,32.400,72.00,3.1680,14.9760,40.00,9.5219,provider-billed input + output tokens,18.6299,normalized input + visible output tokens,0.004009221052631578947368421053,0.008396574647887323943661971831,managed
view_b,typical,1000000,short,low,managed,5,0.76,0.71,10,3367.0080,6281.5680,4.4640,32.400,72.00,3.1680,14.9760,360.0,10.5219,provider-billed input + output tokens,19.6299,normalized input + visible output tokens,0.004430273684210526315789473684,0.008847278873239436619718309859,managed
view_b,high,1000000,short,low,managed,5,0.76,0.71,10,5887.0080,8801.5680,4.4640,32.400,72.00,3.1680,14.9760,2880.0,18.3969,provider-billed input + output tokens,27.5049,normalized input + visible output tokens,0.007746063157894736842105263158,0.01239657464788732394366197183,managed
view_a,not_applicable,1000000,short,low,private,5,0.71,0.76,10,2880.00,5794.5600,,,,,,,9.00,provider-billed input + output tokens,18.1080,normalized input + visible output tokens,0.004056338028169014084507042254,0.007624421052631578947368421053,managed
view_b,low,1000000,short,low,private,5,0.71,0.76,10,3047.0080,5961.5680,4.4640,32.400,72.00,3.1680,14.9760,40.00,9.5219,provider-billed input + output tokens,18.6299,normalized input + visible output tokens,0.004291560563380281690140845070,0.007844168421052631578947368421,managed
view_b,typical,1000000,short,low,private,5,0.71,0.76,10,3367.0080,6281.5680,4.4640,32.400,72.00,3.1680,14.9760,360.0,10.5219,provider-billed input + output tokens,19.6299,normalized input + visible output tokens,0.004742264788732394366197183099,0.008265221052631578947368421053,managed
view_b,high,1000000,short,low,private,5,0.71,0.76,10,5887.0080,8801.5680,4.4640,32.400,72.00,3.1680,14.9760,2880.0,18.3969,provider-billed input + output tokens,27.5049,normalized input + visible output tokens,0.008291560563380281690140845070,0.01158101052631578947368421053,managed
view_a,not_applicable,1000000,short,typical,managed,-5,0.66,0.71,2,2880.00,1158.9120,,,,,,,9.00,provider-billed input + output tokens,3.6216,normalized input + visible output tokens,0.004363636363636363636363636364,0.001632270422535211267605633803,private
view_b,low,1000000,short,typical,managed,-5,0.66,0.71,2,3047.0080,1325.9200,4.4640,32.400,72.00,3.1680,14.9760,40.00,9.5219,provider-billed input + output tokens,4.1435,normalized input + visible output tokens,0.004616678787878787878787878788,0.001867492957746478873239436620,private
view_b,typical,1000000,short,typical,managed,-5,0.66,0.71,2,3367.0080,1645.9200,4.4640,32.400,72.00,3.1680,14.9760,360.0,10.5219,provider-billed input + output tokens,5.1435,normalized input + visible output tokens,0.005101527272727272727272727273,0.002318197183098591549295774648,private
view_b,high,1000000,short,typical,managed,-5,0.66,0.71,2,5887.0080,4165.9200,4.4640,32.400,72.00,3.1680,14.9760,2880.0,18.3969,provider-billed input + output tokens,13.0185,normalized input + visible output tokens,0.008919709090909090909090909091,0.005867492957746478873239436620,private
view_a,not_applicable,1000000,short,typical,private,-5,0.71,0.66,2,2880.00,1158.9120,,,,,,,9.00,provider-billed input + output tokens,3.6216,normalized input + visible output tokens,0.004056338028169014084507042254,0.001755927272727272727272727273,private
view_b,low,1000000,short,typical,private,-5,0.71,0.66,2,3047.0080,1325.9200,4.4640,32.400,72.00,3.1680,14.9760,40.00,9.5219,provider-billed input + output tokens,4.1435,normalized input + visible output tokens,0.004291560563380281690140845070,0.002008969696969696969696969697,private
view_b,typical,1000000,short,typical,private,-5,0.71,0.66,2,3367.0080,1645.9200,4.4640,32.400,72.00,3.1680,14.9760,360.0,10.5219,provider-billed input + output tokens,5.1435,normalized input + visible output tokens,0.004742264788732394366197183099,0.002493818181818181818181818182,private
view_b,high,1000000,short,typical,private,-5,0.71,0.66,2,5887.0080,4165.9200,4.4640,32.400,72.00,3.1680,14.9760,2880.0,18.3969,provider-billed input + output tokens,13.0185,normalized input + visible output tokens,0.008291560563380281690140845070,0.006312,private
view_a,not_applicable,1000000,short,typical,measured,0,0.71,0.71,2,2880.00,1158.9120,,,,,,,9.00,provider-billed input + output tokens,3.6216,normalized input + visible output tokens,0.004056338028169014084507042254,0.001632270422535211267605633803,private
view_b,low,1000000,short,typical,measured,0,0.71,0.71,2,3047.0080,1325.9200,4.4640,32.400,72.00,3.1680,14.9760,40.00,9.5219,provider-billed input + output tokens,4.1435,normalized input + visible output tokens,0.004291560563380281690140845070,0.001867492957746478873239436620,private
view_b,typical,1000000,short,typical,measured,0,0.71,0.71,2,3367.0080,1645.9200,4.4640,32.400,72.00,3.1680,14.9760,360.0,10.5219,provider-billed input + output tokens,5.1435,normalized input + visible output tokens,0.004742264788732394366197183099,0.002318197183098591549295774648,private
view_b,high,1000000,short,typical,measured,0,0.71,0.71,2,5887.0080,4165.9200,4.4640,32.400,72.00,3.1680,14.9760,2880.0,18.3969,provider-billed input + output tokens,13.0185,normalized input + visible output tokens,0.008291560563380281690140845070,0.005867492957746478873239436620,private
view_a,not_applicable,1000000,short,typical,managed,5,0.76,0.71,2,2880.00,1158.9120,,,,,,,9.00,provider-billed input + output tokens,3.6216,normalized input + visible output tokens,0.003789473684210526315789473684,0.001632270422535211267605633803,private
view_b,low,1000000,short,typical,managed,5,0.76,0.71,2,3047.0080,1325.9200,4.4640,32.400,72.00,3.1680,14.9760,40.00,9.5219,provider-billed input + output tokens,4.1435,normalized input + visible output tokens,0.004009221052631578947368421053,0.001867492957746478873239436620,private
view_b,typical,1000000,short,typical,managed,5,0.76,0.71,2,3367.0080,1645.9200,4.4640,32.400,72.00,3.1680,14.9760,360.0,10.5219,provider-billed input + output tokens,5.1435,normalized input + visible output tokens,0.004430273684210526315789473684,0.002318197183098591549295774648,private
view_b,high,1000000,short,typical,managed,5,0.76,0.71,2,5887.0080,4165.9200,4.4640,32.400,72.00,3.1680,14.9760,2880.0,18.3969,provider-billed input + output tokens,13.0185,normalized input + visible output tokens,0.007746063157894736842105263158,0.005867492957746478873239436620,private
view_a,not_applicable,1000000,short,typical,private,5,0.71,0.76,2,2880.00,1158.9120,,,,,,,9.00,provider-billed input + output tokens,3.6216,normalized input + visible output tokens,0.004056338028169014084507042254,0.001524884210526315789473684211,private
view_b,low,1000000,short,typical,private,5,0.71,0.76,2,3047.0080,1325.9200,4.4640,32.400,72.00,3.1680,14.9760,40.00,9.5219,provider-billed input + output tokens,4.1435,normalized input + visible output tokens,0.004291560563380281690140845070,0.001744631578947368421052631579,private
view_b,typical,1000000,short,typical,private,5,0.71,0.76,2,3367.0080,1645.9200,4.4640,32.400,72.00,3.1680,14.9760,360.0,10.5219,provider-billed input + output tokens,5.1435,normalized input + visible output tokens,0.004742264788732394366197183099,0.002165684210526315789473684211,private
view_b,high,1000000,short,typical,private,5,0.71,0.76,2,5887.0080,4165.9200,4.4640,32.400,72.00,3.1680,14.9760,2880.0,18.3969,provider-billed input + output tokens,13.0185,normalized input + visible output tokens,0.008291560563380281690140845070,0.005481473684210526315789473684,private
view_a,not_applicable,1000000,short,high,managed,-5,0.66,0.71,1,2880.00,579.4560,,,,,,,9.00,provider-billed input + output tokens,1.8108,normalized input + visible output tokens,0.004363636363636363636363636364,0.0008161352112676056338028169014,private
view_b,low,1000000,short,high,managed,-5,0.66,0.71,1,3047.0080,746.4640,4.4640,32.400,72.00,3.1680,14.9760,40.00,9.5219,provider-billed input + output tokens,2.3327,normalized input + visible output tokens,0.004616678787878787878787878788,0.001051357746478873239436619718,private
view_b,typical,1000000,short,high,managed,-5,0.66,0.71,1,3367.0080,1066.4640,4.4640,32.400,72.00,3.1680,14.9760,360.0,10.5219,provider-billed input + output tokens,3.3327,normalized input + visible output tokens,0.005101527272727272727272727273,0.001502061971830985915492957746,private
view_b,high,1000000,short,high,managed,-5,0.66,0.71,1,5887.0080,3586.4640,4.4640,32.400,72.00,3.1680,14.9760,2880.0,18.3969,provider-billed input + output tokens,11.2077,normalized input + visible output tokens,0.008919709090909090909090909091,0.005051357746478873239436619718,private
view_a,not_applicable,1000000,short,high,private,-5,0.71,0.66,1,2880.00,579.4560,,,,,,,9.00,provider-billed input + output tokens,1.8108,normalized input + visible output tokens,0.004056338028169014084507042254,0.0008779636363636363636363636364,private
view_b,low,1000000,short,high,private,-5,0.71,0.66,1,3047.0080,746.4640,4.4640,32.400,72.00,3.1680,14.9760,40.00,9.5219,provider-billed input + output tokens,2.3327,normalized input + visible output tokens,0.004291560563380281690140845070,0.001131006060606060606060606061,private
view_b,typical,1000000,short,high,private,-5,0.71,0.66,1,3367.0080,1066.4640,4.4640,32.400,72.00,3.1680,14.9760,360.0,10.5219,provider-billed input + output tokens,3.3327,normalized input + visible output tokens,0.004742264788732394366197183099,0.001615854545454545454545454545,private
view_b,high,1000000,short,high,private,-5,0.71,0.66,1,5887.0080,3586.4640,4.4640,32.400,72.00,3.1680,14.9760,2880.0,18.3969,provider-billed input + output tokens,11.2077,normalized input + visible output tokens,0.008291560563380281690140845070,0.005434036363636363636363636364,private
view_a,not_applicable,1000000,short,high,measured,0,0.71,0.71,1,2880.00,579.4560,,,,,,,9.00,provider-billed input + output tokens,1.8108,normalized input + visible output tokens,0.004056338028169014084507042254,0.0008161352112676056338028169014,private
view_b,low,1000000,short,high,measured,0,0.71,0.71,1,3047.0080,746.4640,4.4640,32.400,72.00,3.1680,14.9760,40.00,9.5219,provider-billed input + output tokens,2.3327,normalized input + visible output tokens,0.004291560563380281690140845070,0.001051357746478873239436619718,private
view_b,typical,1000000,short,high,measured,0,0.71,0.71,1,3367.0080,1066.4640,4.4640,32.400,72.00,3.1680,14.9760,360.0,10.5219,provider-billed input + output tokens,3.3327,normalized input + visible output tokens,0.004742264788732394366197183099,0.001502061971830985915492957746,private
view_b,high,1000000,short,high,measured,0,0.71,0.71,1,5887.0080,3586.4640,4.4640,32.400,72.00,3.1680,14.9760,2880.0,18.3969,provider-billed input + output tokens,11.2077,normalized input + visible output tokens,0.008291560563380281690140845070,0.005051357746478873239436619718,private
view_a,not_applicable,1000000,short,high,managed,5,0.76,0.71,1,2880.00,579.4560,,,,,,,9.00,provider-billed input + output tokens,1.8108,normalized input + visible output tokens,0.003789473684210526315789473684,0.0008161352112676056338028169014,private
view_b,low,1000000,short,high,managed,5,0.76,0.71,1,3047.0080,746.4640,4.4640,32.400,72.00,3.1680,14.9760,40.00,9.5219,provider-billed input + output tokens,2.3327,normalized input + visible output tokens,0.004009221052631578947368421053,0.001051357746478873239436619718,private
view_b,typical,1000000,short,high,managed,5,0.76,0.71,1,3367.0080,1066.4640,4.4640,32.400,72.00,3.1680,14.9760,360.0,10.5219,provider-billed input + output tokens,3.3327,normalized input + visible output tokens,0.004430273684210526315789473684,0.001502061971830985915492957746,private
view_b,high,1000000,short,high,managed,5,0.76,0.71,1,5887.0080,3586.4640,4.4640,32.400,72.00,3.1680,14.9760,2880.0,18.3969,provider-billed input + output tokens,11.2077,normalized input + visible output tokens,0.007746063157894736842105263158,0.005051357746478873239436619718,private
view_a,not_applicable,1000000,short,high,private,5,0.71,0.76,1,2880.00,579.4560,,,,,,,9.00,provider-billed input + output tokens,1.8108,normalized input + visible output tokens,0.004056338028169014084507042254,0.0007624421052631578947368421053,private
view_b,low,1000000,short,high,private,5,0.71,0.76,1,3047.0080,746.4640,4.4640,32.400,72.00,3.1680,14.9760,40.00,9.5219,provider-billed input + output tokens,2.3327,normalized input + visible output tokens,0.004291560563380281690140845070,0.0009821894736842105263157894737,private
view_b,typical,1000000,short,high,private,5,0.71,0.76,1,3367.0080,1066.4640,4.4640,32.400,72.00,3.1680,14.9760,360.0,10.5219,provider-billed input + output tokens,3.3327,normalized input + visible output tokens,0.004742264788732394366197183099,0.001403242105263157894736842105,private
view_b,high,1000000,short,high,private,5,0.71,0.76,1,5887.0080,3586.4640,4.4640,32.400,72.00,3.1680,14.9760,2880.0,18.3969,provider-billed input + output tokens,11.2077,normalized input + visible output tokens,0.008291560563380281690140845070,0.004719031578947368421052631579,private
view_a,not_applicable,1000000,medium,low,managed,-5,0.66,0.71,10,11520.00,5794.5600,,,,,,,9.00,provider-billed input + output tokens,4.5270,normalized input + visible output tokens,0.01745454545454545454545454545,0.008161352112676056338028169014,private
view_b,low,1000000,medium,low,managed,-5,0.66,0.71,10,11687.0080,5961.5680,4.4640,32.400,72.00,3.1680,14.9760,40.00,9.130475,provider-billed input + output tokens,4.657475,normalized input + visible output tokens,0.01770758787878787878787878788,0.008396574647887323943661971831,private
view_b,typical,1000000,medium,low,managed,-5,0.66,0.71,10,12007.0080,6281.5680,4.4640,32.400,72.00,3.1680,14.9760,360.0,9.380475,provider-billed input + output tokens,4.907475,normalized input + visible output tokens,0.01819243636363636363636363636,0.008847278873239436619718309859,private
view_b,high,1000000,medium,low,managed,-5,0.66,0.71,10,14527.0080,8801.5680,4.4640,32.400,72.00,3.1680,14.9760,2880.0,11.349225,provider-billed input + output tokens,6.876225,normalized input + visible output tokens,0.02201061818181818181818181818,0.01239657464788732394366197183,private
view_a,not_applicable,1000000,medium,low,private,-5,0.71,0.66,10,11520.00,5794.5600,,,,,,,9.00,provider-billed input + output tokens,4.5270,normalized input + visible output tokens,0.01622535211267605633802816901,0.008779636363636363636363636364,private
view_b,low,1000000,medium,low,private,-5,0.71,0.66,10,11687.0080,5961.5680,4.4640,32.400,72.00,3.1680,14.9760,40.00,9.130475,provider-billed input + output tokens,4.657475,normalized input + visible output tokens,0.01646057464788732394366197183,0.009032678787878787878787878788,private
view_b,typical,1000000,medium,low,private,-5,0.71,0.66,10,12007.0080,6281.5680,4.4640,32.400,72.00,3.1680,14.9760,360.0,9.380475,provider-billed input + output tokens,4.907475,normalized input + visible output tokens,0.01691127887323943661971830986,0.009517527272727272727272727273,private
view_b,high,1000000,medium,low,private,-5,0.71,0.66,10,14527.0080,8801.5680,4.4640,32.400,72.00,3.1680,14.9760,2880.0,11.349225,provider-billed input + output tokens,6.876225,normalized input + visible output tokens,0.02046057464788732394366197183,0.01333570909090909090909090909,private
view_a,not_applicable,1000000,medium,low,measured,0,0.71,0.71,10,11520.00,5794.5600,,,,,,,9.00,provider-billed input + output tokens,4.5270,normalized input + visible output tokens,0.01622535211267605633802816901,0.008161352112676056338028169014,private
view_b,low,1000000,medium,low,measured,0,0.71,0.71,10,11687.0080,5961.5680,4.4640,32.400,72.00,3.1680,14.9760,40.00,9.130475,provider-billed input + output tokens,4.657475,normalized input + visible output tokens,0.01646057464788732394366197183,0.008396574647887323943661971831,private
view_b,typical,1000000,medium,low,measured,0,0.71,0.71,10,12007.0080,6281.5680,4.4640,32.400,72.00,3.1680,14.9760,360.0,9.380475,provider-billed input + output tokens,4.907475,normalized input + visible output tokens,0.01691127887323943661971830986,0.008847278873239436619718309859,private
view_b,high,1000000,medium,low,measured,0,0.71,0.71,10,14527.0080,8801.5680,4.4640,32.400,72.00,3.1680,14.9760,2880.0,11.349225,provider-billed input + output tokens,6.876225,normalized input + visible output tokens,0.02046057464788732394366197183,0.01239657464788732394366197183,private
view_a,not_applicable,1000000,medium,low,managed,5,0.76,0.71,10,11520.00,5794.5600,,,,,,,9.00,provider-billed input + output tokens,4.5270,normalized input + visible output tokens,0.01515789473684210526315789474,0.008161352112676056338028169014,private
view_b,low,1000000,medium,low,managed,5,0.76,0.71,10,11687.0080,5961.5680,4.4640,32.400,72.00,3.1680,14.9760,40.00,9.130475,provider-billed input + output tokens,4.657475,normalized input + visible output tokens,0.01537764210526315789473684211,0.008396574647887323943661971831,private
view_b,typical,1000000,medium,low,managed,5,0.76,0.71,10,12007.0080,6281.5680,4.4640,32.400,72.00,3.1680,14.9760,360.0,9.380475,provider-billed input + output tokens,4.907475,normalized input + visible output tokens,0.01579869473684210526315789474,0.008847278873239436619718309859,private
view_b,high,1000000,medium,low,managed,5,0.76,0.71,10,14527.0080,8801.5680,4.4640,32.400,72.00,3.1680,14.9760,2880.0,11.349225,provider-billed input + output tokens,6.876225,normalized input + visible output tokens,0.01911448421052631578947368421,0.01239657464788732394366197183,private
view_a,not_applicable,1000000,medium,low,private,5,0.71,0.76,10,11520.00,5794.5600,,,,,,,9.00,provider-billed input + output tokens,4.5270,normalized input + visible output tokens,0.01622535211267605633802816901,0.007624421052631578947368421053,private
view_b,low,1000000,medium,low,private,5,0.71,0.76,10,11687.0080,5961.5680,4.4640,32.400,72.00,3.1680,14.9760,40.00,9.130475,provider-billed input + output tokens,4.657475,normalized input + visible output tokens,0.01646057464788732394366197183,0.007844168421052631578947368421,private
view_b,typical,1000000,medium,low,private,5,0.71,0.76,10,12007.0080,6281.5680,4.4640,32.400,72.00,3.1680,14.9760,360.0,9.380475,provider-billed input + output tokens,4.907475,normalized input + visible output tokens,0.01691127887323943661971830986,0.008265221052631578947368421053,private
view_b,high,1000000,medium,low,private,5,0.71,0.76,10,14527.0080,8801.5680,4.4640,32.400,72.00,3.1680,14.9760,2880.0,11.349225,provider-billed input + output tokens,6.876225,normalized input + visible output tokens,0.02046057464788732394366197183,0.01158101052631578947368421053,private
view_a,not_applicable,1000000,medium,typical,managed,-5,0.66,0.71,2,11520.00,1158.9120,,,,,,,9.00,provider-billed input + output tokens,0.9054,normalized input + visible output tokens,0.01745454545454545454545454545,0.001632270422535211267605633803,private
view_b,low,1000000,medium,typical,managed,-5,0.66,0.71,2,11687.0080,1325.9200,4.4640,32.400,72.00,3.1680,14.9760,40.00,9.130475,provider-billed input + output tokens,1.035875,normalized input + visible output tokens,0.01770758787878787878787878788,0.001867492957746478873239436620,private
view_b,typical,1000000,medium,typical,managed,-5,0.66,0.71,2,12007.0080,1645.9200,4.4640,32.400,72.00,3.1680,14.9760,360.0,9.380475,provider-billed input + output tokens,1.285875,normalized input + visible output tokens,0.01819243636363636363636363636,0.002318197183098591549295774648,private
view_b,high,1000000,medium,typical,managed,-5,0.66,0.71,2,14527.0080,4165.9200,4.4640,32.400,72.00,3.1680,14.9760,2880.0,11.349225,provider-billed input + output tokens,3.254625,normalized input + visible output tokens,0.02201061818181818181818181818,0.005867492957746478873239436620,private
view_a,not_applicable,1000000,medium,typical,private,-5,0.71,0.66,2,11520.00,1158.9120,,,,,,,9.00,provider-billed input + output tokens,0.9054,normalized input + visible output tokens,0.01622535211267605633802816901,0.001755927272727272727272727273,private
view_b,low,1000000,medium,typical,private,-5,0.71,0.66,2,11687.0080,1325.9200,4.4640,32.400,72.00,3.1680,14.9760,40.00,9.130475,provider-billed input + output tokens,1.035875,normalized input + visible output tokens,0.01646057464788732394366197183,0.002008969696969696969696969697,private
view_b,typical,1000000,medium,typical,private,-5,0.71,0.66,2,12007.0080,1645.9200,4.4640,32.400,72.00,3.1680,14.9760,360.0,9.380475,provider-billed input + output tokens,1.285875,normalized input + visible output tokens,0.01691127887323943661971830986,0.002493818181818181818181818182,private
view_b,high,1000000,medium,typical,private,-5,0.71,0.66,2,14527.0080,4165.9200,4.4640,32.400,72.00,3.1680,14.9760,2880.0,11.349225,provider-billed input + output tokens,3.254625,normalized input + visible output tokens,0.02046057464788732394366197183,0.006312,private
view_a,not_applicable,1000000,medium,typical,measured,0,0.71,0.71,2,11520.00,1158.9120,,,,,,,9.00,provider-billed input + output tokens,0.9054,normalized input + visible output tokens,0.01622535211267605633802816901,0.001632270422535211267605633803,private
view_b,low,1000000,medium,typical,measured,0,0.71,0.71,2,11687.0080,1325.9200,4.4640,32.400,72.00,3.1680,14.9760,40.00,9.130475,provider-billed input + output tokens,1.035875,normalized input + visible output tokens,0.01646057464788732394366197183,0.001867492957746478873239436620,private
view_b,typical,1000000,medium,typical,measured,0,0.71,0.71,2,12007.0080,1645.9200,4.4640,32.400,72.00,3.1680,14.9760,360.0,9.380475,provider-billed input + output tokens,1.285875,normalized input + visible output tokens,0.01691127887323943661971830986,0.002318197183098591549295774648,private
view_b,high,1000000,medium,typical,measured,0,0.71,0.71,2,14527.0080,4165.9200,4.4640,32.400,72.00,3.1680,14.9760,2880.0,11.349225,provider-billed input + output tokens,3.254625,normalized input + visible output tokens,0.02046057464788732394366197183,0.005867492957746478873239436620,private
view_a,not_applicable,1000000,medium,typical,managed,5,0.76,0.71,2,11520.00,1158.9120,,,,,,,9.00,provider-billed input + output tokens,0.9054,normalized input + visible output tokens,0.01515789473684210526315789474,0.001632270422535211267605633803,private
view_b,low,1000000,medium,typical,managed,5,0.76,0.71,2,11687.0080,1325.9200,4.4640,32.400,72.00,3.1680,14.9760,40.00,9.130475,provider-billed input + output tokens,1.035875,normalized input + visible output tokens,0.01537764210526315789473684211,0.001867492957746478873239436620,private
view_b,typical,1000000,medium,typical,managed,5,0.76,0.71,2,12007.0080,1645.9200,4.4640,32.400,72.00,3.1680,14.9760,360.0,9.380475,provider-billed input + output tokens,1.285875,normalized input + visible output tokens,0.01579869473684210526315789474,0.002318197183098591549295774648,private
view_b,high,1000000,medium,typical,managed,5,0.76,0.71,2,14527.0080,4165.9200,4.4640,32.400,72.00,3.1680,14.9760,2880.0,11.349225,provider-billed input + output tokens,3.254625,normalized input + visible output tokens,0.01911448421052631578947368421,0.005867492957746478873239436620,private
view_a,not_applicable,1000000,medium,typical,private,5,0.71,0.76,2,11520.00,1158.9120,,,,,,,9.00,provider-billed input + output tokens,0.9054,normalized input + visible output tokens,0.01622535211267605633802816901,0.001524884210526315789473684211,private
view_b,low,1000000,medium,typical,private,5,0.71,0.76,2,11687.0080,1325.9200,4.4640,32.400,72.00,3.1680,14.9760,40.00,9.130475,provider-billed input + output tokens,1.035875,normalized input + visible output tokens,0.01646057464788732394366197183,0.001744631578947368421052631579,private
view_b,typical,1000000,medium,typical,private,5,0.71,0.76,2,12007.0080,1645.9200,4.4640,32.400,72.00,3.1680,14.9760,360.0,9.380475,provider-billed input + output tokens,1.285875,normalized input + visible output tokens,0.01691127887323943661971830986,0.002165684210526315789473684211,private
view_b,high,1000000,medium,typical,private,5,0.71,0.76,2,14527.0080,4165.9200,4.4640,32.400,72.00,3.1680,14.9760,2880.0,11.349225,provider-billed input + output tokens,3.254625,normalized input + visible output tokens,0.02046057464788732394366197183,0.005481473684210526315789473684,private
view_a,not_applicable,1000000,medium,high,managed,-5,0.66,0.71,1,11520.00,579.4560,,,,,,,9.00,provider-billed input + output tokens,0.4527,normalized input + visible output tokens,0.01745454545454545454545454545,0.0008161352112676056338028169014,private
view_b,low,1000000,medium,high,managed,-5,0.66,0.71,1,11687.0080,746.4640,4.4640,32.400,72.00,3.1680,14.9760,40.00,9.130475,provider-billed input + output tokens,0.583175,normalized input + visible output tokens,0.01770758787878787878787878788,0.001051357746478873239436619718,private
view_b,typical,1000000,medium,high,managed,-5,0.66,0.71,1,12007.0080,1066.4640,4.4640,32.400,72.00,3.1680,14.9760,360.0,9.380475,provider-billed input + output tokens,0.833175,normalized input + visible output tokens,0.01819243636363636363636363636,0.001502061971830985915492957746,private
view_b,high,1000000,medium,high,managed,-5,0.66,0.71,1,14527.0080,3586.4640,4.4640,32.400,72.00,3.1680,14.9760,2880.0,11.349225,provider-billed input + output tokens,2.801925,normalized input + visible output tokens,0.02201061818181818181818181818,0.005051357746478873239436619718,private
view_a,not_applicable,1000000,medium,high,private,-5,0.71,0.66,1,11520.00,579.4560,,,,,,,9.00,provider-billed input + output tokens,0.4527,normalized input + visible output tokens,0.01622535211267605633802816901,0.0008779636363636363636363636364,private
view_b,low,1000000,medium,high,private,-5,0.71,0.66,1,11687.0080,746.4640,4.4640,32.400,72.00,3.1680,14.9760,40.00,9.130475,provider-billed input + output tokens,0.583175,normalized input + visible output tokens,0.01646057464788732394366197183,0.001131006060606060606060606061,private
view_b,typical,1000000,medium,high,private,-5,0.71,0.66,1,12007.0080,1066.4640,4.4640,32.400,72.00,3.1680,14.9760,360.0,9.380475,provider-billed input + output tokens,0.833175,normalized input + visible output tokens,0.01691127887323943661971830986,0.001615854545454545454545454545,private
view_b,high,1000000,medium,high,private,-5,0.71,0.66,1,14527.0080,3586.4640,4.4640,32.400,72.00,3.1680,14.9760,2880.0,11.349225,provider-billed input + output tokens,2.801925,normalized input + visible output tokens,0.02046057464788732394366197183,0.005434036363636363636363636364,private
view_a,not_applicable,1000000,medium,high,measured,0,0.71,0.71,1,11520.00,579.4560,,,,,,,9.00,provider-billed input + output tokens,0.4527,normalized input + visible output tokens,0.01622535211267605633802816901,0.0008161352112676056338028169014,private
view_b,low,1000000,medium,high,measured,0,0.71,0.71,1,11687.0080,746.4640,4.4640,32.400,72.00,3.1680,14.9760,40.00,9.130475,provider-billed input + output tokens,0.583175,normalized input + visible output tokens,0.01646057464788732394366197183,0.001051357746478873239436619718,private
view_b,typical,1000000,medium,high,measured,0,0.71,0.71,1,12007.0080,1066.4640,4.4640,32.400,72.00,3.1680,14.9760,360.0,9.380475,provider-billed input + output tokens,0.833175,normalized input + visible output tokens,0.01691127887323943661971830986,0.001502061971830985915492957746,private
view_b,high,1000000,medium,high,measured,0,0.71,0.71,1,14527.0080,3586.4640,4.4640,32.400,72.00,3.1680,14.9760,2880.0,11.349225,provider-billed input + output tokens,2.801925,normalized input + visible output tokens,0.02046057464788732394366197183,0.005051357746478873239436619718,private
view_a,not_applicable,1000000,medium,high,managed,5,0.76,0.71,1,11520.00,579.4560,,,,,,,9.00,provider-billed input + output tokens,0.4527,normalized input + visible output tokens,0.01515789473684210526315789474,0.0008161352112676056338028169014,private
view_b,low,1000000,medium,high,managed,5,0.76,0.71,1,11687.0080,746.4640,4.4640,32.400,72.00,3.1680,14.9760,40.00,9.130475,provider-billed input + output tokens,0.583175,normalized input + visible output tokens,0.01537764210526315789473684211,0.001051357746478873239436619718,private
view_b,typical,1000000,medium,high,managed,5,0.76,0.71,1,12007.0080,1066.4640,4.4640,32.400,72.00,3.1680,14.9760,360.0,9.380475,provider-billed input + output tokens,0.833175,normalized input + visible output tokens,0.01579869473684210526315789474,0.001502061971830985915492957746,private
view_b,high,1000000,medium,high,managed,5,0.76,0.71,1,14527.0080,3586.4640,4.4640,32.400,72.00,3.1680,14.9760,2880.0,11.349225,provider-billed input + output tokens,2.801925,normalized input + visible output tokens,0.01911448421052631578947368421,0.005051357746478873239436619718,private
view_a,not_applicable,1000000,medium,high,private,5,0.71,0.76,1,11520.00,579.4560,,,,,,,9.00,provider-billed input + output tokens,0.4527,normalized input + visible output tokens,0.01622535211267605633802816901,0.0007624421052631578947368421053,private
view_b,low,1000000,medium,high,private,5,0.71,0.76,1,11687.0080,746.4640,4.4640,32.400,72.00,3.1680,14.9760,40.00,9.130475,provider-billed input + output tokens,0.583175,normalized input + visible output tokens,0.01646057464788732394366197183,0.0009821894736842105263157894737,private
view_b,typical,1000000,medium,high,private,5,0.71,0.76,1,12007.0080,1066.4640,4.4640,32.400,72.00,3.1680,14.9760,360.0,9.380475,provider-billed input + output tokens,0.833175,normalized input + visible output tokens,0.01691127887323943661971830986,0.001403242105263157894736842105,private
view_b,high,1000000,medium,high,private,5,0.71,0.76,1,14527.0080,3586.4640,4.4640,32.400,72.00,3.1680,14.9760,2880.0,11.349225,provider-billed input + output tokens,2.801925,normalized input + visible output tokens,0.02046057464788732394366197183,0.004719031578947368421052631579,private
