view,operations_sensitivity,monthly_requests,token_profile,utilization_tier,quality_sensitivity_path,quality_delta_points,managed_quality_rate,private_quality_rate,replicas,managed_total_usd,private_total_usd,gateway_runtime_usd,network_nat_usd,control_plane_usd,shared_storage_usd,observability_usd,operations_engineering_allocation_usd,managed_cost_per_1m_provider_billed_tokens_usd,managed_token_definition,private_cost_per_1m_normalized_tokens_usd,private_token_definition,managed_cost_per_correct_task_usd,private_cost_per_correct_task_usd,lower_cost_path
view_a,not_applicable,10000,short,low,managed,-5,0.5822222222222222,0.6322222222222222,1,28.80,579.4560,,,,,,,9.00,provider-billed input + output tokens,181.0800,normalized input + visible output tokens,0.004946564885496183394907056698,0.09165384885764499443423018832,managed
view_b,low,10000,short,low,managed,-5,0.5822222222222222,0.6322222222222222,1,195.8080,746.4640,4.4640,32.400,72.00,3.1680,14.9760,40.00,61.1900,provider-billed input + output tokens,233.2700,normalized input + visible output tokens,0.03363114503816794021492919993,0.1180698769771529039743366249,managed
view_b,typical,10000,short,low,managed,-5,0.5822222222222222,0.6322222222222222,1,515.8080,1066.4640,4.4640,32.400,72.00,3.1680,14.9760,360.0,161.1900,provider-billed input + output tokens,333.2700,normalized input + visible output tokens,0.08859297709923664460278538547,0.1686849912126537844880489003,managed
view_b,high,10000,short,low,managed,-5,0.5822222222222222,0.6322222222222222,1,3035.8080,3586.4640,4.4640,32.400,72.00,3.1680,14.9760,2880.0,948.6900,provider-billed input + output tokens,1120.7700,normalized input + visible output tokens,0.5214174045801526916571528466,0.5672790158172232185335330691,managed
view_a,not_applicable,10000,short,low,private,-5,0.6322222222222222,0.5822222222222222,1,28.80,579.4560,,,,,,,9.00,provider-billed input + output tokens,181.0800,normalized input + visible output tokens,0.004555360281195079246234104787,0.09952488549618320990552998077,managed
view_b,low,10000,short,low,private,-5,0.6322222222222222,0.5822222222222222,1,195.8080,746.4640,4.4640,32.400,72.00,3.1680,14.9760,40.00,61.1900,provider-billed input + output tokens,233.2700,normalized input + visible output tokens,0.03097138840070298878634054133,0.1282094656488549667255521240,managed
view_b,typical,10000,short,low,private,-5,0.6322222222222222,0.5822222222222222,1,515.8080,1066.4640,4.4640,32.400,72.00,3.1680,14.9760,360.0,161.1900,provider-billed input + output tokens,333.2700,normalized input + visible output tokens,0.08158650263620386930005281674,0.1831712977099236711134083095,managed
view_b,high,10000,short,low,private,-5,0.6322222222222222,0.5822222222222222,1,3035.8080,3586.4640,4.4640,32.400,72.00,3.1680,14.9760,2880.0,948.6900,provider-billed input + output tokens,1120.7700,normalized input + visible output tokens,0.4801805272407733033455369856,0.6159957251908397181677757706,managed
view_a,not_applicable,10000,short,low,measured,0,0.6322222222222222,0.6322222222222222,1,28.80,579.4560,,,,,,,9.00,provider-billed input + output tokens,181.0800,normalized input + visible output tokens,0.004555360281195079246234104787,0.09165384885764499443423018832,managed
view_b,low,10000,short,low,measured,0,0.6322222222222222,0.6322222222222222,1,195.8080,746.4640,4.4640,32.400,72.00,3.1680,14.9760,40.00,61.1900,provider-billed input + output tokens,233.2700,normalized input + visible output tokens,0.03097138840070298878634054133,0.1180698769771529039743366249,managed
view_b,typical,10000,short,low,measured,0,0.6322222222222222,0.6322222222222222,1,515.8080,1066.4640,4.4640,32.400,72.00,3.1680,14.9760,360.0,161.1900,provider-billed input + output tokens,333.2700,normalized input + visible output tokens,0.08158650263620386930005281674,0.1686849912126537844880489003,managed
view_b,high,10000,short,low,measured,0,0.6322222222222222,0.6322222222222222,1,3035.8080,3586.4640,4.4640,32.400,72.00,3.1680,14.9760,2880.0,948.6900,provider-billed input + output tokens,1120.7700,normalized input + visible output tokens,0.4801805272407733033455369856,0.5672790158172232185335330691,managed
view_a,not_applicable,10000,short,low,managed,5,0.6822222222222222,0.6322222222222222,1,28.80,579.4560,,,,,,,9.00,provider-billed input + output tokens,181.0800,normalized input + visible output tokens,0.004221498371335505023501575614,0.09165384885764499443423018832,managed
view_b,low,10000,short,low,managed,5,0.6822222222222222,0.6322222222222222,1,195.8080,746.4640,4.4640,32.400,72.00,3.1680,14.9760,40.00,61.1900,provider-billed input + output tokens,233.2700,normalized input + visible output tokens,0.02870149837133550582089571242,0.1180698769771529039743366249,managed
view_b,typical,10000,short,low,managed,5,0.6822222222222222,0.6322222222222222,1,515.8080,1066.4640,4.4640,32.400,72.00,3.1680,14.9760,360.0,161.1900,provider-billed input + output tokens,333.2700,normalized input + visible output tokens,0.07560703583061889497091321924,0.1686849912126537844880489003,managed
view_b,high,10000,short,low,managed,5,0.6822222222222222,0.6322222222222222,1,3035.8080,3586.4640,4.4640,32.400,72.00,3.1680,14.9760,2880.0,948.6900,provider-billed input + output tokens,1120.7700,normalized input + visible output tokens,0.4449881433224755845273010854,0.5672790158172232185335330691,managed
view_a,not_applicable,10000,short,low,private,5,0.6322222222222222,0.6822222222222222,1,28.80,579.4560,,,,,,,9.00,provider-billed input + output tokens,181.0800,normalized input + visible output tokens,0.004555360281195079246234104787,0.08493654723127036107285170134,managed
view_b,low,10000,short,low,private,5,0.6322222222222222,0.6822222222222222,1,195.8080,746.4640,4.4640,32.400,72.00,3.1680,14.9760,40.00,61.1900,provider-billed input + output tokens,233.2700,normalized input + visible output tokens,0.03097138840070298878634054133,0.1094165472312703618702458382,managed
view_b,typical,10000,short,low,private,5,0.6322222222222222,0.6822222222222222,1,515.8080,1066.4640,4.4640,32.400,72.00,3.1680,14.9760,360.0,161.1900,provider-billed input + output tokens,333.2700,normalized input + visible output tokens,0.08158650263620386930005281674,0.1563220846905537510202633450,managed
view_b,high,10000,short,low,private,5,0.6322222222222222,0.6822222222222222,1,3035.8080,3586.4640,4.4640,32.400,72.00,3.1680,14.9760,2880.0,948.6900,provider-billed input + output tokens,1120.7700,normalized input + visible output tokens,0.4801805272407733033455369856,0.5257031921824104405766512112,managed
view_a,not_applicable,10000,short,typical,managed,-5,0.5822222222222222,0.6322222222222222,1,28.80,579.4560,,,,,,,9.00,provider-billed input + output tokens,181.0800,normalized input + visible output tokens,0.004946564885496183394907056698,0.09165384885764499443423018832,managed
view_b,low,10000,short,typical,managed,-5,0.5822222222222222,0.6322222222222222,1,195.8080,746.4640,4.4640,32.400,72.00,3.1680,14.9760,40.00,61.1900,provider-billed input + output tokens,233.2700,normalized input + visible output tokens,0.03363114503816794021492919993,0.1180698769771529039743366249,managed
view_b,typical,10000,short,typical,managed,-5,0.5822222222222222,0.6322222222222222,1,515.8080,1066.4640,4.4640,32.400,72.00,3.1680,14.9760,360.0,161.1900,provider-billed input + output tokens,333.2700,normalized input + visible output tokens,0.08859297709923664460278538547,0.1686849912126537844880489003,managed
view_b,high,10000,short,typical,managed,-5,0.5822222222222222,0.6322222222222222,1,3035.8080,3586.4640,4.4640,32.400,72.00,3.1680,14.9760,2880.0,948.6900,provider-billed input + output tokens,1120.7700,normalized input + visible output tokens,0.5214174045801526916571528466,0.5672790158172232185335330691,managed
view_a,not_applicable,10000,short,typical,private,-5,0.6322222222222222,0.5822222222222222,1,28.80,579.4560,,,,,,,9.00,provider-billed input + output tokens,181.0800,normalized input + visible output tokens,0.004555360281195079246234104787,0.09952488549618320990552998077,managed
view_b,low,10000,short,typical,private,-5,0.6322222222222222,0.5822222222222222,1,195.8080,746.4640,4.4640,32.400,72.00,3.1680,14.9760,40.00,61.1900,provider-billed input + output tokens,233.2700,normalized input + visible output tokens,0.03097138840070298878634054133,0.1282094656488549667255521240,managed
view_b,typical,10000,short,typical,private,-5,0.6322222222222222,0.5822222222222222,1,515.8080,1066.4640,4.4640,32.400,72.00,3.1680,14.9760,360.0,161.1900,provider-billed input + output tokens,333.2700,normalized input + visible output tokens,0.08158650263620386930005281674,0.1831712977099236711134083095,managed
view_b,high,10000,short,typical,private,-5,0.6322222222222222,0.5822222222222222,1,3035.8080,3586.4640,4.4640,32.400,72.00,3.1680,14.9760,2880.0,948.6900,provider-billed input + output tokens,1120.7700,normalized input + visible output tokens,0.4801805272407733033455369856,0.6159957251908397181677757706,managed
view_a,not_applicable,10000,short,typical,measured,0,0.6322222222222222,0.6322222222222222,1,28.80,579.4560,,,,,,,9.00,provider-billed input + output tokens,181.0800,normalized input + visible output tokens,0.004555360281195079246234104787,0.09165384885764499443423018832,managed
view_b,low,10000,short,typical,measured,0,0.6322222222222222,0.6322222222222222,1,195.8080,746.4640,4.4640,32.400,72.00,3.1680,14.9760,40.00,61.1900,provider-billed input + output tokens,233.2700,normalized input + visible output tokens,0.03097138840070298878634054133,0.1180698769771529039743366249,managed
view_b,typical,10000,short,typical,measured,0,0.6322222222222222,0.6322222222222222,1,515.8080,1066.4640,4.4640,32.400,72.00,3.1680,14.9760,360.0,161.1900,provider-billed input + output tokens,333.2700,normalized input + visible output tokens,0.08158650263620386930005281674,0.1686849912126537844880489003,managed
view_b,high,10000,short,typical,measured,0,0.6322222222222222,0.6322222222222222,1,3035.8080,3586.4640,4.4640,32.400,72.00,3.1680,14.9760,2880.0,948.6900,provider-billed input + output tokens,1120.7700,normalized input + visible output tokens,0.4801805272407733033455369856,0.5672790158172232185335330691,managed
view_a,not_applicable,10000,short,typical,managed,5,0.6822222222222222,0.6322222222222222,1,28.80,579.4560,,,,,,,9.00,provider-billed input + output tokens,181.0800,normalized input + visible output tokens,0.004221498371335505023501575614,0.09165384885764499443423018832,managed
view_b,low,10000,short,typical,managed,5,0.6822222222222222,0.6322222222222222,1,195.8080,746.4640,4.4640,32.400,72.00,3.1680,14.9760,40.00,61.1900,provider-billed input + output tokens,233.2700,normalized input + visible output tokens,0.02870149837133550582089571242,0.1180698769771529039743366249,managed
view_b,typical,10000,short,typical,managed,5,0.6822222222222222,0.6322222222222222,1,515.8080,1066.4640,4.4640,32.400,72.00,3.1680,14.9760,360.0,161.1900,provider-billed input + output tokens,333.2700,normalized input + visible output tokens,0.07560703583061889497091321924,0.1686849912126537844880489003,managed
view_b,high,10000,short,typical,managed,5,0.6822222222222222,0.6322222222222222,1,3035.8080,3586.4640,4.4640,32.400,72.00,3.1680,14.9760,2880.0,948.6900,provider-billed input + output tokens,1120.7700,normalized input + visible output tokens,0.4449881433224755845273010854,0.5672790158172232185335330691,managed
view_a,not_applicable,10000,short,typical,private,5,0.6322222222222222,0.6822222222222222,1,28.80,579.4560,,,,,,,9.00,provider-billed input + output tokens,181.0800,normalized input + visible output tokens,0.004555360281195079246234104787,0.08493654723127036107285170134,managed
view_b,low,10000,short,typical,private,5,0.6322222222222222,0.6822222222222222,1,195.8080,746.4640,4.4640,32.400,72.00,3.1680,14.9760,40.00,61.1900,provider-billed input + output tokens,233.2700,normalized input + visible output tokens,0.03097138840070298878634054133,0.1094165472312703618702458382,managed
view_b,typical,10000,short,typical,private,5,0.6322222222222222,0.6822222222222222,1,515.8080,1066.4640,4.4640,32.400,72.00,3.1680,14.9760,360.0,161.1900,provider-billed input + output tokens,333.2700,normalized input + visible output tokens,0.08158650263620386930005281674,0.1563220846905537510202633450,managed
view_b,high,10000,short,typical,private,5,0.6322222222222222,0.6822222222222222,1,3035.8080,3586.4640,4.4640,32.400,72.00,3.1680,14.9760,2880.0,948.6900,provider-billed input + output tokens,1120.7700,normalized input + visible output tokens,0.4801805272407733033455369856,0.5257031921824104405766512112,managed
view_a,not_applicable,10000,short,high,managed,-5,0.5822222222222222,0.6322222222222222,1,28.80,579.4560,,,,,,,9.00,provider-billed input + output tokens,181.0800,normalized input + visible output tokens,0.004946564885496183394907056698,0.09165384885764499443423018832,managed
view_b,low,10000,short,high,managed,-5,0.5822222222222222,0.6322222222222222,1,195.8080,746.4640,4.4640,32.400,72.00,3.1680,14.9760,40.00,61.1900,provider-billed input + output tokens,233.2700,normalized input + visible output tokens,0.03363114503816794021492919993,0.1180698769771529039743366249,managed
view_b,typical,10000,short,high,managed,-5,0.5822222222222222,0.6322222222222222,1,515.8080,1066.4640,4.4640,32.400,72.00,3.1680,14.9760,360.0,161.1900,provider-billed input + output tokens,333.2700,normalized input + visible output tokens,0.08859297709923664460278538547,0.1686849912126537844880489003,managed
view_b,high,10000,short,high,managed,-5,0.5822222222222222,0.6322222222222222,1,3035.8080,3586.4640,4.4640,32.400,72.00,3.1680,14.9760,2880.0,948.6900,provider-billed input + output tokens,1120.7700,normalized input + visible output tokens,0.5214174045801526916571528466,0.5672790158172232185335330691,managed
view_a,not_applicable,10000,short,high,private,-5,0.6322222222222222,0.5822222222222222,1,28.80,579.4560,,,,,,,9.00,provider-billed input + output tokens,181.0800,normalized input + visible output tokens,0.004555360281195079246234104787,0.09952488549618320990552998077,managed
view_b,low,10000,short,high,private,-5,0.6322222222222222,0.5822222222222222,1,195.8080,746.4640,4.4640,32.400,72.00,3.1680,14.9760,40.00,61.1900,provider-billed input + output tokens,233.2700,normalized input + visible output tokens,0.03097138840070298878634054133,0.1282094656488549667255521240,managed
view_b,typical,10000,short,high,private,-5,0.6322222222222222,0.5822222222222222,1,515.8080,1066.4640,4.4640,32.400,72.00,3.1680,14.9760,360.0,161.1900,provider-billed input + output tokens,333.2700,normalized input + visible output tokens,0.08158650263620386930005281674,0.1831712977099236711134083095,managed
view_b,high,10000,short,high,private,-5,0.6322222222222222,0.5822222222222222,1,3035.8080,3586.4640,4.4640,32.400,72.00,3.1680,14.9760,2880.0,948.6900,provider-billed input + output tokens,1120.7700,normalized input + visible output tokens,0.4801805272407733033455369856,0.6159957251908397181677757706,managed
view_a,not_applicable,10000,short,high,measured,0,0.6322222222222222,0.6322222222222222,1,28.80,579.4560,,,,,,,9.00,provider-billed input + output tokens,181.0800,normalized input + visible output tokens,0.004555360281195079246234104787,0.09165384885764499443423018832,managed
view_b,low,10000,short,high,measured,0,0.6322222222222222,0.6322222222222222,1,195.8080,746.4640,4.4640,32.400,72.00,3.1680,14.9760,40.00,61.1900,provider-billed input + output tokens,233.2700,normalized input + visible output tokens,0.03097138840070298878634054133,0.1180698769771529039743366249,managed
view_b,typical,10000,short,high,measured,0,0.6322222222222222,0.6322222222222222,1,515.8080,1066.4640,4.4640,32.400,72.00,3.1680,14.9760,360.0,161.1900,provider-billed input + output tokens,333.2700,normalized input + visible output tokens,0.08158650263620386930005281674,0.1686849912126537844880489003,managed
view_b,high,10000,short,high,measured,0,0.6322222222222222,0.6322222222222222,1,3035.8080,3586.4640,4.4640,32.400,72.00,3.1680,14.9760,2880.0,948.6900,provider-billed input + output tokens,1120.7700,normalized input + visible output tokens,0.4801805272407733033455369856,0.5672790158172232185335330691,managed
view_a,not_applicable,10000,short,high,managed,5,0.6822222222222222,0.6322222222222222,1,28.80,579.4560,,,,,,,9.00,provider-billed input + output tokens,181.0800,normalized input + visible output tokens,0.004221498371335505023501575614,0.09165384885764499443423018832,managed
view_b,low,10000,short,high,managed,5,0.6822222222222222,0.6322222222222222,1,195.8080,746.4640,4.4640,32.400,72.00,3.1680,14.9760,40.00,61.1900,provider-billed input + output tokens,233.2700,normalized input + visible output tokens,0.02870149837133550582089571242,0.1180698769771529039743366249,managed
view_b,typical,10000,short,high,managed,5,0.6822222222222222,0.6322222222222222,1,515.8080,1066.4640,4.4640,32.400,72.00,3.1680,14.9760,360.0,161.1900,provider-billed input + output tokens,333.2700,normalized input + visible output tokens,0.07560703583061889497091321924,0.1686849912126537844880489003,managed
view_b,high,10000,short,high,managed,5,0.6822222222222222,0.6322222222222222,1,3035.8080,3586.4640,4.4640,32.400,72.00,3.1680,14.9760,2880.0,948.6900,provider-billed input + output tokens,1120.7700,normalized input + visible output tokens,0.4449881433224755845273010854,0.5672790158172232185335330691,managed
view_a,not_applicable,10000,short,high,private,5,0.6322222222222222,0.6822222222222222,1,28.80,579.4560,,,,,,,9.00,provider-billed input + output tokens,181.0800,normalized input + visible output tokens,0.004555360281195079246234104787,0.08493654723127036107285170134,managed
view_b,low,10000,short,high,private,5,0.6322222222222222,0.6822222222222222,1,195.8080,746.4640,4.4640,32.400,72.00,3.1680,14.9760,40.00,61.1900,provider-billed input + output tokens,233.2700,normalized input + visible output tokens,0.03097138840070298878634054133,0.1094165472312703618702458382,managed
view_b,typical,10000,short,high,private,5,0.6322222222222222,0.6822222222222222,1,515.8080,1066.4640,4.4640,32.400,72.00,3.1680,14.9760,360.0,161.1900,provider-billed input + output tokens,333.2700,normalized input + visible output tokens,0.08158650263620386930005281674,0.1563220846905537510202633450,managed
view_b,high,10000,short,high,private,5,0.6322222222222222,0.6822222222222222,1,3035.8080,3586.4640,4.4640,32.400,72.00,3.1680,14.9760,2880.0,948.6900,provider-billed input + output tokens,1120.7700,normalized input + visible output tokens,0.4801805272407733033455369856,0.5257031921824104405766512112,managed
view_a,not_applicable,10000,medium,low,managed,-5,0.5822222222222222,0.6322222222222222,1,115.20,579.4560,,,,,,,9.00,provider-billed input + output tokens,45.2700,normalized input + visible output tokens,0.01978625954198473357962822679,0.09165384885764499443423018832,managed
view_b,low,10000,medium,low,managed,-5,0.5822222222222222,0.6322222222222222,1,282.2080,746.4640,4.4640,32.400,72.00,3.1680,14.9760,40.00,22.0475,provider-billed input + output tokens,58.3175,normalized input + visible output tokens,0.04847083969465649039965037003,0.1180698769771529039743366249,managed
view_b,typical,10000,medium,low,managed,-5,0.5822222222222222,0.6322222222222222,1,602.2080,1066.4640,4.4640,32.400,72.00,3.1680,14.9760,360.0,47.0475,provider-billed input + output tokens,83.3175,normalized input + visible output tokens,0.1034326717557251947875065556,0.1686849912126537844880489003,managed
view_b,high,10000,medium,low,managed,-5,0.5822222222222222,0.6322222222222222,1,3122.2080,3586.4640,4.4640,32.400,72.00,3.1680,14.9760,2880.0,243.9225,provider-billed input + output tokens,280.1925,normalized input + visible output tokens,0.5362570992366412418418740167,0.5672790158172232185335330691,managed
view_a,not_applicable,10000,medium,low,private,-5,0.6322222222222222,0.5822222222222222,1,115.20,579.4560,,,,,,,9.00,provider-billed input + output tokens,45.2700,normalized input + visible output tokens,0.01822144112478031698493641915,0.09952488549618320990552998077,managed
view_b,low,10000,medium,low,private,-5,0.6322222222222222,0.5822222222222222,1,282.2080,746.4640,4.4640,32.400,72.00,3.1680,14.9760,40.00,22.0475,provider-billed input + output tokens,58.3175,normalized input + visible output tokens,0.04463746924428822652504285569,0.1282094656488549667255521240,managed
view_b,typical,10000,medium,low,private,-5,0.6322222222222222,0.5822222222222222,1,602.2080,1066.4640,4.4640,32.400,72.00,3.1680,14.9760,360.0,47.0475,provider-billed input + output tokens,83.3175,normalized input + visible output tokens,0.09525258347978910703875513110,0.1831712977099236711134083095,managed
view_b,high,10000,medium,low,private,-5,0.6322222222222222,0.5822222222222222,1,3122.2080,3586.4640,4.4640,32.400,72.00,3.1680,14.9760,2880.0,243.9225,provider-billed input + output tokens,280.1925,normalized input + visible output tokens,0.4938466080843585410842393000,0.6159957251908397181677757706,managed
view_a,not_applicable,10000,medium,low,measured,0,0.6322222222222222,0.6322222222222222,1,115.20,579.4560,,,,,,,9.00,provider-billed input + output tokens,45.2700,normalized input + visible output tokens,0.01822144112478031698493641915,0.09165384885764499443423018832,managed
view_b,low,10000,medium,low,measured,0,0.6322222222222222,0.6322222222222222,1,282.2080,746.4640,4.4640,32.400,72.00,3.1680,14.9760,40.00,22.0475,provider-billed input + output tokens,58.3175,normalized input + visible output tokens,0.04463746924428822652504285569,0.1180698769771529039743366249,managed
view_b,typical,10000,medium,low,measured,0,0.6322222222222222,0.6322222222222222,1,602.2080,1066.4640,4.4640,32.400,72.00,3.1680,14.9760,360.0,47.0475,provider-billed input + output tokens,83.3175,normalized input + visible output tokens,0.09525258347978910703875513110,0.1686849912126537844880489003,managed
view_b,high,10000,medium,low,measured,0,0.6322222222222222,0.6322222222222222,1,3122.2080,3586.4640,4.4640,32.400,72.00,3.1680,14.9760,2880.0,243.9225,provider-billed input + output tokens,280.1925,normalized input + visible output tokens,0.4938466080843585410842393000,0.5672790158172232185335330691,managed
view_a,not_applicable,10000,medium,low,managed,5,0.6822222222222222,0.6322222222222222,1,115.20,579.4560,,,,,,,9.00,provider-billed input + output tokens,45.2700,normalized input + visible output tokens,0.01688599348534202009400630245,0.09165384885764499443423018832,managed
view_b,low,10000,medium,low,managed,5,0.6822222222222222,0.6322222222222222,1,282.2080,746.4640,4.4640,32.400,72.00,3.1680,14.9760,40.00,22.0475,provider-billed input + output tokens,58.3175,normalized input + visible output tokens,0.04136599348534202089140043926,0.1180698769771529039743366249,managed
view_b,typical,10000,medium,low,managed,5,0.6822222222222222,0.6322222222222222,1,602.2080,1066.4640,4.4640,32.400,72.00,3.1680,14.9760,360.0,47.0475,provider-billed input + output tokens,83.3175,normalized input + visible output tokens,0.08827153094462541004141794608,0.1686849912126537844880489003,managed
view_b,high,10000,medium,low,managed,5,0.6822222222222222,0.6322222222222222,1,3122.2080,3586.4640,4.4640,32.400,72.00,3.1680,14.9760,2880.0,243.9225,provider-billed input + output tokens,280.1925,normalized input + visible output tokens,0.4576526384364820995978058123,0.5672790158172232185335330691,managed
view_a,not_applicable,10000,medium,low,private,5,0.6322222222222222,0.6822222222222222,1,115.20,579.4560,,,,,,,9.00,provider-billed input + output tokens,45.2700,normalized input + visible output tokens,0.01822144112478031698493641915,0.08493654723127036107285170134,managed
view_b,low,10000,medium,low,private,5,0.6322222222222222,0.6822222222222222,1,282.2080,746.4640,4.4640,32.400,72.00,3.1680,14.9760,40.00,22.0475,provider-billed input + output tokens,58.3175,normalized input + visible output tokens,0.04463746924428822652504285569,0.1094165472312703618702458382,managed
view_b,typical,10000,medium,low,private,5,0.6322222222222222,0.6822222222222222,1,602.2080,1066.4640,4.4640,32.400,72.00,3.1680,14.9760,360.0,47.0475,provider-billed input + output tokens,83.3175,normalized input + visible output tokens,0.09525258347978910703875513110,0.1563220846905537510202633450,managed
view_b,high,10000,medium,low,private,5,0.6322222222222222,0.6822222222222222,1,3122.2080,3586.4640,4.4640,32.400,72.00,3.1680,14.9760,2880.0,243.9225,provider-billed input + output tokens,280.1925,normalized input + visible output tokens,0.4938466080843585410842393000,0.5257031921824104405766512112,managed
view_a,not_applicable,10000,medium,typical,managed,-5,0.5822222222222222,0.6322222222222222,1,115.20,579.4560,,,,,,,9.00,provider-billed input + output tokens,45.2700,normalized input + visible output tokens,0.01978625954198473357962822679,0.09165384885764499443423018832,managed
view_b,low,10000,medium,typical,managed,-5,0.5822222222222222,0.6322222222222222,1,282.2080,746.4640,4.4640,32.400,72.00,3.1680,14.9760,40.00,22.0475,provider-billed input + output tokens,58.3175,normalized input + visible output tokens,0.04847083969465649039965037003,0.1180698769771529039743366249,managed
view_b,typical,10000,medium,typical,managed,-5,0.5822222222222222,0.6322222222222222,1,602.2080,1066.4640,4.4640,32.400,72.00,3.1680,14.9760,360.0,47.0475,provider-billed input + output tokens,83.3175,normalized input + visible output tokens,0.1034326717557251947875065556,0.1686849912126537844880489003,managed
view_b,high,10000,medium,typical,managed,-5,0.5822222222222222,0.6322222222222222,1,3122.2080,3586.4640,4.4640,32.400,72.00,3.1680,14.9760,2880.0,243.9225,provider-billed input + output tokens,280.1925,normalized input + visible output tokens,0.5362570992366412418418740167,0.5672790158172232185335330691,managed
view_a,not_applicable,10000,medium,typical,private,-5,0.6322222222222222,0.5822222222222222,1,115.20,579.4560,,,,,,,9.00,provider-billed input + output tokens,45.2700,normalized input + visible output tokens,0.01822144112478031698493641915,0.09952488549618320990552998077,managed
view_b,low,10000,medium,typical,private,-5,0.6322222222222222,0.5822222222222222,1,282.2080,746.4640,4.4640,32.400,72.00,3.1680,14.9760,40.00,22.0475,provider-billed input + output tokens,58.3175,normalized input + visible output tokens,0.04463746924428822652504285569,0.1282094656488549667255521240,managed
view_b,typical,10000,medium,typical,private,-5,0.6322222222222222,0.5822222222222222,1,602.2080,1066.4640,4.4640,32.400,72.00,3.1680,14.9760,360.0,47.0475,provider-billed input + output tokens,83.3175,normalized input + visible output tokens,0.09525258347978910703875513110,0.1831712977099236711134083095,managed
view_b,high,10000,medium,typical,private,-5,0.6322222222222222,0.5822222222222222,1,3122.2080,3586.4640,4.4640,32.400,72.00,3.1680,14.9760,2880.0,243.9225,provider-billed input + output tokens,280.1925,normalized input + visible output tokens,0.4938466080843585410842393000,0.6159957251908397181677757706,managed
view_a,not_applicable,10000,medium,typical,measured,0,0.6322222222222222,0.6322222222222222,1,115.20,579.4560,,,,,,,9.00,provider-billed input + output tokens,45.2700,normalized input + visible output tokens,0.01822144112478031698493641915,0.09165384885764499443423018832,managed
view_b,low,10000,medium,typical,measured,0,0.6322222222222222,0.6322222222222222,1,282.2080,746.4640,4.4640,32.400,72.00,3.1680,14.9760,40.00,22.0475,provider-billed input + output tokens,58.3175,normalized input + visible output tokens,0.04463746924428822652504285569,0.1180698769771529039743366249,managed
view_b,typical,10000,medium,typical,measured,0,0.6322222222222222,0.6322222222222222,1,602.2080,1066.4640,4.4640,32.400,72.00,3.1680,14.9760,360.0,47.0475,provider-billed input + output tokens,83.3175,normalized input + visible output tokens,0.09525258347978910703875513110,0.1686849912126537844880489003,managed
view_b,high,10000,medium,typical,measured,0,0.6322222222222222,0.6322222222222222,1,3122.2080,3586.4640,4.4640,32.400,72.00,3.1680,14.9760,2880.0,243.9225,provider-billed input + output tokens,280.1925,normalized input + visible output tokens,0.4938466080843585410842393000,0.5672790158172232185335330691,managed
view_a,not_applicable,10000,medium,typical,managed,5,0.6822222222222222,0.6322222222222222,1,115.20,579.4560,,,,,,,9.00,provider-billed input + output tokens,45.2700,normalized input + visible output tokens,0.01688599348534202009400630245,0.09165384885764499443423018832,managed
view_b,low,10000,medium,typical,managed,5,0.6822222222222222,0.6322222222222222,1,282.2080,746.4640,4.4640,32.400,72.00,3.1680,14.9760,40.00,22.0475,provider-billed input + output tokens,58.3175,normalized input + visible output tokens,0.04136599348534202089140043926,0.1180698769771529039743366249,managed
view_b,typical,10000,medium,typical,managed,5,0.6822222222222222,0.6322222222222222,1,602.2080,1066.4640,4.4640,32.400,72.00,3.1680,14.9760,360.0,47.0475,provider-billed input + output tokens,83.3175,normalized input + visible output tokens,0.08827153094462541004141794608,0.1686849912126537844880489003,managed
view_b,high,10000,medium,typical,managed,5,0.6822222222222222,0.6322222222222222,1,3122.2080,3586.4640,4.4640,32.400,72.00,3.1680,14.9760,2880.0,243.9225,provider-billed input + output tokens,280.1925,normalized input + visible output tokens,0.4576526384364820995978058123,0.5672790158172232185335330691,managed
view_a,not_applicable,10000,medium,typical,private,5,0.6322222222222222,0.6822222222222222,1,115.20,579.4560,,,,,,,9.00,provider-billed input + output tokens,45.2700,normalized input + visible output tokens,0.01822144112478031698493641915,0.08493654723127036107285170134,managed
view_b,low,10000,medium,typical,private,5,0.6322222222222222,0.6822222222222222,1,282.2080,746.4640,4.4640,32.400,72.00,3.1680,14.9760,40.00,22.0475,provider-billed input + output tokens,58.3175,normalized input + visible output tokens,0.04463746924428822652504285569,0.1094165472312703618702458382,managed
view_b,typical,10000,medium,typical,private,5,0.6322222222222222,0.6822222222222222,1,602.2080,1066.4640,4.4640,32.400,72.00,3.1680,14.9760,360.0,47.0475,provider-billed input + output tokens,83.3175,normalized input + visible output tokens,0.09525258347978910703875513110,0.1563220846905537510202633450,managed
view_b,high,10000,medium,typical,private,5,0.6322222222222222,0.6822222222222222,1,3122.2080,3586.4640,4.4640,32.400,72.00,3.1680,14.9760,2880.0,243.9225,provider-billed input + output tokens,280.1925,normalized input + visible output tokens,0.4938466080843585410842393000,0.5257031921824104405766512112,managed
view_a,not_applicable,10000,medium,high,managed,-5,0.5822222222222222,0.6322222222222222,1,115.20,579.4560,,,,,,,9.00,provider-billed input + output tokens,45.2700,normalized input + visible output tokens,0.01978625954198473357962822679,0.09165384885764499443423018832,managed
view_b,low,10000,medium,high,managed,-5,0.5822222222222222,0.6322222222222222,1,282.2080,746.4640,4.4640,32.400,72.00,3.1680,14.9760,40.00,22.0475,provider-billed input + output tokens,58.3175,normalized input + visible output tokens,0.04847083969465649039965037003,0.1180698769771529039743366249,managed
view_b,typical,10000,medium,high,managed,-5,0.5822222222222222,0.6322222222222222,1,602.2080,1066.4640,4.4640,32.400,72.00,3.1680,14.9760,360.0,47.0475,provider-billed input + output tokens,83.3175,normalized input + visible output tokens,0.1034326717557251947875065556,0.1686849912126537844880489003,managed
view_b,high,10000,medium,high,managed,-5,0.5822222222222222,0.6322222222222222,1,3122.2080,3586.4640,4.4640,32.400,72.00,3.1680,14.9760,2880.0,243.9225,provider-billed input + output tokens,280.1925,normalized input + visible output tokens,0.5362570992366412418418740167,0.5672790158172232185335330691,managed
view_a,not_applicable,10000,medium,high,private,-5,0.6322222222222222,0.5822222222222222,1,115.20,579.4560,,,,,,,9.00,provider-billed input + output tokens,45.2700,normalized input + visible output tokens,0.01822144112478031698493641915,0.09952488549618320990552998077,managed
view_b,low,10000,medium,high,private,-5,0.6322222222222222,0.5822222222222222,1,282.2080,746.4640,4.4640,32.400,72.00,3.1680,14.9760,40.00,22.0475,provider-billed input + output tokens,58.3175,normalized input + visible output tokens,0.04463746924428822652504285569,0.1282094656488549667255521240,managed
view_b,typical,10000,medium,high,private,-5,0.6322222222222222,0.5822222222222222,1,602.2080,1066.4640,4.4640,32.400,72.00,3.1680,14.9760,360.0,47.0475,provider-billed input + output tokens,83.3175,normalized input + visible output tokens,0.09525258347978910703875513110,0.1831712977099236711134083095,managed
view_b,high,10000,medium,high,private,-5,0.6322222222222222,0.5822222222222222,1,3122.2080,3586.4640,4.4640,32.400,72.00,3.1680,14.9760,2880.0,243.9225,provider-billed input + output tokens,280.1925,normalized input + visible output tokens,0.4938466080843585410842393000,0.6159957251908397181677757706,managed
view_a,not_applicable,10000,medium,high,measured,0,0.6322222222222222,0.6322222222222222,1,115.20,579.4560,,,,,,,9.00,provider-billed input + output tokens,45.2700,normalized input + visible output tokens,0.01822144112478031698493641915,0.09165384885764499443423018832,managed
view_b,low,10000,medium,high,measured,0,0.6322222222222222,0.6322222222222222,1,282.2080,746.4640,4.4640,32.400,72.00,3.1680,14.9760,40.00,22.0475,provider-billed input + output tokens,58.3175,normalized input + visible output tokens,0.04463746924428822652504285569,0.1180698769771529039743366249,managed
view_b,typical,10000,medium,high,measured,0,0.6322222222222222,0.6322222222222222,1,602.2080,1066.4640,4.4640,32.400,72.00,3.1680,14.9760,360.0,47.0475,provider-billed input + output tokens,83.3175,normalized input + visible output tokens,0.09525258347978910703875513110,0.1686849912126537844880489003,managed
view_b,high,10000,medium,high,measured,0,0.6322222222222222,0.6322222222222222,1,3122.2080,3586.4640,4.4640,32.400,72.00,3.1680,14.9760,2880.0,243.9225,provider-billed input + output tokens,280.1925,normalized input + visible output tokens,0.4938466080843585410842393000,0.5672790158172232185335330691,managed
view_a,not_applicable,10000,medium,high,managed,5,0.6822222222222222,0.6322222222222222,1,115.20,579.4560,,,,,,,9.00,provider-billed input + output tokens,45.2700,normalized input + visible output tokens,0.01688599348534202009400630245,0.09165384885764499443423018832,managed
view_b,low,10000,medium,high,managed,5,0.6822222222222222,0.6322222222222222,1,282.2080,746.4640,4.4640,32.400,72.00,3.1680,14.9760,40.00,22.0475,provider-billed input + output tokens,58.3175,normalized input + visible output tokens,0.04136599348534202089140043926,0.1180698769771529039743366249,managed
view_b,typical,10000,medium,high,managed,5,0.6822222222222222,0.6322222222222222,1,602.2080,1066.4640,4.4640,32.400,72.00,3.1680,14.9760,360.0,47.0475,provider-billed input + output tokens,83.3175,normalized input + visible output tokens,0.08827153094462541004141794608,0.1686849912126537844880489003,managed
view_b,high,10000,medium,high,managed,5,0.6822222222222222,0.6322222222222222,1,3122.2080,3586.4640,4.4640,32.400,72.00,3.1680,14.9760,2880.0,243.9225,provider-billed input + output tokens,280.1925,normalized input + visible output tokens,0.4576526384364820995978058123,0.5672790158172232185335330691,managed
view_a,not_applicable,10000,medium,high,private,5,0.6322222222222222,0.6822222222222222,1,115.20,579.4560,,,,,,,9.00,provider-billed input + output tokens,45.2700,normalized input + visible output tokens,0.01822144112478031698493641915,0.08493654723127036107285170134,managed
view_b,low,10000,medium,high,private,5,0.6322222222222222,0.6822222222222222,1,282.2080,746.4640,4.4640,32.400,72.00,3.1680,14.9760,40.00,22.0475,provider-billed input + output tokens,58.3175,normalized input + visible output tokens,0.04463746924428822652504285569,0.1094165472312703618702458382,managed
view_b,typical,10000,medium,high,private,5,0.6322222222222222,0.6822222222222222,1,602.2080,1066.4640,4.4640,32.400,72.00,3.1680,14.9760,360.0,47.0475,provider-billed input + output tokens,83.3175,normalized input + visible output tokens,0.09525258347978910703875513110,0.1563220846905537510202633450,managed
view_b,high,10000,medium,high,private,5,0.6322222222222222,0.6822222222222222,1,3122.2080,3586.4640,4.4640,32.400,72.00,3.1680,14.9760,2880.0,243.9225,provider-billed input + output tokens,280.1925,normalized input + visible output tokens,0.4938466080843585410842393000,0.5257031921824104405766512112,managed
view_a,not_applicable,50000,short,low,managed,-5,0.5822222222222222,0.6322222222222222,1,144.00,579.4560,,,,,,,9.00,provider-billed input + output tokens,36.2160,normalized input + visible output tokens,0.004946564885496183394907056698,0.01833076977152899888684603766,managed
view_b,low,50000,short,low,managed,-5,0.5822222222222222,0.6322222222222222,1,311.0080,746.4640,4.4640,32.400,72.00,3.1680,14.9760,40.00,19.4380,provider-billed input + output tokens,46.6540,normalized input + visible output tokens,0.01068348091603053475891148534,0.02361397539543058079486732497,managed
view_b,typical,50000,short,low,managed,-5,0.5822222222222222,0.6322222222222222,1,631.0080,1066.4640,4.4640,32.400,72.00,3.1680,14.9760,360.0,39.4380,provider-billed input + output tokens,66.6540,normalized input + visible output tokens,0.02167584732824427563648272245,0.03373699824253075689760978005,managed
view_b,high,50000,short,low,managed,-5,0.5822222222222222,0.6322222222222222,1,3151.0080,3586.4640,4.4640,32.400,72.00,3.1680,14.9760,2880.0,196.9380,provider-billed input + output tokens,224.1540,normalized input + visible output tokens,0.1082407328244274850473562147,0.1134558031634446437067066138,managed
view_a,not_applicable,50000,short,low,private,-5,0.6322222222222222,0.5822222222222222,1,144.00,579.4560,,,,,,,9.00,provider-billed input + output tokens,36.2160,normalized input + visible output tokens,0.004555360281195079246234104787,0.01990497709923664198110599615,managed
view_b,low,50000,short,low,private,-5,0.6322222222222222,0.5822222222222222,1,311.0080,746.4640,4.4640,32.400,72.00,3.1680,14.9760,40.00,19.4380,provider-billed input + output tokens,46.6540,normalized input + visible output tokens,0.009838565905096661154255392095,0.02564189312977099334511042480,managed
view_b,typical,50000,short,low,private,-5,0.6322222222222222,0.5822222222222222,1,631.0080,1066.4640,4.4640,32.400,72.00,3.1680,14.9760,360.0,39.4380,provider-billed input + output tokens,66.6540,normalized input + visible output tokens,0.01996158875219683725699784718,0.03663425954198473422268166191,managed
view_b,high,50000,short,low,private,-5,0.6322222222222222,0.5822222222222222,1,3151.0080,3586.4640,4.4640,32.400,72.00,3.1680,14.9760,2880.0,196.9380,provider-billed input + output tokens,224.1540,normalized input + visible output tokens,0.09968039367311072406609468095,0.1231991450381679436335551541,managed
view_a,not_applicable,50000,short,low,measured,0,0.6322222222222222,0.6322222222222222,1,144.00,579.4560,,,,,,,9.00,provider-billed input + output tokens,36.2160,normalized input + visible output tokens,0.004555360281195079246234104787,0.01833076977152899888684603766,managed
view_b,low,50000,short,low,measured,0,0.6322222222222222,0.6322222222222222,1,311.0080,746.4640,4.4640,32.400,72.00,3.1680,14.9760,40.00,19.4380,provider-billed input + output tokens,46.6540,normalized input + visible output tokens,0.009838565905096661154255392095,0.02361397539543058079486732497,managed
view_b,typical,50000,short,low,measured,0,0.6322222222222222,0.6322222222222222,1,631.0080,1066.4640,4.4640,32.400,72.00,3.1680,14.9760,360.0,39.4380,provider-billed input + output tokens,66.6540,normalized input + visible output tokens,0.01996158875219683725699784718,0.03373699824253075689760978005,managed
view_b,high,50000,short,low,measured,0,0.6322222222222222,0.6322222222222222,1,3151.0080,3586.4640,4.4640,32.400,72.00,3.1680,14.9760,2880.0,196.9380,provider-billed input + output tokens,224.1540,normalized input + visible output tokens,0.09968039367311072406609468095,0.1134558031634446437067066138,managed
view_a,not_applicable,50000,short,low,managed,5,0.6822222222222222,0.6322222222222222,1,144.00,579.4560,,,,,,,9.00,provider-billed input + output tokens,36.2160,normalized input + visible output tokens,0.004221498371335505023501575614,0.01833076977152899888684603766,managed
view_b,low,50000,short,low,managed,5,0.6822222222222222,0.6322222222222222,1,311.0080,746.4640,4.4640,32.400,72.00,3.1680,14.9760,40.00,19.4380,provider-billed input + output tokens,46.6540,normalized input + visible output tokens,0.009117498371335505182980402975,0.02361397539543058079486732497,managed
view_b,typical,50000,short,low,managed,5,0.6822222222222222,0.6322222222222222,1,631.0080,1066.4640,4.4640,32.400,72.00,3.1680,14.9760,360.0,39.4380,provider-billed input + output tokens,66.6540,normalized input + visible output tokens,0.01849860586319218301298390434,0.03373699824253075689760978005,managed
view_b,high,50000,short,low,managed,5,0.6822222222222222,0.6322222222222222,1,3151.0080,3586.4640,4.4640,32.400,72.00,3.1680,14.9760,2880.0,196.9380,provider-billed input + output tokens,224.1540,normalized input + visible output tokens,0.09237482736156352092426147758,0.1134558031634446437067066138,managed
view_a,not_applicable,50000,short,low,private,5,0.6322222222222222,0.6822222222222222,1,144.00,579.4560,,,,,,,9.00,provider-billed input + output tokens,36.2160,normalized input + visible output tokens,0.004555360281195079246234104787,0.01698730944625407221457034027,managed
view_b,low,50000,short,low,private,5,0.6322222222222222,0.6822222222222222,1,311.0080,746.4640,4.4640,32.400,72.00,3.1680,14.9760,40.00,19.4380,provider-billed input + output tokens,46.6540,normalized input + visible output tokens,0.009838565905096661154255392095,0.02188330944625407237404916763,managed
view_b,typical,50000,short,low,private,5,0.6322222222222222,0.6822222222222222,1,631.0080,1066.4640,4.4640,32.400,72.00,3.1680,14.9760,360.0,39.4380,provider-billed input + output tokens,66.6540,normalized input + visible output tokens,0.01996158875219683725699784718,0.03126441693811075020405266899,managed
view_b,high,50000,short,low,private,5,0.6322222222222222,0.6822222222222222,1,3151.0080,3586.4640,4.4640,32.400,72.00,3.1680,14.9760,2880.0,196.9380,provider-billed input + output tokens,224.1540,normalized input + visible output tokens,0.09968039367311072406609468095,0.1051406384364820881153302422,managed
view_a,not_applicable,50000,short,typical,managed,-5,0.5822222222222222,0.6322222222222222,1,144.00,579.4560,,,,,,,9.00,provider-billed input + output tokens,36.2160,normalized input + visible output tokens,0.004946564885496183394907056698,0.01833076977152899888684603766,managed
view_b,low,50000,short,typical,managed,-5,0.5822222222222222,0.6322222222222222,1,311.0080,746.4640,4.4640,32.400,72.00,3.1680,14.9760,40.00,19.4380,provider-billed input + output tokens,46.6540,normalized input + visible output tokens,0.01068348091603053475891148534,0.02361397539543058079486732497,managed
view_b,typical,50000,short,typical,managed,-5,0.5822222222222222,0.6322222222222222,1,631.0080,1066.4640,4.4640,32.400,72.00,3.1680,14.9760,360.0,39.4380,provider-billed input + output tokens,66.6540,normalized input + visible output tokens,0.02167584732824427563648272245,0.03373699824253075689760978005,managed
view_b,high,50000,short,typical,managed,-5,0.5822222222222222,0.6322222222222222,1,3151.0080,3586.4640,4.4640,32.400,72.00,3.1680,14.9760,2880.0,196.9380,provider-billed input + output tokens,224.1540,normalized input + visible output tokens,0.1082407328244274850473562147,0.1134558031634446437067066138,managed
view_a,not_applicable,50000,short,typical,private,-5,0.6322222222222222,0.5822222222222222,1,144.00,579.4560,,,,,,,9.00,provider-billed input + output tokens,36.2160,normalized input + visible output tokens,0.004555360281195079246234104787,0.01990497709923664198110599615,managed
view_b,low,50000,short,typical,private,-5,0.6322222222222222,0.5822222222222222,1,311.0080,746.4640,4.4640,32.400,72.00,3.1680,14.9760,40.00,19.4380,provider-billed input + output tokens,46.6540,normalized input + visible output tokens,0.009838565905096661154255392095,0.02564189312977099334511042480,managed
view_b,typical,50000,short,typical,private,-5,0.6322222222222222,0.5822222222222222,1,631.0080,1066.4640,4.4640,32.400,72.00,3.1680,14.9760,360.0,39.4380,provider-billed input + output tokens,66.6540,normalized input + visible output tokens,0.01996158875219683725699784718,0.03663425954198473422268166191,managed
view_b,high,50000,short,typical,private,-5,0.6322222222222222,0.5822222222222222,1,3151.0080,3586.4640,4.4640,32.400,72.00,3.1680,14.9760,2880.0,196.9380,provider-billed input + output tokens,224.1540,normalized input + visible output tokens,0.09968039367311072406609468095,0.1231991450381679436335551541,managed
view_a,not_applicable,50000,short,typical,measured,0,0.6322222222222222,0.6322222222222222,1,144.00,579.4560,,,,,,,9.00,provider-billed input + output tokens,36.2160,normalized input + visible output tokens,0.004555360281195079246234104787,0.01833076977152899888684603766,managed
view_b,low,50000,short,typical,measured,0,0.6322222222222222,0.6322222222222222,1,311.0080,746.4640,4.4640,32.400,72.00,3.1680,14.9760,40.00,19.4380,provider-billed input + output tokens,46.6540,normalized input + visible output tokens,0.009838565905096661154255392095,0.02361397539543058079486732497,managed
view_b,typical,50000,short,typical,measured,0,0.6322222222222222,0.6322222222222222,1,631.0080,1066.4640,4.4640,32.400,72.00,3.1680,14.9760,360.0,39.4380,provider-billed input + output tokens,66.6540,normalized input + visible output tokens,0.01996158875219683725699784718,0.03373699824253075689760978005,managed
view_b,high,50000,short,typical,measured,0,0.6322222222222222,0.6322222222222222,1,3151.0080,3586.4640,4.4640,32.400,72.00,3.1680,14.9760,2880.0,196.9380,provider-billed input + output tokens,224.1540,normalized input + visible output tokens,0.09968039367311072406609468095,0.1134558031634446437067066138,managed
view_a,not_applicable,50000,short,typical,managed,5,0.6822222222222222,0.6322222222222222,1,144.00,579.4560,,,,,,,9.00,provider-billed input + output tokens,36.2160,normalized input + visible output tokens,0.004221498371335505023501575614,0.01833076977152899888684603766,managed
view_b,low,50000,short,typical,managed,5,0.6822222222222222,0.6322222222222222,1,311.0080,746.4640,4.4640,32.400,72.00,3.1680,14.9760,40.00,19.4380,provider-billed input + output tokens,46.6540,normalized input + visible output tokens,0.009117498371335505182980402975,0.02361397539543058079486732497,managed
view_b,typical,50000,short,typical,managed,5,0.6822222222222222,0.6322222222222222,1,631.0080,1066.4640,4.4640,32.400,72.00,3.1680,14.9760,360.0,39.4380,provider-billed input + output tokens,66.6540,normalized input + visible output tokens,0.01849860586319218301298390434,0.03373699824253075689760978005,managed
view_b,high,50000,short,typical,managed,5,0.6822222222222222,0.6322222222222222,1,3151.0080,3586.4640,4.4640,32.400,72.00,3.1680,14.9760,2880.0,196.9380,provider-billed input + output tokens,224.1540,normalized input + visible output tokens,0.09237482736156352092426147758,0.1134558031634446437067066138,managed
view_a,not_applicable,50000,short,typical,private,5,0.6322222222222222,0.6822222222222222,1,144.00,579.4560,,,,,,,9.00,provider-billed input + output tokens,36.2160,normalized input + visible output tokens,0.004555360281195079246234104787,0.01698730944625407221457034027,managed
view_b,low,50000,short,typical,private,5,0.6322222222222222,0.6822222222222222,1,311.0080,746.4640,4.4640,32.400,72.00,3.1680,14.9760,40.00,19.4380,provider-billed input + output tokens,46.6540,normalized input + visible output tokens,0.009838565905096661154255392095,0.02188330944625407237404916763,managed
view_b,typical,50000,short,typical,private,5,0.6322222222222222,0.6822222222222222,1,631.0080,1066.4640,4.4640,32.400,72.00,3.1680,14.9760,360.0,39.4380,provider-billed input + output tokens,66.6540,normalized input + visible output tokens,0.01996158875219683725699784718,0.03126441693811075020405266899,managed
view_b,high,50000,short,typical,private,5,0.6322222222222222,0.6822222222222222,1,3151.0080,3586.4640,4.4640,32.400,72.00,3.1680,14.9760,2880.0,196.9380,provider-billed input + output tokens,224.1540,normalized input + visible output tokens,0.09968039367311072406609468095,0.1051406384364820881153302422,managed
view_a,not_applicable,50000,short,high,managed,-5,0.5822222222222222,0.6322222222222222,1,144.00,579.4560,,,,,,,9.00,provider-billed input + output tokens,36.2160,normalized input + visible output tokens,0.004946564885496183394907056698,0.01833076977152899888684603766,managed
view_b,low,50000,short,high,managed,-5,0.5822222222222222,0.6322222222222222,1,311.0080,746.4640,4.4640,32.400,72.00,3.1680,14.9760,40.00,19.4380,provider-billed input + output tokens,46.6540,normalized input + visible output tokens,0.01068348091603053475891148534,0.02361397539543058079486732497,managed
view_b,typical,50000,short,high,managed,-5,0.5822222222222222,0.6322222222222222,1,631.0080,1066.4640,4.4640,32.400,72.00,3.1680,14.9760,360.0,39.4380,provider-billed input + output tokens,66.6540,normalized input + visible output tokens,0.02167584732824427563648272245,0.03373699824253075689760978005,managed
view_b,high,50000,short,high,managed,-5,0.5822222222222222,0.6322222222222222,1,3151.0080,3586.4640,4.4640,32.400,72.00,3.1680,14.9760,2880.0,196.9380,provider-billed input + output tokens,224.1540,normalized input + visible output tokens,0.1082407328244274850473562147,0.1134558031634446437067066138,managed
view_a,not_applicable,50000,short,high,private,-5,0.6322222222222222,0.5822222222222222,1,144.00,579.4560,,,,,,,9.00,provider-billed input + output tokens,36.2160,normalized input + visible output tokens,0.004555360281195079246234104787,0.01990497709923664198110599615,managed
view_b,low,50000,short,high,private,-5,0.6322222222222222,0.5822222222222222,1,311.0080,746.4640,4.4640,32.400,72.00,3.1680,14.9760,40.00,19.4380,provider-billed input + output tokens,46.6540,normalized input + visible output tokens,0.009838565905096661154255392095,0.02564189312977099334511042480,managed
view_b,typical,50000,short,high,private,-5,0.6322222222222222,0.5822222222222222,1,631.0080,1066.4640,4.4640,32.400,72.00,3.1680,14.9760,360.0,39.4380,provider-billed input + output tokens,66.6540,normalized input + visible output tokens,0.01996158875219683725699784718,0.03663425954198473422268166191,managed
view_b,high,50000,short,high,private,-5,0.6322222222222222,0.5822222222222222,1,3151.0080,3586.4640,4.4640,32.400,72.00,3.1680,14.9760,2880.0,196.9380,provider-billed input + output tokens,224.1540,normalized input + visible output tokens,0.09968039367311072406609468095,0.1231991450381679436335551541,managed
view_a,not_applicable,50000,short,high,measured,0,0.6322222222222222,0.6322222222222222,1,144.00,579.4560,,,,,,,9.00,provider-billed input + output tokens,36.2160,normalized input + visible output tokens,0.004555360281195079246234104787,0.01833076977152899888684603766,managed
view_b,low,50000,short,high,measured,0,0.6322222222222222,0.6322222222222222,1,311.0080,746.4640,4.4640,32.400,72.00,3.1680,14.9760,40.00,19.4380,provider-billed input + output tokens,46.6540,normalized input + visible output tokens,0.009838565905096661154255392095,0.02361397539543058079486732497,managed
view_b,typical,50000,short,high,measured,0,0.6322222222222222,0.6322222222222222,1,631.0080,1066.4640,4.4640,32.400,72.00,3.1680,14.9760,360.0,39.4380,provider-billed input + output tokens,66.6540,normalized input + visible output tokens,0.01996158875219683725699784718,0.03373699824253075689760978005,managed
view_b,high,50000,short,high,measured,0,0.6322222222222222,0.6322222222222222,1,3151.0080,3586.4640,4.4640,32.400,72.00,3.1680,14.9760,2880.0,196.9380,provider-billed input + output tokens,224.1540,normalized input + visible output tokens,0.09968039367311072406609468095,0.1134558031634446437067066138,managed
view_a,not_applicable,50000,short,high,managed,5,0.6822222222222222,0.6322222222222222,1,144.00,579.4560,,,,,,,9.00,provider-billed input + output tokens,36.2160,normalized input + visible output tokens,0.004221498371335505023501575614,0.01833076977152899888684603766,managed
view_b,low,50000,short,high,managed,5,0.6822222222222222,0.6322222222222222,1,311.0080,746.4640,4.4640,32.400,72.00,3.1680,14.9760,40.00,19.4380,provider-billed input + output tokens,46.6540,normalized input + visible output tokens,0.009117498371335505182980402975,0.02361397539543058079486732497,managed
view_b,typical,50000,short,high,managed,5,0.6822222222222222,0.6322222222222222,1,631.0080,1066.4640,4.4640,32.400,72.00,3.1680,14.9760,360.0,39.4380,provider-billed input + output tokens,66.6540,normalized input + visible output tokens,0.01849860586319218301298390434,0.03373699824253075689760978005,managed
view_b,high,50000,short,high,managed,5,0.6822222222222222,0.6322222222222222,1,3151.0080,3586.4640,4.4640,32.400,72.00,3.1680,14.9760,2880.0,196.9380,provider-billed input + output tokens,224.1540,normalized input + visible output tokens,0.09237482736156352092426147758,0.1134558031634446437067066138,managed
view_a,not_applicable,50000,short,high,private,5,0.6322222222222222,0.6822222222222222,1,144.00,579.4560,,,,,,,9.00,provider-billed input + output tokens,36.2160,normalized input + visible output tokens,0.004555360281195079246234104787,0.01698730944625407221457034027,managed
view_b,low,50000,short,high,private,5,0.6322222222222222,0.6822222222222222,1,311.0080,746.4640,4.4640,32.400,72.00,3.1680,14.9760,40.00,19.4380,provider-billed input + output tokens,46.6540,normalized input + visible output tokens,0.009838565905096661154255392095,0.02188330944625407237404916763,managed
view_b,typical,50000,short,high,private,5,0.6322222222222222,0.6822222222222222,1,631.0080,1066.4640,4.4640,32.400,72.00,3.1680,14.9760,360.0,39.4380,provider-billed input + output tokens,66.6540,normalized input + visible output tokens,0.01996158875219683725699784718,0.03126441693811075020405266899,managed
view_b,high,50000,short,high,private,5,0.6322222222222222,0.6822222222222222,1,3151.0080,3586.4640,4.4640,32.400,72.00,3.1680,14.9760,2880.0,196.9380,provider-billed input + output tokens,224.1540,normalized input + visible output tokens,0.09968039367311072406609468095,0.1051406384364820881153302422,managed
view_a,not_applicable,50000,medium,low,managed,-5,0.5822222222222222,0.6322222222222222,1,576.00,579.4560,,,,,,,9.00,provider-billed input + output tokens,9.0540,normalized input + visible output tokens,0.01978625954198473357962822679,0.01833076977152899888684603766,private
view_b,low,50000,medium,low,managed,-5,0.5822222222222222,0.6322222222222222,1,743.0080,746.4640,4.4640,32.400,72.00,3.1680,14.9760,40.00,11.6095,provider-billed input + output tokens,11.6635,normalized input + visible output tokens,0.02552317557251908494363265544,0.02361397539543058079486732497,private
view_b,typical,50000,medium,low,managed,-5,0.5822222222222222,0.6322222222222222,1,1063.0080,1066.4640,4.4640,32.400,72.00,3.1680,14.9760,360.0,16.6095,provider-billed input + output tokens,16.6635,normalized input + visible output tokens,0.03651554198473282582120389255,0.03373699824253075689760978005,private
view_b,high,50000,medium,low,managed,-5,0.5822222222222222,0.6322222222222222,1,3583.0080,3586.4640,4.4640,32.400,72.00,3.1680,14.9760,2880.0,55.9845,provider-billed input + output tokens,56.0385,normalized input + visible output tokens,0.1230804274809160352320773848,0.1134558031634446437067066138,private
view_a,not_applicable,50000,medium,low,private,-5,0.6322222222222222,0.5822222222222222,1,576.00,579.4560,,,,,,,9.00,provider-billed input + output tokens,9.0540,normalized input + visible output tokens,0.01822144112478031698493641915,0.01990497709923664198110599615,managed
view_b,low,50000,medium,low,private,-5,0.6322222222222222,0.5822222222222222,1,743.0080,746.4640,4.4640,32.400,72.00,3.1680,14.9760,40.00,11.6095,provider-billed input + output tokens,11.6635,normalized input + visible output tokens,0.02350464674868189889295770646,0.02564189312977099334511042480,managed
view_b,typical,50000,medium,low,private,-5,0.6322222222222222,0.5822222222222222,1,1063.0080,1066.4640,4.4640,32.400,72.00,3.1680,14.9760,360.0,16.6095,provider-billed input + output tokens,16.6635,normalized input + visible output tokens,0.03362766959578207499570016154,0.03663425954198473422268166191,managed
view_b,high,50000,medium,low,private,-5,0.6322222222222222,0.5822222222222222,1,3583.0080,3586.4640,4.4640,32.400,72.00,3.1680,14.9760,2880.0,55.9845,provider-billed input + output tokens,56.0385,normalized input + visible output tokens,0.1133464745166959618047969953,0.1231991450381679436335551541,managed
view_a,not_applicable,50000,medium,low,measured,0,0.6322222222222222,0.6322222222222222,1,576.00,579.4560,,,,,,,9.00,provider-billed input + output tokens,9.0540,normalized input + visible output tokens,0.01822144112478031698493641915,0.01833076977152899888684603766,managed
view_b,low,50000,medium,low,measured,0,0.6322222222222222,0.6322222222222222,1,743.0080,746.4640,4.4640,32.400,72.00,3.1680,14.9760,40.00,11.6095,provider-billed input + output tokens,11.6635,normalized input + visible output tokens,0.02350464674868189889295770646,0.02361397539543058079486732497,managed
view_b,typical,50000,medium,low,measured,0,0.6322222222222222,0.6322222222222222,1,1063.0080,1066.4640,4.4640,32.400,72.00,3.1680,14.9760,360.0,16.6095,provider-billed input + output tokens,16.6635,normalized input + visible output tokens,0.03362766959578207499570016154,0.03373699824253075689760978005,managed
view_b,high,50000,medium,low,measured,0,0.6322222222222222,0.6322222222222222,1,3583.0080,3586.4640,4.4640,32.400,72.00,3.1680,14.9760,2880.0,55.9845,provider-billed input + output tokens,56.0385,normalized input + visible output tokens,0.1133464745166959618047969953,0.1134558031634446437067066138,managed
view_a,not_applicable,50000,medium,low,managed,5,0.6822222222222222,0.6322222222222222,1,576.00,579.4560,,,,,,,9.00,provider-billed input + output tokens,9.0540,normalized input + visible output tokens,0.01688599348534202009400630245,0.01833076977152899888684603766,managed
view_b,low,50000,medium,low,managed,5,0.6822222222222222,0.6322222222222222,1,743.0080,746.4640,4.4640,32.400,72.00,3.1680,14.9760,40.00,11.6095,provider-billed input + output tokens,11.6635,normalized input + visible output tokens,0.02178199348534202025348512982,0.02361397539543058079486732497,managed
view_b,typical,50000,medium,low,managed,5,0.6822222222222222,0.6322222222222222,1,1063.0080,1066.4640,4.4640,32.400,72.00,3.1680,14.9760,360.0,16.6095,provider-billed input + output tokens,16.6635,normalized input + visible output tokens,0.03116310097719869808348863118,0.03373699824253075689760978005,managed
view_b,high,50000,medium,low,managed,5,0.6822222222222222,0.6322222222222222,1,3583.0080,3586.4640,4.4640,32.400,72.00,3.1680,14.9760,2880.0,55.9845,provider-billed input + output tokens,56.0385,normalized input + visible output tokens,0.1050393224755700359947662044,0.1134558031634446437067066138,managed
view_a,not_applicable,50000,medium,low,private,5,0.6322222222222222,0.6822222222222222,1,576.00,579.4560,,,,,,,9.00,provider-billed input + output tokens,9.0540,normalized input + visible output tokens,0.01822144112478031698493641915,0.01698730944625407221457034027,private
view_b,low,50000,medium,low,private,5,0.6322222222222222,0.6822222222222222,1,743.0080,746.4640,4.4640,32.400,72.00,3.1680,14.9760,40.00,11.6095,provider-billed input + output tokens,11.6635,normalized input + visible output tokens,0.02350464674868189889295770646,0.02188330944625407237404916763,private
view_b,typical,50000,medium,low,private,5,0.6322222222222222,0.6822222222222222,1,1063.0080,1066.4640,4.4640,32.400,72.00,3.1680,14.9760,360.0,16.6095,provider-billed input + output tokens,16.6635,normalized input + visible output tokens,0.03362766959578207499570016154,0.03126441693811075020405266899,private
view_b,high,50000,medium,low,private,5,0.6322222222222222,0.6822222222222222,1,3583.0080,3586.4640,4.4640,32.400,72.00,3.1680,14.9760,2880.0,55.9845,provider-billed input + output tokens,56.0385,normalized input + visible output tokens,0.1133464745166959618047969953,0.1051406384364820881153302422,private
view_a,not_applicable,50000,medium,typical,managed,-5,0.5822222222222222,0.6322222222222222,1,576.00,579.4560,,,,,,,9.00,provider-billed input + output tokens,9.0540,normalized input + visible output tokens,0.01978625954198473357962822679,0.01833076977152899888684603766,private
view_b,low,50000,medium,typical,managed,-5,0.5822222222222222,0.6322222222222222,1,743.0080,746.4640,4.4640,32.400,72.00,3.1680,14.9760,40.00,11.6095,provider-billed input + output tokens,11.6635,normalized input + visible output tokens,0.02552317557251908494363265544,0.02361397539543058079486732497,private
view_b,typical,50000,medium,typical,managed,-5,0.5822222222222222,0.6322222222222222,1,1063.0080,1066.4640,4.4640,32.400,72.00,3.1680,14.9760,360.0,16.6095,provider-billed input + output tokens,16.6635,normalized input + visible output tokens,0.03651554198473282582120389255,0.03373699824253075689760978005,private
view_b,high,50000,medium,typical,managed,-5,0.5822222222222222,0.6322222222222222,1,3583.0080,3586.4640,4.4640,32.400,72.00,3.1680,14.9760,2880.0,55.9845,provider-billed input + output tokens,56.0385,normalized input + visible output tokens,0.1230804274809160352320773848,0.1134558031634446437067066138,private
view_a,not_applicable,50000,medium,typical,private,-5,0.6322222222222222,0.5822222222222222,1,576.00,579.4560,,,,,,,9.00,provider-billed input + output tokens,9.0540,normalized input + visible output tokens,0.01822144112478031698493641915,0.01990497709923664198110599615,managed
view_b,low,50000,medium,typical,private,-5,0.6322222222222222,0.5822222222222222,1,743.0080,746.4640,4.4640,32.400,72.00,3.1680,14.9760,40.00,11.6095,provider-billed input + output tokens,11.6635,normalized input + visible output tokens,0.02350464674868189889295770646,0.02564189312977099334511042480,managed
view_b,typical,50000,medium,typical,private,-5,0.6322222222222222,0.5822222222222222,1,1063.0080,1066.4640,4.4640,32.400,72.00,3.1680,14.9760,360.0,16.6095,provider-billed input + output tokens,16.6635,normalized input + visible output tokens,0.03362766959578207499570016154,0.03663425954198473422268166191,managed
view_b,high,50000,medium,typical,private,-5,0.6322222222222222,0.5822222222222222,1,3583.0080,3586.4640,4.4640,32.400,72.00,3.1680,14.9760,2880.0,55.9845,provider-billed input + output tokens,56.0385,normalized input + visible output tokens,0.1133464745166959618047969953,0.1231991450381679436335551541,managed
view_a,not_applicable,50000,medium,typical,measured,0,0.6322222222222222,0.6322222222222222,1,576.00,579.4560,,,,,,,9.00,provider-billed input + output tokens,9.0540,normalized input + visible output tokens,0.01822144112478031698493641915,0.01833076977152899888684603766,managed
view_b,low,50000,medium,typical,measured,0,0.6322222222222222,0.6322222222222222,1,743.0080,746.4640,4.4640,32.400,72.00,3.1680,14.9760,40.00,11.6095,provider-billed input + output tokens,11.6635,normalized input + visible output tokens,0.02350464674868189889295770646,0.02361397539543058079486732497,managed
view_b,typical,50000,medium,typical,measured,0,0.6322222222222222,0.6322222222222222,1,1063.0080,1066.4640,4.4640,32.400,72.00,3.1680,14.9760,360.0,16.6095,provider-billed input + output tokens,16.6635,normalized input + visible output tokens,0.03362766959578207499570016154,0.03373699824253075689760978005,managed
view_b,high,50000,medium,typical,measured,0,0.6322222222222222,0.6322222222222222,1,3583.0080,3586.4640,4.4640,32.400,72.00,3.1680,14.9760,2880.0,55.9845,provider-billed input + output tokens,56.0385,normalized input + visible output tokens,0.1133464745166959618047969953,0.1134558031634446437067066138,managed
view_a,not_applicable,50000,medium,typical,managed,5,0.6822222222222222,0.6322222222222222,1,576.00,579.4560,,,,,,,9.00,provider-billed input + output tokens,9.0540,normalized input + visible output tokens,0.01688599348534202009400630245,0.01833076977152899888684603766,managed
view_b,low,50000,medium,typical,managed,5,0.6822222222222222,0.6322222222222222,1,743.0080,746.4640,4.4640,32.400,72.00,3.1680,14.9760,40.00,11.6095,provider-billed input + output tokens,11.6635,normalized input + visible output tokens,0.02178199348534202025348512982,0.02361397539543058079486732497,managed
view_b,typical,50000,medium,typical,managed,5,0.6822222222222222,0.6322222222222222,1,1063.0080,1066.4640,4.4640,32.400,72.00,3.1680,14.9760,360.0,16.6095,provider-billed input + output tokens,16.6635,normalized input + visible output tokens,0.03116310097719869808348863118,0.03373699824253075689760978005,managed
view_b,high,50000,medium,typical,managed,5,0.6822222222222222,0.6322222222222222,1,3583.0080,3586.4640,4.4640,32.400,72.00,3.1680,14.9760,2880.0,55.9845,provider-billed input + output tokens,56.0385,normalized input + visible output tokens,0.1050393224755700359947662044,0.1134558031634446437067066138,managed
view_a,not_applicable,50000,medium,typical,private,5,0.6322222222222222,0.6822222222222222,1,576.00,579.4560,,,,,,,9.00,provider-billed input + output tokens,9.0540,normalized input + visible output tokens,0.01822144112478031698493641915,0.01698730944625407221457034027,private
view_b,low,50000,medium,typical,private,5,0.6322222222222222,0.6822222222222222,1,743.0080,746.4640,4.4640,32.400,72.00,3.1680,14.9760,40.00,11.6095,provider-billed input + output tokens,11.6635,normalized input + visible output tokens,0.02350464674868189889295770646,0.02188330944625407237404916763,private
view_b,typical,50000,medium,typical,private,5,0.6322222222222222,0.6822222222222222,1,1063.0080,1066.4640,4.4640,32.400,72.00,3.1680,14.9760,360.0,16.6095,provider-billed input + output tokens,16.6635,normalized input + visible output tokens,0.03362766959578207499570016154,0.03126441693811075020405266899,private
view_b,high,50000,medium,typical,private,5,0.6322222222222222,0.6822222222222222,1,3583.0080,3586.4640,4.4640,32.400,72.00,3.1680,14.9760,2880.0,55.9845,provider-billed input + output tokens,56.0385,normalized input + visible output tokens,0.1133464745166959618047969953,0.1051406384364820881153302422,private
view_a,not_applicable,50000,medium,high,managed,-5,0.5822222222222222,0.6322222222222222,1,576.00,579.4560,,,,,,,9.00,provider-billed input + output tokens,9.0540,normalized input + visible output tokens,0.01978625954198473357962822679,0.01833076977152899888684603766,private
view_b,low,50000,medium,high,managed,-5,0.5822222222222222,0.6322222222222222,1,743.0080,746.4640,4.4640,32.400,72.00,3.1680,14.9760,40.00,11.6095,provider-billed input + output tokens,11.6635,normalized input + visible output tokens,0.02552317557251908494363265544,0.02361397539543058079486732497,private
view_b,typical,50000,medium,high,managed,-5,0.5822222222222222,0.6322222222222222,1,1063.0080,1066.4640,4.4640,32.400,72.00,3.1680,14.9760,360.0,16.6095,provider-billed input + output tokens,16.6635,normalized input + visible output tokens,0.03651554198473282582120389255,0.03373699824253075689760978005,private
view_b,high,50000,medium,high,managed,-5,0.5822222222222222,0.6322222222222222,1,3583.0080,3586.4640,4.4640,32.400,72.00,3.1680,14.9760,2880.0,55.9845,provider-billed input + output tokens,56.0385,normalized input + visible output tokens,0.1230804274809160352320773848,0.1134558031634446437067066138,private
view_a,not_applicable,50000,medium,high,private,-5,0.6322222222222222,0.5822222222222222,1,576.00,579.4560,,,,,,,9.00,provider-billed input + output tokens,9.0540,normalized input + visible output tokens,0.01822144112478031698493641915,0.01990497709923664198110599615,managed
view_b,low,50000,medium,high,private,-5,0.6322222222222222,0.5822222222222222,1,743.0080,746.4640,4.4640,32.400,72.00,3.1680,14.9760,40.00,11.6095,provider-billed input + output tokens,11.6635,normalized input + visible output tokens,0.02350464674868189889295770646,0.02564189312977099334511042480,managed
view_b,typical,50000,medium,high,private,-5,0.6322222222222222,0.5822222222222222,1,1063.0080,1066.4640,4.4640,32.400,72.00,3.1680,14.9760,360.0,16.6095,provider-billed input + output tokens,16.6635,normalized input + visible output tokens,0.03362766959578207499570016154,0.03663425954198473422268166191,managed
view_b,high,50000,medium,high,private,-5,0.6322222222222222,0.5822222222222222,1,3583.0080,3586.4640,4.4640,32.400,72.00,3.1680,14.9760,2880.0,55.9845,provider-billed input + output tokens,56.0385,normalized input + visible output tokens,0.1133464745166959618047969953,0.1231991450381679436335551541,managed
view_a,not_applicable,50000,medium,high,measured,0,0.6322222222222222,0.6322222222222222,1,576.00,579.4560,,,,,,,9.00,provider-billed input + output tokens,9.0540,normalized input + visible output tokens,0.01822144112478031698493641915,0.01833076977152899888684603766,managed
view_b,low,50000,medium,high,measured,0,0.6322222222222222,0.6322222222222222,1,743.0080,746.4640,4.4640,32.400,72.00,3.1680,14.9760,40.00,11.6095,provider-billed input + output tokens,11.6635,normalized input + visible output tokens,0.02350464674868189889295770646,0.02361397539543058079486732497,managed
view_b,typical,50000,medium,high,measured,0,0.6322222222222222,0.6322222222222222,1,1063.0080,1066.4640,4.4640,32.400,72.00,3.1680,14.9760,360.0,16.6095,provider-billed input + output tokens,16.6635,normalized input + visible output tokens,0.03362766959578207499570016154,0.03373699824253075689760978005,managed
view_b,high,50000,medium,high,measured,0,0.6322222222222222,0.6322222222222222,1,3583.0080,3586.4640,4.4640,32.400,72.00,3.1680,14.9760,2880.0,55.9845,provider-billed input + output tokens,56.0385,normalized input + visible output tokens,0.1133464745166959618047969953,0.1134558031634446437067066138,managed
view_a,not_applicable,50000,medium,high,managed,5,0.6822222222222222,0.6322222222222222,1,576.00,579.4560,,,,,,,9.00,provider-billed input + output tokens,9.0540,normalized input + visible output tokens,0.01688599348534202009400630245,0.01833076977152899888684603766,managed
view_b,low,50000,medium,high,managed,5,0.6822222222222222,0.6322222222222222,1,743.0080,746.4640,4.4640,32.400,72.00,3.1680,14.9760,40.00,11.6095,provider-billed input + output tokens,11.6635,normalized input + visible output tokens,0.02178199348534202025348512982,0.02361397539543058079486732497,managed
view_b,typical,50000,medium,high,managed,5,0.6822222222222222,0.6322222222222222,1,1063.0080,1066.4640,4.4640,32.400,72.00,3.1680,14.9760,360.0,16.6095,provider-billed input + output tokens,16.6635,normalized input + visible output tokens,0.03116310097719869808348863118,0.03373699824253075689760978005,managed
view_b,high,50000,medium,high,managed,5,0.6822222222222222,0.6322222222222222,1,3583.0080,3586.4640,4.4640,32.400,72.00,3.1680,14.9760,2880.0,55.9845,provider-billed input + output tokens,56.0385,normalized input + visible output tokens,0.1050393224755700359947662044,0.1134558031634446437067066138,managed
view_a,not_applicable,50000,medium,high,private,5,0.6322222222222222,0.6822222222222222,1,576.00,579.4560,,,,,,,9.00,provider-billed input + output tokens,9.0540,normalized input + visible output tokens,0.01822144112478031698493641915,0.01698730944625407221457034027,private
view_b,low,50000,medium,high,private,5,0.6322222222222222,0.6822222222222222,1,743.0080,746.4640,4.4640,32.400,72.00,3.1680,14.9760,40.00,11.6095,provider-billed input + output tokens,11.6635,normalized input + visible output tokens,0.02350464674868189889295770646,0.02188330944625407237404916763,private
view_b,typical,50000,medium,high,private,5,0.6322222222222222,0.6822222222222222,1,1063.0080,1066.4640,4.4640,32.400,72.00,3.1680,14.9760,360.0,16.6095,provider-billed input + output tokens,16.6635,normalized input + visible output tokens,0.03362766959578207499570016154,0.03126441693811075020405266899,private
view_b,high,50000,medium,high,private,5,0.6322222222222222,0.6822222222222222,1,3583.0080,3586.4640,4.4640,32.400,72.00,3.1680,14.9760,2880.0,55.9845,provider-billed input + output tokens,56.0385,normalized input + visible output tokens,0.1133464745166959618047969953,0.1051406384364820881153302422,private
view_a,not_applicable,100000,short,low,managed,-5,0.5822222222222222,0.6322222222222222,1,288.00,579.4560,,,,,,,9.00,provider-billed input + output tokens,18.1080,normalized input + visible output tokens,0.004946564885496183394907056698,0.009165384885764499443423018832,managed
view_b,low,100000,short,low,managed,-5,0.5822222222222222,0.6322222222222222,1,455.0080,746.4640,4.4640,32.400,72.00,3.1680,14.9760,40.00,14.2190,provider-billed input + output tokens,23.3270,normalized input + visible output tokens,0.007815022900763359076909271022,0.01180698769771529039743366249,managed
view_b,typical,100000,short,low,managed,-5,0.5822222222222222,0.6322222222222222,1,775.0080,1066.4640,4.4640,32.400,72.00,3.1680,14.9760,360.0,24.2190,provider-billed input + output tokens,33.3270,normalized input + visible output tokens,0.01331120610687022951569488958,0.01686849912126537844880489003,managed
view_b,high,100000,short,low,managed,-5,0.5822222222222222,0.6322222222222222,1,3295.0080,3586.4640,4.4640,32.400,72.00,3.1680,14.9760,2880.0,102.9690,provider-billed input + output tokens,112.0770,normalized input + visible output tokens,0.05659364885496183422113163569,0.05672790158172232185335330691,managed
view_a,not_applicable,100000,short,low,private,-5,0.6322222222222222,0.5822222222222222,1,288.00,579.4560,,,,,,,9.00,provider-billed input + output tokens,18.1080,normalized input + visible output tokens,0.004555360281195079246234104787,0.009952488549618320990552998077,managed
view_b,low,100000,short,low,private,-5,0.6322222222222222,0.5822222222222222,1,455.0080,746.4640,4.4640,32.400,72.00,3.1680,14.9760,40.00,14.2190,provider-billed input + output tokens,23.3270,normalized input + visible output tokens,0.007196963093145870200244748441,0.01282094656488549667255521240,managed
view_b,typical,100000,short,low,private,-5,0.6322222222222222,0.5822222222222222,1,775.0080,1066.4640,4.4640,32.400,72.00,3.1680,14.9760,360.0,24.2190,provider-billed input + output tokens,33.3270,normalized input + visible output tokens,0.01225847451669595825161597598,0.01831712977099236711134083095,managed
view_b,high,100000,short,low,private,-5,0.6322222222222222,0.5822222222222222,1,3295.0080,3586.4640,4.4640,32.400,72.00,3.1680,14.9760,2880.0,102.9690,provider-billed input + output tokens,112.0770,normalized input + visible output tokens,0.05211787697715290165616439287,0.06159957251908397181677757706,managed
view_a,not_applicable,100000,short,low,measured,0,0.6322222222222222,0.6322222222222222,1,288.00,579.4560,,,,,,,9.00,provider-billed input + output tokens,18.1080,normalized input + visible output tokens,0.004555360281195079246234104787,0.009165384885764499443423018832,managed
view_b,low,100000,short,low,measured,0,0.6322222222222222,0.6322222222222222,1,455.0080,746.4640,4.4640,32.400,72.00,3.1680,14.9760,40.00,14.2190,provider-billed input + output tokens,23.3270,normalized input + visible output tokens,0.007196963093145870200244748441,0.01180698769771529039743366249,managed
view_b,typical,100000,short,low,measured,0,0.6322222222222222,0.6322222222222222,1,775.0080,1066.4640,4.4640,32.400,72.00,3.1680,14.9760,360.0,24.2190,provider-billed input + output tokens,33.3270,normalized input + visible output tokens,0.01225847451669595825161597598,0.01686849912126537844880489003,managed
view_b,high,100000,short,low,measured,0,0.6322222222222222,0.6322222222222222,1,3295.0080,3586.4640,4.4640,32.400,72.00,3.1680,14.9760,2880.0,102.9690,provider-billed input + output tokens,112.0770,normalized input + visible output tokens,0.05211787697715290165616439287,0.05672790158172232185335330691,managed
view_a,not_applicable,100000,short,low,managed,5,0.6822222222222222,0.6322222222222222,1,288.00,579.4560,,,,,,,9.00,provider-billed input + output tokens,18.1080,normalized input + visible output tokens,0.004221498371335505023501575614,0.009165384885764499443423018832,managed
view_b,low,100000,short,low,managed,5,0.6822222222222222,0.6322222222222222,1,455.0080,746.4640,4.4640,32.400,72.00,3.1680,14.9760,40.00,14.2190,provider-billed input + output tokens,23.3270,normalized input + visible output tokens,0.006669498371335505103240989294,0.01180698769771529039743366249,managed
view_b,typical,100000,short,low,managed,5,0.6822222222222222,0.6322222222222222,1,775.0080,1066.4640,4.4640,32.400,72.00,3.1680,14.9760,360.0,24.2190,provider-billed input + output tokens,33.3270,normalized input + visible output tokens,0.01136005211726384401824273998,0.01686849912126537844880489003,managed
view_b,high,100000,short,low,managed,5,0.6822222222222222,0.6322222222222222,1,3295.0080,3586.4640,4.4640,32.400,72.00,3.1680,14.9760,2880.0,102.9690,provider-billed input + output tokens,112.0770,normalized input + visible output tokens,0.04829816286644951297388152659,0.05672790158172232185335330691,managed
view_a,not_applicable,100000,short,low,private,5,0.6322222222222222,0.6822222222222222,1,288.00,579.4560,,,,,,,9.00,provider-billed input + output tokens,18.1080,normalized input + visible output tokens,0.004555360281195079246234104787,0.008493654723127036107285170134,managed
view_b,low,100000,short,low,private,5,0.6322222222222222,0.6822222222222222,1,455.0080,746.4640,4.4640,32.400,72.00,3.1680,14.9760,40.00,14.2190,provider-billed input + output tokens,23.3270,normalized input + visible output tokens,0.007196963093145870200244748441,0.01094165472312703618702458382,managed
view_b,typical,100000,short,low,private,5,0.6322222222222222,0.6822222222222222,1,775.0080,1066.4640,4.4640,32.400,72.00,3.1680,14.9760,360.0,24.2190,provider-billed input + output tokens,33.3270,normalized input + visible output tokens,0.01225847451669595825161597598,0.01563220846905537510202633450,managed
view_b,high,100000,short,low,private,5,0.6322222222222222,0.6822222222222222,1,3295.0080,3586.4640,4.4640,32.400,72.00,3.1680,14.9760,2880.0,102.9690,provider-billed input + output tokens,112.0770,normalized input + visible output tokens,0.05211787697715290165616439287,0.05257031921824104405766512112,managed
view_a,not_applicable,100000,short,typical,managed,-5,0.5822222222222222,0.6322222222222222,1,288.00,579.4560,,,,,,,9.00,provider-billed input + output tokens,18.1080,normalized input + visible output tokens,0.004946564885496183394907056698,0.009165384885764499443423018832,managed
view_b,low,100000,short,typical,managed,-5,0.5822222222222222,0.6322222222222222,1,455.0080,746.4640,4.4640,32.400,72.00,3.1680,14.9760,40.00,14.2190,provider-billed input + output tokens,23.3270,normalized input + visible output tokens,0.007815022900763359076909271022,0.01180698769771529039743366249,managed
view_b,typical,100000,short,typical,managed,-5,0.5822222222222222,0.6322222222222222,1,775.0080,1066.4640,4.4640,32.400,72.00,3.1680,14.9760,360.0,24.2190,provider-billed input + output tokens,33.3270,normalized input + visible output tokens,0.01331120610687022951569488958,0.01686849912126537844880489003,managed
view_b,high,100000,short,typical,managed,-5,0.5822222222222222,0.6322222222222222,1,3295.0080,3586.4640,4.4640,32.400,72.00,3.1680,14.9760,2880.0,102.9690,provider-billed input + output tokens,112.0770,normalized input + visible output tokens,0.05659364885496183422113163569,0.05672790158172232185335330691,managed
view_a,not_applicable,100000,short,typical,private,-5,0.6322222222222222,0.5822222222222222,1,288.00,579.4560,,,,,,,9.00,provider-billed input + output tokens,18.1080,normalized input + visible output tokens,0.004555360281195079246234104787,0.009952488549618320990552998077,managed
view_b,low,100000,short,typical,private,-5,0.6322222222222222,0.5822222222222222,1,455.0080,746.4640,4.4640,32.400,72.00,3.1680,14.9760,40.00,14.2190,provider-billed input + output tokens,23.3270,normalized input + visible output tokens,0.007196963093145870200244748441,0.01282094656488549667255521240,managed
view_b,typical,100000,short,typical,private,-5,0.6322222222222222,0.5822222222222222,1,775.0080,1066.4640,4.4640,32.400,72.00,3.1680,14.9760,360.0,24.2190,provider-billed input + output tokens,33.3270,normalized input + visible output tokens,0.01225847451669595825161597598,0.01831712977099236711134083095,managed
view_b,high,100000,short,typical,private,-5,0.6322222222222222,0.5822222222222222,1,3295.0080,3586.4640,4.4640,32.400,72.00,3.1680,14.9760,2880.0,102.9690,provider-billed input + output tokens,112.0770,normalized input + visible output tokens,0.05211787697715290165616439287,0.06159957251908397181677757706,managed
view_a,not_applicable,100000,short,typical,measured,0,0.6322222222222222,0.6322222222222222,1,288.00,579.4560,,,,,,,9.00,provider-billed input + output tokens,18.1080,normalized input + visible output tokens,0.004555360281195079246234104787,0.009165384885764499443423018832,managed
view_b,low,100000,short,typical,measured,0,0.6322222222222222,0.6322222222222222,1,455.0080,746.4640,4.4640,32.400,72.00,3.1680,14.9760,40.00,14.2190,provider-billed input + output tokens,23.3270,normalized input + visible output tokens,0.007196963093145870200244748441,0.01180698769771529039743366249,managed
view_b,typical,100000,short,typical,measured,0,0.6322222222222222,0.6322222222222222,1,775.0080,1066.4640,4.4640,32.400,72.00,3.1680,14.9760,360.0,24.2190,provider-billed input + output tokens,33.3270,normalized input + visible output tokens,0.01225847451669595825161597598,0.01686849912126537844880489003,managed
view_b,high,100000,short,typical,measured,0,0.6322222222222222,0.6322222222222222,1,3295.0080,3586.4640,4.4640,32.400,72.00,3.1680,14.9760,2880.0,102.9690,provider-billed input + output tokens,112.0770,normalized input + visible output tokens,0.05211787697715290165616439287,0.05672790158172232185335330691,managed
view_a,not_applicable,100000,short,typical,managed,5,0.6822222222222222,0.6322222222222222,1,288.00,579.4560,,,,,,,9.00,provider-billed input + output tokens,18.1080,normalized input + visible output tokens,0.004221498371335505023501575614,0.009165384885764499443423018832,managed
view_b,low,100000,short,typical,managed,5,0.6822222222222222,0.6322222222222222,1,455.0080,746.4640,4.4640,32.400,72.00,3.1680,14.9760,40.00,14.2190,provider-billed input + output tokens,23.3270,normalized input + visible output tokens,0.006669498371335505103240989294,0.01180698769771529039743366249,managed
view_b,typical,100000,short,typical,managed,5,0.6822222222222222,0.6322222222222222,1,775.0080,1066.4640,4.4640,32.400,72.00,3.1680,14.9760,360.0,24.2190,provider-billed input + output tokens,33.3270,normalized input + visible output tokens,0.01136005211726384401824273998,0.01686849912126537844880489003,managed
view_b,high,100000,short,typical,managed,5,0.6822222222222222,0.6322222222222222,1,3295.0080,3586.4640,4.4640,32.400,72.00,3.1680,14.9760,2880.0,102.9690,provider-billed input + output tokens,112.0770,normalized input + visible output tokens,0.04829816286644951297388152659,0.05672790158172232185335330691,managed
view_a,not_applicable,100000,short,typical,private,5,0.6322222222222222,0.6822222222222222,1,288.00,579.4560,,,,,,,9.00,provider-billed input + output tokens,18.1080,normalized input + visible output tokens,0.004555360281195079246234104787,0.008493654723127036107285170134,managed
view_b,low,100000,short,typical,private,5,0.6322222222222222,0.6822222222222222,1,455.0080,746.4640,4.4640,32.400,72.00,3.1680,14.9760,40.00,14.2190,provider-billed input + output tokens,23.3270,normalized input + visible output tokens,0.007196963093145870200244748441,0.01094165472312703618702458382,managed
view_b,typical,100000,short,typical,private,5,0.6322222222222222,0.6822222222222222,1,775.0080,1066.4640,4.4640,32.400,72.00,3.1680,14.9760,360.0,24.2190,provider-billed input + output tokens,33.3270,normalized input + visible output tokens,0.01225847451669595825161597598,0.01563220846905537510202633450,managed
view_b,high,100000,short,typical,private,5,0.6322222222222222,0.6822222222222222,1,3295.0080,3586.4640,4.4640,32.400,72.00,3.1680,14.9760,2880.0,102.9690,provider-billed input + output tokens,112.0770,normalized input + visible output tokens,0.05211787697715290165616439287,0.05257031921824104405766512112,managed
view_a,not_applicable,100000,short,high,managed,-5,0.5822222222222222,0.6322222222222222,1,288.00,579.4560,,,,,,,9.00,provider-billed input + output tokens,18.1080,normalized input + visible output tokens,0.004946564885496183394907056698,0.009165384885764499443423018832,managed
view_b,low,100000,short,high,managed,-5,0.5822222222222222,0.6322222222222222,1,455.0080,746.4640,4.4640,32.400,72.00,3.1680,14.9760,40.00,14.2190,provider-billed input + output tokens,23.3270,normalized input + visible output tokens,0.007815022900763359076909271022,0.01180698769771529039743366249,managed
view_b,typical,100000,short,high,managed,-5,0.5822222222222222,0.6322222222222222,1,775.0080,1066.4640,4.4640,32.400,72.00,3.1680,14.9760,360.0,24.2190,provider-billed input + output tokens,33.3270,normalized input + visible output tokens,0.01331120610687022951569488958,0.01686849912126537844880489003,managed
view_b,high,100000,short,high,managed,-5,0.5822222222222222,0.6322222222222222,1,3295.0080,3586.4640,4.4640,32.400,72.00,3.1680,14.9760,2880.0,102.9690,provider-billed input + output tokens,112.0770,normalized input + visible output tokens,0.05659364885496183422113163569,0.05672790158172232185335330691,managed
view_a,not_applicable,100000,short,high,private,-5,0.6322222222222222,0.5822222222222222,1,288.00,579.4560,,,,,,,9.00,provider-billed input + output tokens,18.1080,normalized input + visible output tokens,0.004555360281195079246234104787,0.009952488549618320990552998077,managed
view_b,low,100000,short,high,private,-5,0.6322222222222222,0.5822222222222222,1,455.0080,746.4640,4.4640,32.400,72.00,3.1680,14.9760,40.00,14.2190,provider-billed input + output tokens,23.3270,normalized input + visible output tokens,0.007196963093145870200244748441,0.01282094656488549667255521240,managed
view_b,typical,100000,short,high,private,-5,0.6322222222222222,0.5822222222222222,1,775.0080,1066.4640,4.4640,32.400,72.00,3.1680,14.9760,360.0,24.2190,provider-billed input + output tokens,33.3270,normalized input + visible output tokens,0.01225847451669595825161597598,0.01831712977099236711134083095,managed
view_b,high,100000,short,high,private,-5,0.6322222222222222,0.5822222222222222,1,3295.0080,3586.4640,4.4640,32.400,72.00,3.1680,14.9760,2880.0,102.9690,provider-billed input + output tokens,112.0770,normalized input + visible output tokens,0.05211787697715290165616439287,0.06159957251908397181677757706,managed
view_a,not_applicable,100000,short,high,measured,0,0.6322222222222222,0.6322222222222222,1,288.00,579.4560,,,,,,,9.00,provider-billed input + output tokens,18.1080,normalized input + visible output tokens,0.004555360281195079246234104787,0.009165384885764499443423018832,managed
view_b,low,100000,short,high,measured,0,0.6322222222222222,0.6322222222222222,1,455.0080,746.4640,4.4640,32.400,72.00,3.1680,14.9760,40.00,14.2190,provider-billed input + output tokens,23.3270,normalized input + visible output tokens,0.007196963093145870200244748441,0.01180698769771529039743366249,managed
view_b,typical,100000,short,high,measured,0,0.6322222222222222,0.6322222222222222,1,775.0080,1066.4640,4.4640,32.400,72.00,3.1680,14.9760,360.0,24.2190,provider-billed input + output tokens,33.3270,normalized input + visible output tokens,0.01225847451669595825161597598,0.01686849912126537844880489003,managed
view_b,high,100000,short,high,measured,0,0.6322222222222222,0.6322222222222222,1,3295.0080,3586.4640,4.4640,32.400,72.00,3.1680,14.9760,2880.0,102.9690,provider-billed input + output tokens,112.0770,normalized input + visible output tokens,0.05211787697715290165616439287,0.05672790158172232185335330691,managed
view_a,not_applicable,100000,short,high,managed,5,0.6822222222222222,0.6322222222222222,1,288.00,579.4560,,,,,,,9.00,provider-billed input + output tokens,18.1080,normalized input + visible output tokens,0.004221498371335505023501575614,0.009165384885764499443423018832,managed
view_b,low,100000,short,high,managed,5,0.6822222222222222,0.6322222222222222,1,455.0080,746.4640,4.4640,32.400,72.00,3.1680,14.9760,40.00,14.2190,provider-billed input + output tokens,23.3270,normalized input + visible output tokens,0.006669498371335505103240989294,0.01180698769771529039743366249,managed
view_b,typical,100000,short,high,managed,5,0.6822222222222222,0.6322222222222222,1,775.0080,1066.4640,4.4640,32.400,72.00,3.1680,14.9760,360.0,24.2190,provider-billed input + output tokens,33.3270,normalized input + visible output tokens,0.01136005211726384401824273998,0.01686849912126537844880489003,managed
view_b,high,100000,short,high,managed,5,0.6822222222222222,0.6322222222222222,1,3295.0080,3586.4640,4.4640,32.400,72.00,3.1680,14.9760,2880.0,102.9690,provider-billed input + output tokens,112.0770,normalized input + visible output tokens,0.04829816286644951297388152659,0.05672790158172232185335330691,managed
view_a,not_applicable,100000,short,high,private,5,0.6322222222222222,0.6822222222222222,1,288.00,579.4560,,,,,,,9.00,provider-billed input + output tokens,18.1080,normalized input + visible output tokens,0.004555360281195079246234104787,0.008493654723127036107285170134,managed
view_b,low,100000,short,high,private,5,0.6322222222222222,0.6822222222222222,1,455.0080,746.4640,4.4640,32.400,72.00,3.1680,14.9760,40.00,14.2190,provider-billed input + output tokens,23.3270,normalized input + visible output tokens,0.007196963093145870200244748441,0.01094165472312703618702458382,managed
view_b,typical,100000,short,high,private,5,0.6322222222222222,0.6822222222222222,1,775.0080,1066.4640,4.4640,32.400,72.00,3.1680,14.9760,360.0,24.2190,provider-billed input + output tokens,33.3270,normalized input + visible output tokens,0.01225847451669595825161597598,0.01563220846905537510202633450,managed
view_b,high,100000,short,high,private,5,0.6322222222222222,0.6822222222222222,1,3295.0080,3586.4640,4.4640,32.400,72.00,3.1680,14.9760,2880.0,102.9690,provider-billed input + output tokens,112.0770,normalized input + visible output tokens,0.05211787697715290165616439287,0.05257031921824104405766512112,managed
view_a,not_applicable,100000,medium,low,managed,-5,0.5822222222222222,0.6322222222222222,1,1152.00,579.4560,,,,,,,9.00,provider-billed input + output tokens,4.5270,normalized input + visible output tokens,0.01978625954198473357962822679,0.009165384885764499443423018832,private
view_b,low,100000,medium,low,managed,-5,0.5822222222222222,0.6322222222222222,1,1319.0080,746.4640,4.4640,32.400,72.00,3.1680,14.9760,40.00,10.30475,provider-billed input + output tokens,5.83175,normalized input + visible output tokens,0.02265471755725190926163044112,0.01180698769771529039743366249,private
view_b,typical,100000,medium,low,managed,-5,0.5822222222222222,0.6322222222222222,1,1639.0080,1066.4640,4.4640,32.400,72.00,3.1680,14.9760,360.0,12.80475,provider-billed input + output tokens,8.33175,normalized input + visible output tokens,0.02815090076335877970041605967,0.01686849912126537844880489003,private
view_b,high,100000,medium,low,managed,-5,0.5822222222222222,0.6322222222222222,1,4159.0080,3586.4640,4.4640,32.400,72.00,3.1680,14.9760,2880.0,32.49225,provider-billed input + output tokens,28.01925,normalized input + visible output tokens,0.07143334351145038440585280578,0.05672790158172232185335330691,private
view_a,not_applicable,100000,medium,low,private,-5,0.6322222222222222,0.5822222222222222,1,1152.00,579.4560,,,,,,,9.00,provider-billed input + output tokens,4.5270,normalized input + visible output tokens,0.01822144112478031698493641915,0.009952488549618320990552998077,private
view_b,low,100000,medium,low,private,-5,0.6322222222222222,0.5822222222222222,1,1319.0080,746.4640,4.4640,32.400,72.00,3.1680,14.9760,40.00,10.30475,provider-billed input + output tokens,5.83175,normalized input + visible output tokens,0.02086304393673110793894706280,0.01282094656488549667255521240,private
view_b,typical,100000,medium,low,private,-5,0.6322222222222222,0.5822222222222222,1,1639.0080,1066.4640,4.4640,32.400,72.00,3.1680,14.9760,360.0,12.80475,provider-billed input + output tokens,8.33175,normalized input + visible output tokens,0.02592455536028119599031829034,0.01831712977099236711134083095,private
view_b,high,100000,medium,low,private,-5,0.6322222222222222,0.5822222222222222,1,4159.0080,3586.4640,4.4640,32.400,72.00,3.1680,14.9760,2880.0,32.49225,provider-billed input + output tokens,28.01925,normalized input + visible output tokens,0.06578395782073813939486670723,0.06159957251908397181677757706,private
view_a,not_applicable,100000,medium,low,measured,0,0.6322222222222222,0.6322222222222222,1,1152.00,579.4560,,,,,,,9.00,provider-billed input + output tokens,4.5270,normalized input + visible output tokens,0.01822144112478031698493641915,0.009165384885764499443423018832,private
view_b,low,100000,medium,low,measured,0,0.6322222222222222,0.6322222222222222,1,1319.0080,746.4640,4.4640,32.400,72.00,3.1680,14.9760,40.00,10.30475,provider-billed input + output tokens,5.83175,normalized input + visible output tokens,0.02086304393673110793894706280,0.01180698769771529039743366249,private
view_b,typical,100000,medium,low,measured,0,0.6322222222222222,0.6322222222222222,1,1639.0080,1066.4640,4.4640,32.400,72.00,3.1680,14.9760,360.0,12.80475,provider-billed input + output tokens,8.33175,normalized input + visible output tokens,0.02592455536028119599031829034,0.01686849912126537844880489003,private
view_b,high,100000,medium,low,measured,0,0.6322222222222222,0.6322222222222222,1,4159.0080,3586.4640,4.4640,32.400,72.00,3.1680,14.9760,2880.0,32.49225,provider-billed input + output tokens,28.01925,normalized input + visible output tokens,0.06578395782073813939486670723,0.05672790158172232185335330691,private
view_a,not_applicable,100000,medium,low,managed,5,0.6822222222222222,0.6322222222222222,1,1152.00,579.4560,,,,,,,9.00,provider-billed input + output tokens,4.5270,normalized input + visible output tokens,0.01688599348534202009400630245,0.009165384885764499443423018832,private
view_b,low,100000,medium,low,managed,5,0.6822222222222222,0.6322222222222222,1,1319.0080,746.4640,4.4640,32.400,72.00,3.1680,14.9760,40.00,10.30475,provider-billed input + output tokens,5.83175,normalized input + visible output tokens,0.01933399348534202017374571613,0.01180698769771529039743366249,private
view_b,typical,100000,medium,low,managed,5,0.6822222222222222,0.6322222222222222,1,1639.0080,1066.4640,4.4640,32.400,72.00,3.1680,14.9760,360.0,12.80475,provider-billed input + output tokens,8.33175,normalized input + visible output tokens,0.02402454723127035908874746682,0.01686849912126537844880489003,private
view_b,high,100000,medium,low,managed,5,0.6822222222222222,0.6322222222222222,1,4159.0080,3586.4640,4.4640,32.400,72.00,3.1680,14.9760,2880.0,32.49225,provider-billed input + output tokens,28.01925,normalized input + visible output tokens,0.06096265798045602804438625344,0.05672790158172232185335330691,private
view_a,not_applicable,100000,medium,low,private,5,0.6322222222222222,0.6822222222222222,1,1152.00,579.4560,,,,,,,9.00,provider-billed input + output tokens,4.5270,normalized input + visible output tokens,0.01822144112478031698493641915,0.008493654723127036107285170134,private
view_b,low,100000,medium,low,private,5,0.6322222222222222,0.6822222222222222,1,1319.0080,746.4640,4.4640,32.400,72.00,3.1680,14.9760,40.00,10.30475,provider-billed input + output tokens,5.83175,normalized input + visible output tokens,0.02086304393673110793894706280,0.01094165472312703618702458382,private
view_b,typical,100000,medium,low,private,5,0.6322222222222222,0.6822222222222222,1,1639.0080,1066.4640,4.4640,32.400,72.00,3.1680,14.9760,360.0,12.80475,provider-billed input + output tokens,8.33175,normalized input + visible output tokens,0.02592455536028119599031829034,0.01563220846905537510202633450,private
view_b,high,100000,medium,low,private,5,0.6322222222222222,0.6822222222222222,1,4159.0080,3586.4640,4.4640,32.400,72.00,3.1680,14.9760,2880.0,32.49225,provider-billed input + output tokens,28.01925,normalized input + visible output tokens,0.06578395782073813939486670723,0.05257031921824104405766512112,private
view_a,not_applicable,100000,medium,typical,managed,-5,0.5822222222222222,0.6322222222222222,1,1152.00,579.4560,,,,,,,9.00,provider-billed input + output tokens,4.5270,normalized input + visible output tokens,0.01978625954198473357962822679,0.009165384885764499443423018832,private
view_b,low,100000,medium,typical,managed,-5,0.5822222222222222,0.6322222222222222,1,1319.0080,746.4640,4.4640,32.400,72.00,3.1680,14.9760,40.00,10.30475,provider-billed input + output tokens,5.83175,normalized input + visible output tokens,0.02265471755725190926163044112,0.01180698769771529039743366249,private
view_b,typical,100000,medium,typical,managed,-5,0.5822222222222222,0.6322222222222222,1,1639.0080,1066.4640,4.4640,32.400,72.00,3.1680,14.9760,360.0,12.80475,provider-billed input + output tokens,8.33175,normalized input + visible output tokens,0.02815090076335877970041605967,0.01686849912126537844880489003,private
view_b,high,100000,medium,typical,managed,-5,0.5822222222222222,0.6322222222222222,1,4159.0080,3586.4640,4.4640,32.400,72.00,3.1680,14.9760,2880.0,32.49225,provider-billed input + output tokens,28.01925,normalized input + visible output tokens,0.07143334351145038440585280578,0.05672790158172232185335330691,private
view_a,not_applicable,100000,medium,typical,private,-5,0.6322222222222222,0.5822222222222222,1,1152.00,579.4560,,,,,,,9.00,provider-billed input + output tokens,4.5270,normalized input + visible output tokens,0.01822144112478031698493641915,0.009952488549618320990552998077,private
view_b,low,100000,medium,typical,private,-5,0.6322222222222222,0.5822222222222222,1,1319.0080,746.4640,4.4640,32.400,72.00,3.1680,14.9760,40.00,10.30475,provider-billed input + output tokens,5.83175,normalized input + visible output tokens,0.02086304393673110793894706280,0.01282094656488549667255521240,private
view_b,typical,100000,medium,typical,private,-5,0.6322222222222222,0.5822222222222222,1,1639.0080,1066.4640,4.4640,32.400,72.00,3.1680,14.9760,360.0,12.80475,provider-billed input + output tokens,8.33175,normalized input + visible output tokens,0.02592455536028119599031829034,0.01831712977099236711134083095,private
view_b,high,100000,medium,typical,private,-5,0.6322222222222222,0.5822222222222222,1,4159.0080,3586.4640,4.4640,32.400,72.00,3.1680,14.9760,2880.0,32.49225,provider-billed input + output tokens,28.01925,normalized input + visible output tokens,0.06578395782073813939486670723,0.06159957251908397181677757706,private
view_a,not_applicable,100000,medium,typical,measured,0,0.6322222222222222,0.6322222222222222,1,1152.00,579.4560,,,,,,,9.00,provider-billed input + output tokens,4.5270,normalized input + visible output tokens,0.01822144112478031698493641915,0.009165384885764499443423018832,private
view_b,low,100000,medium,typical,measured,0,0.6322222222222222,0.6322222222222222,1,1319.0080,746.4640,4.4640,32.400,72.00,3.1680,14.9760,40.00,10.30475,provider-billed input + output tokens,5.83175,normalized input + visible output tokens,0.02086304393673110793894706280,0.01180698769771529039743366249,private
view_b,typical,100000,medium,typical,measured,0,0.6322222222222222,0.6322222222222222,1,1639.0080,1066.4640,4.4640,32.400,72.00,3.1680,14.9760,360.0,12.80475,provider-billed input + output tokens,8.33175,normalized input + visible output tokens,0.02592455536028119599031829034,0.01686849912126537844880489003,private
view_b,high,100000,medium,typical,measured,0,0.6322222222222222,0.6322222222222222,1,4159.0080,3586.4640,4.4640,32.400,72.00,3.1680,14.9760,2880.0,32.49225,provider-billed input + output tokens,28.01925,normalized input + visible output tokens,0.06578395782073813939486670723,0.05672790158172232185335330691,private
view_a,not_applicable,100000,medium,typical,managed,5,0.6822222222222222,0.6322222222222222,1,1152.00,579.4560,,,,,,,9.00,provider-billed input + output tokens,4.5270,normalized input + visible output tokens,0.01688599348534202009400630245,0.009165384885764499443423018832,private
view_b,low,100000,medium,typical,managed,5,0.6822222222222222,0.6322222222222222,1,1319.0080,746.4640,4.4640,32.400,72.00,3.1680,14.9760,40.00,10.30475,provider-billed input + output tokens,5.83175,normalized input + visible output tokens,0.01933399348534202017374571613,0.01180698769771529039743366249,private
view_b,typical,100000,medium,typical,managed,5,0.6822222222222222,0.6322222222222222,1,1639.0080,1066.4640,4.4640,32.400,72.00,3.1680,14.9760,360.0,12.80475,provider-billed input + output tokens,8.33175,normalized input + visible output tokens,0.02402454723127035908874746682,0.01686849912126537844880489003,private
view_b,high,100000,medium,typical,managed,5,0.6822222222222222,0.6322222222222222,1,4159.0080,3586.4640,4.4640,32.400,72.00,3.1680,14.9760,2880.0,32.49225,provider-billed input + output tokens,28.01925,normalized input + visible output tokens,0.06096265798045602804438625344,0.05672790158172232185335330691,private
view_a,not_applicable,100000,medium,typical,private,5,0.6322222222222222,0.6822222222222222,1,1152.00,579.4560,,,,,,,9.00,provider-billed input + output tokens,4.5270,normalized input + visible output tokens,0.01822144112478031698493641915,0.008493654723127036107285170134,private
view_b,low,100000,medium,typical,private,5,0.6322222222222222,0.6822222222222222,1,1319.0080,746.4640,4.4640,32.400,72.00,3.1680,14.9760,40.00,10.30475,provider-billed input + output tokens,5.83175,normalized input + visible output tokens,0.02086304393673110793894706280,0.01094165472312703618702458382,private
view_b,typical,100000,medium,typical,private,5,0.6322222222222222,0.6822222222222222,1,1639.0080,1066.4640,4.4640,32.400,72.00,3.1680,14.9760,360.0,12.80475,provider-billed input + output tokens,8.33175,normalized input + visible output tokens,0.02592455536028119599031829034,0.01563220846905537510202633450,private
view_b,high,100000,medium,typical,private,5,0.6322222222222222,0.6822222222222222,1,4159.0080,3586.4640,4.4640,32.400,72.00,3.1680,14.9760,2880.0,32.49225,provider-billed input + output tokens,28.01925,normalized input + visible output tokens,0.06578395782073813939486670723,0.05257031921824104405766512112,private
view_a,not_applicable,100000,medium,high,managed,-5,0.5822222222222222,0.6322222222222222,1,1152.00,579.4560,,,,,,,9.00,provider-billed input + output tokens,4.5270,normalized input + visible output tokens,0.01978625954198473357962822679,0.009165384885764499443423018832,private
view_b,low,100000,medium,high,managed,-5,0.5822222222222222,0.6322222222222222,1,1319.0080,746.4640,4.4640,32.400,72.00,3.1680,14.9760,40.00,10.30475,provider-billed input + output tokens,5.83175,normalized input + visible output tokens,0.02265471755725190926163044112,0.01180698769771529039743366249,private
view_b,typical,100000,medium,high,managed,-5,0.5822222222222222,0.6322222222222222,1,1639.0080,1066.4640,4.4640,32.400,72.00,3.1680,14.9760,360.0,12.80475,provider-billed input + output tokens,8.33175,normalized input + visible output tokens,0.02815090076335877970041605967,0.01686849912126537844880489003,private
view_b,high,100000,medium,high,managed,-5,0.5822222222222222,0.6322222222222222,1,4159.0080,3586.4640,4.4640,32.400,72.00,3.1680,14.9760,2880.0,32.49225,provider-billed input + output tokens,28.01925,normalized input + visible output tokens,0.07143334351145038440585280578,0.05672790158172232185335330691,private
view_a,not_applicable,100000,medium,high,private,-5,0.6322222222222222,0.5822222222222222,1,1152.00,579.4560,,,,,,,9.00,provider-billed input + output tokens,4.5270,normalized input + visible output tokens,0.01822144112478031698493641915,0.009952488549618320990552998077,private
view_b,low,100000,medium,high,private,-5,0.6322222222222222,0.5822222222222222,1,1319.0080,746.4640,4.4640,32.400,72.00,3.1680,14.9760,40.00,10.30475,provider-billed input + output tokens,5.83175,normalized input + visible output tokens,0.02086304393673110793894706280,0.01282094656488549667255521240,private
view_b,typical,100000,medium,high,private,-5,0.6322222222222222,0.5822222222222222,1,1639.0080,1066.4640,4.4640,32.400,72.00,3.1680,14.9760,360.0,12.80475,provider-billed input + output tokens,8.33175,normalized input + visible output tokens,0.02592455536028119599031829034,0.01831712977099236711134083095,private
view_b,high,100000,medium,high,private,-5,0.6322222222222222,0.5822222222222222,1,4159.0080,3586.4640,4.4640,32.400,72.00,3.1680,14.9760,2880.0,32.49225,provider-billed input + output tokens,28.01925,normalized input + visible output tokens,0.06578395782073813939486670723,0.06159957251908397181677757706,private
view_a,not_applicable,100000,medium,high,measured,0,0.6322222222222222,0.6322222222222222,1,1152.00,579.4560,,,,,,,9.00,provider-billed input + output tokens,4.5270,normalized input + visible output tokens,0.01822144112478031698493641915,0.009165384885764499443423018832,private
view_b,low,100000,medium,high,measured,0,0.6322222222222222,0.6322222222222222,1,1319.0080,746.4640,4.4640,32.400,72.00,3.1680,14.9760,40.00,10.30475,provider-billed input + output tokens,5.83175,normalized input + visible output tokens,0.02086304393673110793894706280,0.01180698769771529039743366249,private
view_b,typical,100000,medium,high,measured,0,0.6322222222222222,0.6322222222222222,1,1639.0080,1066.4640,4.4640,32.400,72.00,3.1680,14.9760,360.0,12.80475,provider-billed input + output tokens,8.33175,normalized input + visible output tokens,0.02592455536028119599031829034,0.01686849912126537844880489003,private
view_b,high,100000,medium,high,measured,0,0.6322222222222222,0.6322222222222222,1,4159.0080,3586.4640,4.4640,32.400,72.00,3.1680,14.9760,2880.0,32.49225,provider-billed input + output tokens,28.01925,normalized input + visible output tokens,0.06578395782073813939486670723,0.05672790158172232185335330691,private
view_a,not_applicable,100000,medium,high,managed,5,0.6822222222222222,0.6322222222222222,1,1152.00,579.4560,,,,,,,9.00,provider-billed input + output tokens,4.5270,normalized input + visible output tokens,0.01688599348534202009400630245,0.009165384885764499443423018832,private
view_b,low,100000,medium,high,managed,5,0.6822222222222222,0.6322222222222222,1,1319.0080,746.4640,4.4640,32.400,72.00,3.1680,14.9760,40.00,10.30475,provider-billed input + output tokens,5.83175,normalized input + visible output tokens,0.01933399348534202017374571613,0.01180698769771529039743366249,private
view_b,typical,100000,medium,high,managed,5,0.6822222222222222,0.6322222222222222,1,1639.0080,1066.4640,4.4640,32.400,72.00,3.1680,14.9760,360.0,12.80475,provider-billed input + output tokens,8.33175,normalized input + visible output tokens,0.02402454723127035908874746682,0.01686849912126537844880489003,private
view_b,high,100000,medium,high,managed,5,0.6822222222222222,0.6322222222222222,1,4159.0080,3586.4640,4.4640,32.400,72.00,3.1680,14.9760,2880.0,32.49225,provider-billed input + output tokens,28.01925,normalized input + visible output tokens,0.06096265798045602804438625344,0.05672790158172232185335330691,private
view_a,not_applicable,100000,medium,high,private,5,0.6322222222222222,0.6822222222222222,1,1152.00,579.4560,,,,,,,9.00,provider-billed input + output tokens,4.5270,normalized input + visible output tokens,0.01822144112478031698493641915,0.008493654723127036107285170134,private
view_b,low,100000,medium,high,private,5,0.6322222222222222,0.6822222222222222,1,1319.0080,746.4640,4.4640,32.400,72.00,3.1680,14.9760,40.00,10.30475,provider-billed input + output tokens,5.83175,normalized input + visible output tokens,0.02086304393673110793894706280,0.01094165472312703618702458382,private
view_b,typical,100000,medium,high,private,5,0.6322222222222222,0.6822222222222222,1,1639.0080,1066.4640,4.4640,32.400,72.00,3.1680,14.9760,360.0,12.80475,provider-billed input + output tokens,8.33175,normalized input + visible output tokens,0.02592455536028119599031829034,0.01563220846905537510202633450,private
view_b,high,100000,medium,high,private,5,0.6322222222222222,0.6822222222222222,1,4159.0080,3586.4640,4.4640,32.400,72.00,3.1680,14.9760,2880.0,32.49225,provider-billed input + output tokens,28.01925,normalized input + visible output tokens,0.06578395782073813939486670723,0.05257031921824104405766512112,private
view_a,not_applicable,500000,short,low,managed,-5,0.5822222222222222,0.6322222222222222,5,1440.00,2897.2800,,,,,,,9.00,provider-billed input + output tokens,18.1080,normalized input + visible output tokens,0.004946564885496183394907056698,0.009165384885764499443423018832,managed
view_b,low,500000,short,low,managed,-5,0.5822222222222222,0.6322222222222222,5,1607.0080,3064.2880,4.4640,32.400,72.00,3.1680,14.9760,40.00,10.0438,provider-billed input + output tokens,19.1518,normalized input + visible output tokens,0.005520256488549618531307499563,0.009693705448154657634225147563,managed
view_b,typical,500000,short,low,managed,-5,0.5822222222222222,0.6322222222222222,5,1927.0080,3384.2880,4.4640,32.400,72.00,3.1680,14.9760,360.0,12.0438,provider-billed input + output tokens,21.1518,normalized input + visible output tokens,0.006619493129770992619064623274,0.01070600773286467524449939307,managed
view_b,high,500000,short,low,managed,-5,0.5822222222222222,0.6322222222222222,5,4447.0080,5904.2880,4.4640,32.400,72.00,3.1680,14.9760,2880.0,27.7938,provider-billed input + output tokens,36.9018,normalized input + visible output tokens,0.01527598167938931356015197250,0.01867788822495606392540907645,managed
view_a,not_applicable,500000,short,low,private,-5,0.6322222222222222,0.5822222222222222,5,1440.00,2897.2800,,,,,,,9.00,provider-billed input + output tokens,18.1080,normalized input + visible output tokens,0.004555360281195079246234104787,0.009952488549618320990552998077,managed
view_b,low,500000,short,low,private,-5,0.6322222222222222,0.5822222222222222,5,1607.0080,3064.2880,4.4640,32.400,72.00,3.1680,14.9760,40.00,10.0438,provider-billed input + output tokens,19.1518,normalized input + visible output tokens,0.005083680843585237437036233518,0.01052618015267175612695344094,managed
view_b,typical,500000,short,low,private,-5,0.6322222222222222,0.5822222222222222,5,1927.0080,3384.2880,4.4640,32.400,72.00,3.1680,14.9760,360.0,12.0438,provider-billed input + output tokens,21.1518,normalized input + visible output tokens,0.006095983128295255047310479026,0.01162541679389313021471056465,managed
view_b,high,500000,short,low,private,-5,0.6322222222222222,0.5822222222222222,5,4447.0080,5904.2880,4.4640,32.400,72.00,3.1680,14.9760,2880.0,27.7938,provider-billed input + output tokens,36.9018,normalized input + visible output tokens,0.01406786362038664372822016240,0.02028190534351145115579791387,managed
view_a,not_applicable,500000,short,low,measured,0,0.6322222222222222,0.6322222222222222,5,1440.00,2897.2800,,,,,,,9.00,provider-billed input + output tokens,18.1080,normalized input + visible output tokens,0.004555360281195079246234104787,0.009165384885764499443423018832,managed
view_b,low,500000,short,low,measured,0,0.6322222222222222,0.6322222222222222,5,1607.0080,3064.2880,4.4640,32.400,72.00,3.1680,14.9760,40.00,10.0438,provider-billed input + output tokens,19.1518,normalized input + visible output tokens,0.005083680843585237437036233518,0.009693705448154657634225147563,managed
view_b,typical,500000,short,low,measured,0,0.6322222222222222,0.6322222222222222,5,1927.0080,3384.2880,4.4640,32.400,72.00,3.1680,14.9760,360.0,12.0438,provider-billed input + output tokens,21.1518,normalized input + visible output tokens,0.006095983128295255047310479026,0.01070600773286467524449939307,managed
view_b,high,500000,short,low,measured,0,0.6322222222222222,0.6322222222222222,5,4447.0080,5904.2880,4.4640,32.400,72.00,3.1680,14.9760,2880.0,27.7938,provider-billed input + output tokens,36.9018,normalized input + visible output tokens,0.01406786362038664372822016240,0.01867788822495606392540907645,managed
view_a,not_applicable,500000,short,low,managed,5,0.6822222222222222,0.6322222222222222,5,1440.00,2897.2800,,,,,,,9.00,provider-billed input + output tokens,18.1080,normalized input + visible output tokens,0.004221498371335505023501575614,0.009165384885764499443423018832,managed
view_b,low,500000,short,low,managed,5,0.6822222222222222,0.6322222222222222,5,1607.0080,3064.2880,4.4640,32.400,72.00,3.1680,14.9760,40.00,10.0438,provider-billed input + output tokens,19.1518,normalized input + visible output tokens,0.004711098371335505039449458350,0.009693705448154657634225147563,managed
view_b,typical,500000,short,low,managed,5,0.6822222222222222,0.6322222222222222,5,1927.0080,3384.2880,4.4640,32.400,72.00,3.1680,14.9760,360.0,12.0438,provider-billed input + output tokens,21.1518,normalized input + visible output tokens,0.005649209120521172822449808486,0.01070600773286467524449939307,managed
view_b,high,500000,short,low,managed,5,0.6822222222222222,0.6322222222222222,5,4447.0080,5904.2880,4.4640,32.400,72.00,3.1680,14.9760,2880.0,27.7938,provider-billed input + output tokens,36.9018,normalized input + visible output tokens,0.01303683127035830661357756581,0.01867788822495606392540907645,managed
view_a,not_applicable,500000,short,low,private,5,0.6322222222222222,0.6822222222222222,5,1440.00,2897.2800,,,,,,,9.00,provider-billed input + output tokens,18.1080,normalized input + visible output tokens,0.004555360281195079246234104787,0.008493654723127036107285170134,managed
view_b,low,500000,short,low,private,5,0.6322222222222222,0.6822222222222222,5,1607.0080,3064.2880,4.4640,32.400,72.00,3.1680,14.9760,40.00,10.0438,provider-billed input + output tokens,19.1518,normalized input + visible output tokens,0.005083680843585237437036233518,0.008983254723127036123233052871,managed
view_b,typical,500000,short,low,private,5,0.6322222222222222,0.6822222222222222,5,1927.0080,3384.2880,4.4640,32.400,72.00,3.1680,14.9760,360.0,12.0438,provider-billed input + output tokens,21.1518,normalized input + visible output tokens,0.006095983128295255047310479026,0.009921365472312703906233403007,managed
view_b,high,500000,short,low,private,5,0.6322222222222222,0.6822222222222222,5,4447.0080,5904.2880,4.4640,32.400,72.00,3.1680,14.9760,2880.0,27.7938,provider-billed input + output tokens,36.9018,normalized input + visible output tokens,0.01406786362038664372822016240,0.01730898762214983769736116033,managed
view_a,not_applicable,500000,short,typical,managed,-5,0.5822222222222222,0.6322222222222222,1,1440.00,579.4560,,,,,,,9.00,provider-billed input + output tokens,3.6216,normalized input + visible output tokens,0.004946564885496183394907056698,0.001833076977152899888684603766,private
view_b,low,500000,short,typical,managed,-5,0.5822222222222222,0.6322222222222222,1,1607.0080,746.4640,4.4640,32.400,72.00,3.1680,14.9760,40.00,10.0438,provider-billed input + output tokens,4.6654,normalized input + visible output tokens,0.005520256488549618531307499563,0.002361397539543058079486732497,private
view_b,typical,500000,short,typical,managed,-5,0.5822222222222222,0.6322222222222222,1,1927.0080,1066.4640,4.4640,32.400,72.00,3.1680,14.9760,360.0,12.0438,provider-billed input + output tokens,6.6654,normalized input + visible output tokens,0.006619493129770992619064623274,0.003373699824253075689760978005,private
view_b,high,500000,short,typical,managed,-5,0.5822222222222222,0.6322222222222222,1,4447.0080,3586.4640,4.4640,32.400,72.00,3.1680,14.9760,2880.0,27.7938,provider-billed input + output tokens,22.4154,normalized input + visible output tokens,0.01527598167938931356015197250,0.01134558031634446437067066138,private
view_a,not_applicable,500000,short,typical,private,-5,0.6322222222222222,0.5822222222222222,1,1440.00,579.4560,,,,,,,9.00,provider-billed input + output tokens,3.6216,normalized input + visible output tokens,0.004555360281195079246234104787,0.001990497709923664198110599615,private
view_b,low,500000,short,typical,private,-5,0.6322222222222222,0.5822222222222222,1,1607.0080,746.4640,4.4640,32.400,72.00,3.1680,14.9760,40.00,10.0438,provider-billed input + output tokens,4.6654,normalized input + visible output tokens,0.005083680843585237437036233518,0.002564189312977099334511042480,private
view_b,typical,500000,short,typical,private,-5,0.6322222222222222,0.5822222222222222,1,1927.0080,1066.4640,4.4640,32.400,72.00,3.1680,14.9760,360.0,12.0438,provider-billed input + output tokens,6.6654,normalized input + visible output tokens,0.006095983128295255047310479026,0.003663425954198473422268166191,private
view_b,high,500000,short,typical,private,-5,0.6322222222222222,0.5822222222222222,1,4447.0080,3586.4640,4.4640,32.400,72.00,3.1680,14.9760,2880.0,27.7938,provider-billed input + output tokens,22.4154,normalized input + visible output tokens,0.01406786362038664372822016240,0.01231991450381679436335551541,private
view_a,not_applicable,500000,short,typical,measured,0,0.6322222222222222,0.6322222222222222,1,1440.00,579.4560,,,,,,,9.00,provider-billed input + output tokens,3.6216,normalized input + visible output tokens,0.004555360281195079246234104787,0.001833076977152899888684603766,private
view_b,low,500000,short,typical,measured,0,0.6322222222222222,0.6322222222222222,1,1607.0080,746.4640,4.4640,32.400,72.00,3.1680,14.9760,40.00,10.0438,provider-billed input + output tokens,4.6654,normalized input + visible output tokens,0.005083680843585237437036233518,0.002361397539543058079486732497,private
view_b,typical,500000,short,typical,measured,0,0.6322222222222222,0.6322222222222222,1,1927.0080,1066.4640,4.4640,32.400,72.00,3.1680,14.9760,360.0,12.0438,provider-billed input + output tokens,6.6654,normalized input + visible output tokens,0.006095983128295255047310479026,0.003373699824253075689760978005,private
view_b,high,500000,short,typical,measured,0,0.6322222222222222,0.6322222222222222,1,4447.0080,3586.4640,4.4640,32.400,72.00,3.1680,14.9760,2880.0,27.7938,provider-billed input + output tokens,22.4154,normalized input + visible output tokens,0.01406786362038664372822016240,0.01134558031634446437067066138,private
view_a,not_applicable,500000,short,typical,managed,5,0.6822222222222222,0.6322222222222222,1,1440.00,579.4560,,,,,,,9.00,provider-billed input + output tokens,3.6216,normalized input + visible output tokens,0.004221498371335505023501575614,0.001833076977152899888684603766,private
view_b,low,500000,short,typical,managed,5,0.6822222222222222,0.6322222222222222,1,1607.0080,746.4640,4.4640,32.400,72.00,3.1680,14.9760,40.00,10.0438,provider-billed input + output tokens,4.6654,normalized input + visible output tokens,0.004711098371335505039449458350,0.002361397539543058079486732497,private
view_b,typical,500000,short,typical,managed,5,0.6822222222222222,0.6322222222222222,1,1927.0080,1066.4640,4.4640,32.400,72.00,3.1680,14.9760,360.0,12.0438,provider-billed input + output tokens,6.6654,normalized input + visible output tokens,0.005649209120521172822449808486,0.003373699824253075689760978005,private
view_b,high,500000,short,typical,managed,5,0.6822222222222222,0.6322222222222222,1,4447.0080,3586.4640,4.4640,32.400,72.00,3.1680,14.9760,2880.0,27.7938,provider-billed input + output tokens,22.4154,normalized input + visible output tokens,0.01303683127035830661357756581,0.01134558031634446437067066138,private
view_a,not_applicable,500000,short,typical,private,5,0.6322222222222222,0.6822222222222222,1,1440.00,579.4560,,,,,,,9.00,provider-billed input + output tokens,3.6216,normalized input + visible output tokens,0.004555360281195079246234104787,0.001698730944625407221457034027,private
view_b,low,500000,short,typical,private,5,0.6322222222222222,0.6822222222222222,1,1607.0080,746.4640,4.4640,32.400,72.00,3.1680,14.9760,40.00,10.0438,provider-billed input + output tokens,4.6654,normalized input + visible output tokens,0.005083680843585237437036233518,0.002188330944625407237404916763,private
view_b,typical,500000,short,typical,private,5,0.6322222222222222,0.6822222222222222,1,1927.0080,1066.4640,4.4640,32.400,72.00,3.1680,14.9760,360.0,12.0438,provider-billed input + output tokens,6.6654,normalized input + visible output tokens,0.006095983128295255047310479026,0.003126441693811075020405266899,private
view_b,high,500000,short,typical,private,5,0.6322222222222222,0.6822222222222222,1,4447.0080,3586.4640,4.4640,32.400,72.00,3.1680,14.9760,2880.0,27.7938,provider-billed input + output tokens,22.4154,normalized input + visible output tokens,0.01406786362038664372822016240,0.01051406384364820881153302422,private
view_a,not_applicable,500000,short,high,managed,-5,0.5822222222222222,0.6322222222222222,1,1440.00,579.4560,,,,,,,9.00,provider-billed input + output tokens,3.6216,normalized input + visible output tokens,0.004946564885496183394907056698,0.001833076977152899888684603766,private
view_b,low,500000,short,high,managed,-5,0.5822222222222222,0.6322222222222222,1,1607.0080,746.4640,4.4640,32.400,72.00,3.1680,14.9760,40.00,10.0438,provider-billed input + output tokens,4.6654,normalized input + visible output tokens,0.005520256488549618531307499563,0.002361397539543058079486732497,private
view_b,typical,500000,short,high,managed,-5,0.5822222222222222,0.6322222222222222,1,1927.0080,1066.4640,4.4640,32.400,72.00,3.1680,14.9760,360.0,12.0438,provider-billed input + output tokens,6.6654,normalized input + visible output tokens,0.006619493129770992619064623274,0.003373699824253075689760978005,private
view_b,high,500000,short,high,managed,-5,0.5822222222222222,0.6322222222222222,1,4447.0080,3586.4640,4.4640,32.400,72.00,3.1680,14.9760,2880.0,27.7938,provider-billed input + output tokens,22.4154,normalized input + visible output tokens,0.01527598167938931356015197250,0.01134558031634446437067066138,private
view_a,not_applicable,500000,short,high,private,-5,0.6322222222222222,0.5822222222222222,1,1440.00,579.4560,,,,,,,9.00,provider-billed input + output tokens,3.6216,normalized input + visible output tokens,0.004555360281195079246234104787,0.001990497709923664198110599615,private
view_b,low,500000,short,high,private,-5,0.6322222222222222,0.5822222222222222,1,1607.0080,746.4640,4.4640,32.400,72.00,3.1680,14.9760,40.00,10.0438,provider-billed input + output tokens,4.6654,normalized input + visible output tokens,0.005083680843585237437036233518,0.002564189312977099334511042480,private
view_b,typical,500000,short,high,private,-5,0.6322222222222222,0.5822222222222222,1,1927.0080,1066.4640,4.4640,32.400,72.00,3.1680,14.9760,360.0,12.0438,provider-billed input + output tokens,6.6654,normalized input + visible output tokens,0.006095983128295255047310479026,0.003663425954198473422268166191,private
view_b,high,500000,short,high,private,-5,0.6322222222222222,0.5822222222222222,1,4447.0080,3586.4640,4.4640,32.400,72.00,3.1680,14.9760,2880.0,27.7938,provider-billed input + output tokens,22.4154,normalized input + visible output tokens,0.01406786362038664372822016240,0.01231991450381679436335551541,private
view_a,not_applicable,500000,short,high,measured,0,0.6322222222222222,0.6322222222222222,1,1440.00,579.4560,,,,,,,9.00,provider-billed input + output tokens,3.6216,normalized input + visible output tokens,0.004555360281195079246234104787,0.001833076977152899888684603766,private
view_b,low,500000,short,high,measured,0,0.6322222222222222,0.6322222222222222,1,1607.0080,746.4640,4.4640,32.400,72.00,3.1680,14.9760,40.00,10.0438,provider-billed input + output tokens,4.6654,normalized input + visible output tokens,0.005083680843585237437036233518,0.002361397539543058079486732497,private
view_b,typical,500000,short,high,measured,0,0.6322222222222222,0.6322222222222222,1,1927.0080,1066.4640,4.4640,32.400,72.00,3.1680,14.9760,360.0,12.0438,provider-billed input + output tokens,6.6654,normalized input + visible output tokens,0.006095983128295255047310479026,0.003373699824253075689760978005,private
view_b,high,500000,short,high,measured,0,0.6322222222222222,0.6322222222222222,1,4447.0080,3586.4640,4.4640,32.400,72.00,3.1680,14.9760,2880.0,27.7938,provider-billed input + output tokens,22.4154,normalized input + visible output tokens,0.01406786362038664372822016240,0.01134558031634446437067066138,private
view_a,not_applicable,500000,short,high,managed,5,0.6822222222222222,0.6322222222222222,1,1440.00,579.4560,,,,,,,9.00,provider-billed input + output tokens,3.6216,normalized input + visible output tokens,0.004221498371335505023501575614,0.001833076977152899888684603766,private
view_b,low,500000,short,high,managed,5,0.6822222222222222,0.6322222222222222,1,1607.0080,746.4640,4.4640,32.400,72.00,3.1680,14.9760,40.00,10.0438,provider-billed input + output tokens,4.6654,normalized input + visible output tokens,0.004711098371335505039449458350,0.002361397539543058079486732497,private
view_b,typical,500000,short,high,managed,5,0.6822222222222222,0.6322222222222222,1,1927.0080,1066.4640,4.4640,32.400,72.00,3.1680,14.9760,360.0,12.0438,provider-billed input + output tokens,6.6654,normalized input + visible output tokens,0.005649209120521172822449808486,0.003373699824253075689760978005,private
view_b,high,500000,short,high,managed,5,0.6822222222222222,0.6322222222222222,1,4447.0080,3586.4640,4.4640,32.400,72.00,3.1680,14.9760,2880.0,27.7938,provider-billed input + output tokens,22.4154,normalized input + visible output tokens,0.01303683127035830661357756581,0.01134558031634446437067066138,private
view_a,not_applicable,500000,short,high,private,5,0.6322222222222222,0.6822222222222222,1,1440.00,579.4560,,,,,,,9.00,provider-billed input + output tokens,3.6216,normalized input + visible output tokens,0.004555360281195079246234104787,0.001698730944625407221457034027,private
view_b,low,500000,short,high,private,5,0.6322222222222222,0.6822222222222222,1,1607.0080,746.4640,4.4640,32.400,72.00,3.1680,14.9760,40.00,10.0438,provider-billed input + output tokens,4.6654,normalized input + visible output tokens,0.005083680843585237437036233518,0.002188330944625407237404916763,private
view_b,typical,500000,short,high,private,5,0.6322222222222222,0.6822222222222222,1,1927.0080,1066.4640,4.4640,32.400,72.00,3.1680,14.9760,360.0,12.0438,provider-billed input + output tokens,6.6654,normalized input + visible output tokens,0.006095983128295255047310479026,0.003126441693811075020405266899,private
view_b,high,500000,short,high,private,5,0.6322222222222222,0.6822222222222222,1,4447.0080,3586.4640,4.4640,32.400,72.00,3.1680,14.9760,2880.0,27.7938,provider-billed input + output tokens,22.4154,normalized input + visible output tokens,0.01406786362038664372822016240,0.01051406384364820881153302422,private
view_a,not_applicable,500000,medium,low,managed,-5,0.5822222222222222,0.6322222222222222,5,5760.00,2897.2800,,,,,,,9.00,provider-billed input + output tokens,4.5270,normalized input + visible output tokens,0.01978625954198473357962822679,0.009165384885764499443423018832,private
view_b,low,500000,medium,low,managed,-5,0.5822222222222222,0.6322222222222222,5,5927.0080,3064.2880,4.4640,32.400,72.00,3.1680,14.9760,40.00,9.26095,provider-billed input + output tokens,4.78795,normalized input + visible output tokens,0.02035995114503816871602866966,0.009693705448154657634225147563,private
view_b,typical,500000,medium,low,managed,-5,0.5822222222222222,0.6322222222222222,5,6247.0080,3384.2880,4.4640,32.400,72.00,3.1680,14.9760,360.0,9.76095,provider-billed input + output tokens,5.28795,normalized input + visible output tokens,0.02145918778625954280378579337,0.01070600773286467524449939307,private
view_b,high,500000,medium,low,managed,-5,0.5822222222222222,0.6322222222222222,5,8767.0080,5904.2880,4.4640,32.400,72.00,3.1680,14.9760,2880.0,13.69845,provider-billed input + output tokens,9.22545,normalized input + visible output tokens,0.03011567633587786374487314259,0.01867788822495606392540907645,private
view_a,not_applicable,500000,medium,low,private,-5,0.6322222222222222,0.5822222222222222,5,5760.00,2897.2800,,,,,,,9.00,provider-billed input + output tokens,4.5270,normalized input + visible output tokens,0.01822144112478031698493641915,0.009952488549618320990552998077,private
view_b,low,500000,medium,low,private,-5,0.6322222222222222,0.5822222222222222,5,5927.0080,3064.2880,4.4640,32.400,72.00,3.1680,14.9760,40.00,9.26095,provider-billed input + output tokens,4.78795,normalized input + visible output tokens,0.01874976168717047517573854788,0.01052618015267175612695344094,private
view_b,typical,500000,medium,low,private,-5,0.6322222222222222,0.5822222222222222,5,6247.0080,3384.2880,4.4640,32.400,72.00,3.1680,14.9760,360.0,9.76095,provider-billed input + output tokens,5.28795,normalized input + visible output tokens,0.01976206397188049278601279339,0.01162541679389313021471056465,private
view_b,high,500000,medium,low,private,-5,0.6322222222222222,0.5822222222222222,5,8767.0080,5904.2880,4.4640,32.400,72.00,3.1680,14.9760,2880.0,13.69845,provider-billed input + output tokens,9.22545,normalized input + visible output tokens,0.02773394446397188146692247677,0.02028190534351145115579791387,private
view_a,not_applicable,500000,medium,low,measured,0,0.6322222222222222,0.6322222222222222,5,5760.00,2897.2800,,,,,,,9.00,provider-billed input + output tokens,4.5270,normalized input + visible output tokens,0.01822144112478031698493641915,0.009165384885764499443423018832,private
view_b,low,500000,medium,low,measured,0,0.6322222222222222,0.6322222222222222,5,5927.0080,3064.2880,4.4640,32.400,72.00,3.1680,14.9760,40.00,9.26095,provider-billed input + output tokens,4.78795,normalized input + visible output tokens,0.01874976168717047517573854788,0.009693705448154657634225147563,private
view_b,typical,500000,medium,low,measured,0,0.6322222222222222,0.6322222222222222,5,6247.0080,3384.2880,4.4640,32.400,72.00,3.1680,14.9760,360.0,9.76095,provider-billed input + output tokens,5.28795,normalized input + visible output tokens,0.01976206397188049278601279339,0.01070600773286467524449939307,private
view_b,high,500000,medium,low,measured,0,0.6322222222222222,0.6322222222222222,5,8767.0080,5904.2880,4.4640,32.400,72.00,3.1680,14.9760,2880.0,13.69845,provider-billed input + output tokens,9.22545,normalized input + visible output tokens,0.02773394446397188146692247677,0.01867788822495606392540907645,private
view_a,not_applicable,500000,medium,low,managed,5,0.6822222222222222,0.6322222222222222,5,5760.00,2897.2800,,,,,,,9.00,provider-billed input + output tokens,4.5270,normalized input + visible output tokens,0.01688599348534202009400630245,0.009165384885764499443423018832,private
view_b,low,500000,medium,low,managed,5,0.6822222222222222,0.6322222222222222,5,5927.0080,3064.2880,4.4640,32.400,72.00,3.1680,14.9760,40.00,9.26095,provider-billed input + output tokens,4.78795,normalized input + visible output tokens,0.01737559348534202010995418519,0.009693705448154657634225147563,private
view_b,typical,500000,medium,low,managed,5,0.6822222222222222,0.6322222222222222,5,6247.0080,3384.2880,4.4640,32.400,72.00,3.1680,14.9760,360.0,9.76095,provider-billed input + output tokens,5.28795,normalized input + visible output tokens,0.01831370423452768789295453533,0.01070600773286467524449939307,private
view_b,high,500000,medium,low,managed,5,0.6822222222222222,0.6322222222222222,5,8767.0080,5904.2880,4.4640,32.400,72.00,3.1680,14.9760,2880.0,13.69845,provider-billed input + output tokens,9.22545,normalized input + visible output tokens,0.02570132638436482168408229265,0.01867788822495606392540907645,private
view_a,not_applicable,500000,medium,low,private,5,0.6322222222222222,0.6822222222222222,5,5760.00,2897.2800,,,,,,,9.00,provider-billed input + output tokens,4.5270,normalized input + visible output tokens,0.01822144112478031698493641915,0.008493654723127036107285170134,private
view_b,low,500000,medium,low,private,5,0.6322222222222222,0.6822222222222222,5,5927.0080,3064.2880,4.4640,32.400,72.00,3.1680,14.9760,40.00,9.26095,provider-billed input + output tokens,4.78795,normalized input + visible output tokens,0.01874976168717047517573854788,0.008983254723127036123233052871,private
view_b,typical,500000,medium,low,private,5,0.6322222222222222,0.6822222222222222,5,6247.0080,3384.2880,4.4640,32.400,72.00,3.1680,14.9760,360.0,9.76095,provider-billed input + output tokens,5.28795,normalized input + visible output tokens,0.01976206397188049278601279339,0.009921365472312703906233403007,private
view_b,high,500000,medium,low,private,5,0.6322222222222222,0.6822222222222222,5,8767.0080,5904.2880,4.4640,32.400,72.00,3.1680,14.9760,2880.0,13.69845,provider-billed input + output tokens,9.22545,normalized input + visible output tokens,0.02773394446397188146692247677,0.01730898762214983769736116033,private
view_a,not_applicable,500000,medium,typical,managed,-5,0.5822222222222222,0.6322222222222222,1,5760.00,579.4560,,,,,,,9.00,provider-billed input + output tokens,0.9054,normalized input + visible output tokens,0.01978625954198473357962822679,0.001833076977152899888684603766,private
view_b,low,500000,medium,typical,managed,-5,0.5822222222222222,0.6322222222222222,1,5927.0080,746.4640,4.4640,32.400,72.00,3.1680,14.9760,40.00,9.26095,provider-billed input + output tokens,1.16635,normalized input + visible output tokens,0.02035995114503816871602866966,0.002361397539543058079486732497,private
view_b,typical,500000,medium,typical,managed,-5,0.5822222222222222,0.6322222222222222,1,6247.0080,1066.4640,4.4640,32.400,72.00,3.1680,14.9760,360.0,9.76095,provider-billed input + output tokens,1.66635,normalized input + visible output tokens,0.02145918778625954280378579337,0.003373699824253075689760978005,private
view_b,high,500000,medium,typical,managed,-5,0.5822222222222222,0.6322222222222222,1,8767.0080,3586.4640,4.4640,32.400,72.00,3.1680,14.9760,2880.0,13.69845,provider-billed input + output tokens,5.60385,normalized input + visible output tokens,0.03011567633587786374487314259,0.01134558031634446437067066138,private
view_a,not_applicable,500000,medium,typical,private,-5,0.6322222222222222,0.5822222222222222,1,5760.00,579.4560,,,,,,,9.00,provider-billed input + output tokens,0.9054,normalized input + visible output tokens,0.01822144112478031698493641915,0.001990497709923664198110599615,private
view_b,low,500000,medium,typical,private,-5,0.6322222222222222,0.5822222222222222,1,5927.0080,746.4640,4.4640,32.400,72.00,3.1680,14.9760,40.00,9.26095,provider-billed input + output tokens,1.16635,normalized input + visible output tokens,0.01874976168717047517573854788,0.002564189312977099334511042480,private
view_b,typical,500000,medium,typical,private,-5,0.6322222222222222,0.5822222222222222,1,6247.0080,1066.4640,4.4640,32.400,72.00,3.1680,14.9760,360.0,9.76095,provider-billed input + output tokens,1.66635,normalized input + visible output tokens,0.01976206397188049278601279339,0.003663425954198473422268166191,private
view_b,high,500000,medium,typical,private,-5,0.6322222222222222,0.5822222222222222,1,8767.0080,3586.4640,4.4640,32.400,72.00,3.1680,14.9760,2880.0,13.69845,provider-billed input + output tokens,5.60385,normalized input + visible output tokens,0.02773394446397188146692247677,0.01231991450381679436335551541,private
view_a,not_applicable,500000,medium,typical,measured,0,0.6322222222222222,0.6322222222222222,1,5760.00,579.4560,,,,,,,9.00,provider-billed input + output tokens,0.9054,normalized input + visible output tokens,0.01822144112478031698493641915,0.001833076977152899888684603766,private
view_b,low,500000,medium,typical,measured,0,0.6322222222222222,0.6322222222222222,1,5927.0080,746.4640,4.4640,32.400,72.00,3.1680,14.9760,40.00,9.26095,provider-billed input + output tokens,1.16635,normalized input + visible output tokens,0.01874976168717047517573854788,0.002361397539543058079486732497,private
view_b,typical,500000,medium,typical,measured,0,0.6322222222222222,0.6322222222222222,1,6247.0080,1066.4640,4.4640,32.400,72.00,3.1680,14.9760,360.0,9.76095,provider-billed input + output tokens,1.66635,normalized input + visible output tokens,0.01976206397188049278601279339,0.003373699824253075689760978005,private
view_b,high,500000,medium,typical,measured,0,0.6322222222222222,0.6322222222222222,1,8767.0080,3586.4640,4.4640,32.400,72.00,3.1680,14.9760,2880.0,13.69845,provider-billed input + output tokens,5.60385,normalized input + visible output tokens,0.02773394446397188146692247677,0.01134558031634446437067066138,private
view_a,not_applicable,500000,medium,typical,managed,5,0.6822222222222222,0.6322222222222222,1,5760.00,579.4560,,,,,,,9.00,provider-billed input + output tokens,0.9054,normalized input + visible output tokens,0.01688599348534202009400630245,0.001833076977152899888684603766,private
view_b,low,500000,medium,typical,managed,5,0.6822222222222222,0.6322222222222222,1,5927.0080,746.4640,4.4640,32.400,72.00,3.1680,14.9760,40.00,9.26095,provider-billed input + output tokens,1.16635,normalized input + visible output tokens,0.01737559348534202010995418519,0.002361397539543058079486732497,private
view_b,typical,500000,medium,typical,managed,5,0.6822222222222222,0.6322222222222222,1,6247.0080,1066.4640,4.4640,32.400,72.00,3.1680,14.9760,360.0,9.76095,provider-billed input + output tokens,1.66635,normalized input + visible output tokens,0.01831370423452768789295453533,0.003373699824253075689760978005,private
view_b,high,500000,medium,typical,managed,5,0.6822222222222222,0.6322222222222222,1,8767.0080,3586.4640,4.4640,32.400,72.00,3.1680,14.9760,2880.0,13.69845,provider-billed input + output tokens,5.60385,normalized input + visible output tokens,0.02570132638436482168408229265,0.01134558031634446437067066138,private
view_a,not_applicable,500000,medium,typical,private,5,0.6322222222222222,0.6822222222222222,1,5760.00,579.4560,,,,,,,9.00,provider-billed input + output tokens,0.9054,normalized input + visible output tokens,0.01822144112478031698493641915,0.001698730944625407221457034027,private
view_b,low,500000,medium,typical,private,5,0.6322222222222222,0.6822222222222222,1,5927.0080,746.4640,4.4640,32.400,72.00,3.1680,14.9760,40.00,9.26095,provider-billed input + output tokens,1.16635,normalized input + visible output tokens,0.01874976168717047517573854788,0.002188330944625407237404916763,private
view_b,typical,500000,medium,typical,private,5,0.6322222222222222,0.6822222222222222,1,6247.0080,1066.4640,4.4640,32.400,72.00,3.1680,14.9760,360.0,9.76095,provider-billed input + output tokens,1.66635,normalized input + visible output tokens,0.01976206397188049278601279339,0.003126441693811075020405266899,private
view_b,high,500000,medium,typical,private,5,0.6322222222222222,0.6822222222222222,1,8767.0080,3586.4640,4.4640,32.400,72.00,3.1680,14.9760,2880.0,13.69845,provider-billed input + output tokens,5.60385,normalized input + visible output tokens,0.02773394446397188146692247677,0.01051406384364820881153302422,private
view_a,not_applicable,500000,medium,high,managed,-5,0.5822222222222222,0.6322222222222222,1,5760.00,579.4560,,,,,,,9.00,provider-billed input + output tokens,0.9054,normalized input + visible output tokens,0.01978625954198473357962822679,0.001833076977152899888684603766,private
view_b,low,500000,medium,high,managed,-5,0.5822222222222222,0.6322222222222222,1,5927.0080,746.4640,4.4640,32.400,72.00,3.1680,14.9760,40.00,9.26095,provider-billed input + output tokens,1.16635,normalized input + visible output tokens,0.02035995114503816871602866966,0.002361397539543058079486732497,private
view_b,typical,500000,medium,high,managed,-5,0.5822222222222222,0.6322222222222222,1,6247.0080,1066.4640,4.4640,32.400,72.00,3.1680,14.9760,360.0,9.76095,provider-billed input + output tokens,1.66635,normalized input + visible output tokens,0.02145918778625954280378579337,0.003373699824253075689760978005,private
view_b,high,500000,medium,high,managed,-5,0.5822222222222222,0.6322222222222222,1,8767.0080,3586.4640,4.4640,32.400,72.00,3.1680,14.9760,2880.0,13.69845,provider-billed input + output tokens,5.60385,normalized input + visible output tokens,0.03011567633587786374487314259,0.01134558031634446437067066138,private
view_a,not_applicable,500000,medium,high,private,-5,0.6322222222222222,0.5822222222222222,1,5760.00,579.4560,,,,,,,9.00,provider-billed input + output tokens,0.9054,normalized input + visible output tokens,0.01822144112478031698493641915,0.001990497709923664198110599615,private
view_b,low,500000,medium,high,private,-5,0.6322222222222222,0.5822222222222222,1,5927.0080,746.4640,4.4640,32.400,72.00,3.1680,14.9760,40.00,9.26095,provider-billed input + output tokens,1.16635,normalized input + visible output tokens,0.01874976168717047517573854788,0.002564189312977099334511042480,private
view_b,typical,500000,medium,high,private,-5,0.6322222222222222,0.5822222222222222,1,6247.0080,1066.4640,4.4640,32.400,72.00,3.1680,14.9760,360.0,9.76095,provider-billed input + output tokens,1.66635,normalized input + visible output tokens,0.01976206397188049278601279339,0.003663425954198473422268166191,private
view_b,high,500000,medium,high,private,-5,0.6322222222222222,0.5822222222222222,1,8767.0080,3586.4640,4.4640,32.400,72.00,3.1680,14.9760,2880.0,13.69845,provider-billed input + output tokens,5.60385,normalized input + visible output tokens,0.02773394446397188146692247677,0.01231991450381679436335551541,private
view_a,not_applicable,500000,medium,high,measured,0,0.6322222222222222,0.6322222222222222,1,5760.00,579.4560,,,,,,,9.00,provider-billed input + output tokens,0.9054,normalized input + visible output tokens,0.01822144112478031698493641915,0.001833076977152899888684603766,private
view_b,low,500000,medium,high,measured,0,0.6322222222222222,0.6322222222222222,1,5927.0080,746.4640,4.4640,32.400,72.00,3.1680,14.9760,40.00,9.26095,provider-billed input + output tokens,1.16635,normalized input + visible output tokens,0.01874976168717047517573854788,0.002361397539543058079486732497,private
view_b,typical,500000,medium,high,measured,0,0.6322222222222222,0.6322222222222222,1,6247.0080,1066.4640,4.4640,32.400,72.00,3.1680,14.9760,360.0,9.76095,provider-billed input + output tokens,1.66635,normalized input + visible output tokens,0.01976206397188049278601279339,0.003373699824253075689760978005,private
view_b,high,500000,medium,high,measured,0,0.6322222222222222,0.6322222222222222,1,8767.0080,3586.4640,4.4640,32.400,72.00,3.1680,14.9760,2880.0,13.69845,provider-billed input + output tokens,5.60385,normalized input + visible output tokens,0.02773394446397188146692247677,0.01134558031634446437067066138,private
view_a,not_applicable,500000,medium,high,managed,5,0.6822222222222222,0.6322222222222222,1,5760.00,579.4560,,,,,,,9.00,provider-billed input + output tokens,0.9054,normalized input + visible output tokens,0.01688599348534202009400630245,0.001833076977152899888684603766,private
view_b,low,500000,medium,high,managed,5,0.6822222222222222,0.6322222222222222,1,5927.0080,746.4640,4.4640,32.400,72.00,3.1680,14.9760,40.00,9.26095,provider-billed input + output tokens,1.16635,normalized input + visible output tokens,0.01737559348534202010995418519,0.002361397539543058079486732497,private
view_b,typical,500000,medium,high,managed,5,0.6822222222222222,0.6322222222222222,1,6247.0080,1066.4640,4.4640,32.400,72.00,3.1680,14.9760,360.0,9.76095,provider-billed input + output tokens,1.66635,normalized input + visible output tokens,0.01831370423452768789295453533,0.003373699824253075689760978005,private
view_b,high,500000,medium,high,managed,5,0.6822222222222222,0.6322222222222222,1,8767.0080,3586.4640,4.4640,32.400,72.00,3.1680,14.9760,2880.0,13.69845,provider-billed input + output tokens,5.60385,normalized input + visible output tokens,0.02570132638436482168408229265,0.01134558031634446437067066138,private
view_a,not_applicable,500000,medium,high,private,5,0.6322222222222222,0.6822222222222222,1,5760.00,579.4560,,,,,,,9.00,provider-billed input + output tokens,0.9054,normalized input + visible output tokens,0.01822144112478031698493641915,0.001698730944625407221457034027,private
view_b,low,500000,medium,high,private,5,0.6322222222222222,0.6822222222222222,1,5927.0080,746.4640,4.4640,32.400,72.00,3.1680,14.9760,40.00,9.26095,provider-billed input + output tokens,1.16635,normalized input + visible output tokens,0.01874976168717047517573854788,0.002188330944625407237404916763,private
view_b,typical,500000,medium,high,private,5,0.6322222222222222,0.6822222222222222,1,6247.0080,1066.4640,4.4640,32.400,72.00,3.1680,14.9760,360.0,9.76095,provider-billed input + output tokens,1.66635,normalized input + visible output tokens,0.01976206397188049278601279339,0.003126441693811075020405266899,private
view_b,high,500000,medium,high,private,5,0.6322222222222222,0.6822222222222222,1,8767.0080,3586.4640,4.4640,32.400,72.00,3.1680,14.9760,2880.0,13.69845,provider-billed input + output tokens,5.60385,normalized input + visible output tokens,0.02773394446397188146692247677,0.01051406384364820881153302422,private
view_a,not_applicable,1000000,short,low,managed,-5,0.5822222222222222,0.6322222222222222,10,2880.00,5794.5600,,,,,,,9.00,provider-billed input + output tokens,18.1080,normalized input + visible output tokens,0.004946564885496183394907056698,0.009165384885764499443423018832,managed
view_b,low,1000000,short,low,managed,-5,0.5822222222222222,0.6322222222222222,10,3047.0080,5961.5680,4.4640,32.400,72.00,3.1680,14.9760,40.00,9.5219,provider-billed input + output tokens,18.6299,normalized input + visible output tokens,0.005233410687022900963107278131,0.009429545166959578538824083197,managed
view_b,typical,1000000,short,low,managed,-5,0.5822222222222222,0.6322222222222222,10,3367.0080,6281.5680,4.4640,32.400,72.00,3.1680,14.9760,360.0,10.5219,provider-billed input + output tokens,19.6299,normalized input + visible output tokens,0.005783029007633588006985839986,0.009935696309314587343961205951,managed
view_b,high,1000000,short,low,managed,-5,0.5822222222222222,0.6322222222222222,10,5887.0080,8801.5680,4.4640,32.400,72.00,3.1680,14.9760,2880.0,18.3969,provider-billed input + output tokens,27.5049,normalized input + visible output tokens,0.01011127328244274847752951460,0.01392163655536028168441604764,managed
view_a,not_applicable,1000000,short,low,private,-5,0.6322222222222222,0.5822222222222222,10,2880.00,5794.5600,,,,,,,9.00,provider-billed input + output tokens,18.1080,normalized input + visible output tokens,0.004555360281195079246234104787,0.009952488549618320990552998077,managed
view_b,low,1000000,short,low,private,-5,0.6322222222222222,0.5822222222222222,10,3047.0080,5961.5680,4.4640,32.400,72.00,3.1680,14.9760,40.00,9.5219,provider-billed input + output tokens,18.6299,normalized input + visible output tokens,0.004819520562390158341635169153,0.01023933435114503855875321951,managed
view_b,typical,1000000,short,low,private,-5,0.6322222222222222,0.5822222222222222,10,3367.0080,6281.5680,4.4640,32.400,72.00,3.1680,14.9760,360.0,10.5219,provider-billed input + output tokens,19.6299,normalized input + visible output tokens,0.005325671704745167146772291907,0.01078895267175572560263178136,managed
view_b,high,1000000,short,low,private,-5,0.6322222222222222,0.5822222222222222,10,5887.0080,8801.5680,4.4640,32.400,72.00,3.1680,14.9760,2880.0,18.3969,provider-billed input + output tokens,27.5049,normalized input + visible output tokens,0.009311611950790861487227133595,0.01511719694656488607317545598,managed
view_a,not_applicable,1000000,short,low,measured,0,0.6322222222222222,0.6322222222222222,10,2880.00,5794.5600,,,,,,,9.00,provider-billed input + output tokens,18.1080,normalized input + visible output tokens,0.004555360281195079246234104787,0.009165384885764499443423018832,managed
view_b,low,1000000,short,low,measured,0,0.6322222222222222,0.6322222222222222,10,3047.0080,5961.5680,4.4640,32.400,72.00,3.1680,14.9760,40.00,9.5219,provider-billed input + output tokens,18.6299,normalized input + visible output tokens,0.004819520562390158341635169153,0.009429545166959578538824083197,managed
view_b,typical,1000000,short,low,measured,0,0.6322222222222222,0.6322222222222222,10,3367.0080,6281.5680,4.4640,32.400,72.00,3.1680,14.9760,360.0,10.5219,provider-billed input + output tokens,19.6299,normalized input + visible output tokens,0.005325671704745167146772291907,0.009935696309314587343961205951,managed
view_b,high,1000000,short,low,measured,0,0.6322222222222222,0.6322222222222222,10,5887.0080,8801.5680,4.4640,32.400,72.00,3.1680,14.9760,2880.0,18.3969,provider-billed input + output tokens,27.5049,normalized input + visible output tokens,0.009311611950790861487227133595,0.01392163655536028168441604764,managed
view_a,not_applicable,1000000,short,low,managed,5,0.6822222222222222,0.6322222222222222,10,2880.00,5794.5600,,,,,,,9.00,provider-billed input + output tokens,18.1080,normalized input + visible output tokens,0.004221498371335505023501575614,0.009165384885764499443423018832,managed
view_b,low,1000000,short,low,managed,5,0.6822222222222222,0.6322222222222222,10,3047.0080,5961.5680,4.4640,32.400,72.00,3.1680,14.9760,40.00,9.5219,provider-billed input + output tokens,18.6299,normalized input + visible output tokens,0.004466298371335505031475516982,0.009429545166959578538824083197,managed
view_b,typical,1000000,short,low,managed,5,0.6822222222222222,0.6322222222222222,10,3367.0080,6281.5680,4.4640,32.400,72.00,3.1680,14.9760,360.0,10.5219,provider-billed input + output tokens,19.6299,normalized input + visible output tokens,0.004935353745928338922975692050,0.009935696309314587343961205951,managed
view_b,high,1000000,short,low,managed,5,0.6822222222222222,0.6322222222222222,10,5887.0080,8801.5680,4.4640,32.400,72.00,3.1680,14.9760,2880.0,18.3969,provider-billed input + output tokens,27.5049,normalized input + visible output tokens,0.008629164820846905818539570712,0.01392163655536028168441604764,managed
view_a,not_applicable,1000000,short,low,private,5,0.6322222222222222,0.6822222222222222,10,2880.00,5794.5600,,,,,,,9.00,provider-billed input + output tokens,18.1080,normalized input + visible output tokens,0.004555360281195079246234104787,0.008493654723127036107285170134,managed
view_b,low,1000000,short,low,private,5,0.6322222222222222,0.6822222222222222,10,3047.0080,5961.5680,4.4640,32.400,72.00,3.1680,14.9760,40.00,9.5219,provider-billed input + output tokens,18.6299,normalized input + visible output tokens,0.004819520562390158341635169153,0.008738454723127036115259111503,managed
view_b,typical,1000000,short,low,private,5,0.6322222222222222,0.6822222222222222,10,3367.0080,6281.5680,4.4640,32.400,72.00,3.1680,14.9760,360.0,10.5219,provider-billed input + output tokens,19.6299,normalized input + visible output tokens,0.005325671704745167146772291907,0.009207510097719870006759286571,managed
view_b,high,1000000,short,low,private,5,0.6322222222222222,0.6822222222222222,10,5887.0080,8801.5680,4.4640,32.400,72.00,3.1680,14.9760,2880.0,18.3969,provider-billed input + output tokens,27.5049,normalized input + visible output tokens,0.009311611950790861487227133595,0.01290132117263843690232316523,managed
view_a,not_applicable,1000000,short,typical,managed,-5,0.5822222222222222,0.6322222222222222,2,2880.00,1158.9120,,,,,,,9.00,provider-billed input + output tokens,3.6216,normalized input + visible output tokens,0.004946564885496183394907056698,0.001833076977152899888684603766,private
view_b,low,1000000,short,typical,managed,-5,0.5822222222222222,0.6322222222222222,2,3047.0080,1325.9200,4.4640,32.400,72.00,3.1680,14.9760,40.00,9.5219,provider-billed input + output tokens,4.1435,normalized input + visible output tokens,0.005233410687022900963107278131,0.002097237258347978984085668132,private
view_b,typical,1000000,short,typical,managed,-5,0.5822222222222222,0.6322222222222222,2,3367.0080,1645.9200,4.4640,32.400,72.00,3.1680,14.9760,360.0,10.5219,provider-billed input + output tokens,5.1435,normalized input + visible output tokens,0.005783029007633588006985839986,0.002603388400702987789222790886,private
view_b,high,1000000,short,typical,managed,-5,0.5822222222222222,0.6322222222222222,2,5887.0080,4165.9200,4.4640,32.400,72.00,3.1680,14.9760,2880.0,18.3969,provider-billed input + output tokens,13.0185,normalized input + visible output tokens,0.01011127328244274847752951460,0.006589328646748682129677632575,private
view_a,not_applicable,1000000,short,typical,private,-5,0.6322222222222222,0.5822222222222222,2,2880.00,1158.9120,,,,,,,9.00,provider-billed input + output tokens,3.6216,normalized input + visible output tokens,0.004555360281195079246234104787,0.001990497709923664198110599615,private
view_b,low,1000000,short,typical,private,-5,0.6322222222222222,0.5822222222222222,2,3047.0080,1325.9200,4.4640,32.400,72.00,3.1680,14.9760,40.00,9.5219,provider-billed input + output tokens,4.1435,normalized input + visible output tokens,0.004819520562390158341635169153,0.002277343511450381766310821048,private
view_b,typical,1000000,short,typical,private,-5,0.6322222222222222,0.5822222222222222,2,3367.0080,1645.9200,4.4640,32.400,72.00,3.1680,14.9760,360.0,10.5219,provider-billed input + output tokens,5.1435,normalized input + visible output tokens,0.005325671704745167146772291907,0.002826961832061068810189382903,private
view_b,high,1000000,short,typical,private,-5,0.6322222222222222,0.5822222222222222,2,5887.0080,4165.9200,4.4640,32.400,72.00,3.1680,14.9760,2880.0,18.3969,provider-billed input + output tokens,13.0185,normalized input + visible output tokens,0.009311611950790861487227133595,0.007155206106870229280733057514,private
view_a,not_applicable,1000000,short,typical,measured,0,0.6322222222222222,0.6322222222222222,2,2880.00,1158.9120,,,,,,,9.00,provider-billed input + output tokens,3.6216,normalized input + visible output tokens,0.004555360281195079246234104787,0.001833076977152899888684603766,private
view_b,low,1000000,short,typical,measured,0,0.6322222222222222,0.6322222222222222,2,3047.0080,1325.9200,4.4640,32.400,72.00,3.1680,14.9760,40.00,9.5219,provider-billed input + output tokens,4.1435,normalized input + visible output tokens,0.004819520562390158341635169153,0.002097237258347978984085668132,private
view_b,typical,1000000,short,typical,measured,0,0.6322222222222222,0.6322222222222222,2,3367.0080,1645.9200,4.4640,32.400,72.00,3.1680,14.9760,360.0,10.5219,provider-billed input + output tokens,5.1435,normalized input + visible output tokens,0.005325671704745167146772291907,0.002603388400702987789222790886,private
view_b,high,1000000,short,typical,measured,0,0.6322222222222222,0.6322222222222222,2,5887.0080,4165.9200,4.4640,32.400,72.00,3.1680,14.9760,2880.0,18.3969,provider-billed input + output tokens,13.0185,normalized input + visible output tokens,0.009311611950790861487227133595,0.006589328646748682129677632575,private
view_a,not_applicable,1000000,short,typical,managed,5,0.6822222222222222,0.6322222222222222,2,2880.00,1158.9120,,,,,,,9.00,provider-billed input + output tokens,3.6216,normalized input + visible output tokens,0.004221498371335505023501575614,0.001833076977152899888684603766,private
view_b,low,1000000,short,typical,managed,5,0.6822222222222222,0.6322222222222222,2,3047.0080,1325.9200,4.4640,32.400,72.00,3.1680,14.9760,40.00,9.5219,provider-billed input + output tokens,4.1435,normalized input + visible output tokens,0.004466298371335505031475516982,0.002097237258347978984085668132,private
view_b,typical,1000000,short,typical,managed,5,0.6822222222222222,0.6322222222222222,2,3367.0080,1645.9200,4.4640,32.400,72.00,3.1680,14.9760,360.0,10.5219,provider-billed input + output tokens,5.1435,normalized input + visible output tokens,0.004935353745928338922975692050,0.002603388400702987789222790886,private
view_b,high,1000000,short,typical,managed,5,0.6822222222222222,0.6322222222222222,2,5887.0080,4165.9200,4.4640,32.400,72.00,3.1680,14.9760,2880.0,18.3969,provider-billed input + output tokens,13.0185,normalized input + visible output tokens,0.008629164820846905818539570712,0.006589328646748682129677632575,private
view_a,not_applicable,1000000,short,typical,private,5,0.6322222222222222,0.6822222222222222,2,2880.00,1158.9120,,,,,,,9.00,provider-billed input + output tokens,3.6216,normalized input + visible output tokens,0.004555360281195079246234104787,0.001698730944625407221457034027,private
view_b,low,1000000,short,typical,private,5,0.6322222222222222,0.6822222222222222,2,3047.0080,1325.9200,4.4640,32.400,72.00,3.1680,14.9760,40.00,9.5219,provider-billed input + output tokens,4.1435,normalized input + visible output tokens,0.004819520562390158341635169153,0.001943530944625407229430975395,private
view_b,typical,1000000,short,typical,private,5,0.6322222222222222,0.6822222222222222,2,3367.0080,1645.9200,4.4640,32.400,72.00,3.1680,14.9760,360.0,10.5219,provider-billed input + output tokens,5.1435,normalized input + visible output tokens,0.005325671704745167146772291907,0.002412586319218241120931150463,private
view_b,high,1000000,short,typical,private,5,0.6322222222222222,0.6822222222222222,2,5887.0080,4165.9200,4.4640,32.400,72.00,3.1680,14.9760,2880.0,18.3969,provider-billed input + output tokens,13.0185,normalized input + visible output tokens,0.009311611950790861487227133595,0.006106397394136808016495029125,private
view_a,not_applicable,1000000,short,high,managed,-5,0.5822222222222222,0.6322222222222222,1,2880.00,579.4560,,,,,,,9.00,provider-billed input + output tokens,1.8108,normalized input + visible output tokens,0.004946564885496183394907056698,0.0009165384885764499443423018832,private
view_b,low,1000000,short,high,managed,-5,0.5822222222222222,0.6322222222222222,1,3047.0080,746.4640,4.4640,32.400,72.00,3.1680,14.9760,40.00,9.5219,provider-billed input + output tokens,2.3327,normalized input + visible output tokens,0.005233410687022900963107278131,0.001180698769771529039743366249,private
view_b,typical,1000000,short,high,managed,-5,0.5822222222222222,0.6322222222222222,1,3367.0080,1066.4640,4.4640,32.400,72.00,3.1680,14.9760,360.0,10.5219,provider-billed input + output tokens,3.3327,normalized input + visible output tokens,0.005783029007633588006985839986,0.001686849912126537844880489003,private
view_b,high,1000000,short,high,managed,-5,0.5822222222222222,0.6322222222222222,1,5887.0080,3586.4640,4.4640,32.400,72.00,3.1680,14.9760,2880.0,18.3969,provider-billed input + output tokens,11.2077,normalized input + visible output tokens,0.01011127328244274847752951460,0.005672790158172232185335330691,private
view_a,not_applicable,1000000,short,high,private,-5,0.6322222222222222,0.5822222222222222,1,2880.00,579.4560,,,,,,,9.00,provider-billed input + output tokens,1.8108,normalized input + visible output tokens,0.004555360281195079246234104787,0.0009952488549618320990552998077,private
view_b,low,1000000,short,high,private,-5,0.6322222222222222,0.5822222222222222,1,3047.0080,746.4640,4.4640,32.400,72.00,3.1680,14.9760,40.00,9.5219,provider-billed input + output tokens,2.3327,normalized input + visible output tokens,0.004819520562390158341635169153,0.001282094656488549667255521240,private
view_b,typical,1000000,short,high,private,-5,0.6322222222222222,0.5822222222222222,1,3367.0080,1066.4640,4.4640,32.400,72.00,3.1680,14.9760,360.0,10.5219,provider-billed input + output tokens,3.3327,normalized input + visible output tokens,0.005325671704745167146772291907,0.001831712977099236711134083095,private
view_b,high,1000000,short,high,private,-5,0.6322222222222222,0.5822222222222222,1,5887.0080,3586.4640,4.4640,32.400,72.00,3.1680,14.9760,2880.0,18.3969,provider-billed input + output tokens,11.2077,normalized input + visible output tokens,0.009311611950790861487227133595,0.006159957251908397181677757706,private
view_a,not_applicable,1000000,short,high,measured,0,0.6322222222222222,0.6322222222222222,1,2880.00,579.4560,,,,,,,9.00,provider-billed input + output tokens,1.8108,normalized input + visible output tokens,0.004555360281195079246234104787,0.0009165384885764499443423018832,private
view_b,low,1000000,short,high,measured,0,0.6322222222222222,0.6322222222222222,1,3047.0080,746.4640,4.4640,32.400,72.00,3.1680,14.9760,40.00,9.5219,provider-billed input + output tokens,2.3327,normalized input + visible output tokens,0.004819520562390158341635169153,0.001180698769771529039743366249,private
view_b,typical,1000000,short,high,measured,0,0.6322222222222222,0.6322222222222222,1,3367.0080,1066.4640,4.4640,32.400,72.00,3.1680,14.9760,360.0,10.5219,provider-billed input + output tokens,3.3327,normalized input + visible output tokens,0.005325671704745167146772291907,0.001686849912126537844880489003,private
view_b,high,1000000,short,high,measured,0,0.6322222222222222,0.6322222222222222,1,5887.0080,3586.4640,4.4640,32.400,72.00,3.1680,14.9760,2880.0,18.3969,provider-billed input + output tokens,11.2077,normalized input + visible output tokens,0.009311611950790861487227133595,0.005672790158172232185335330691,private
view_a,not_applicable,1000000,short,high,managed,5,0.6822222222222222,0.6322222222222222,1,2880.00,579.4560,,,,,,,9.00,provider-billed input + output tokens,1.8108,normalized input + visible output tokens,0.004221498371335505023501575614,0.0009165384885764499443423018832,private
view_b,low,1000000,short,high,managed,5,0.6822222222222222,0.6322222222222222,1,3047.0080,746.4640,4.4640,32.400,72.00,3.1680,14.9760,40.00,9.5219,provider-billed input + output tokens,2.3327,normalized input + visible output tokens,0.004466298371335505031475516982,0.001180698769771529039743366249,private
view_b,typical,1000000,short,high,managed,5,0.6822222222222222,0.6322222222222222,1,3367.0080,1066.4640,4.4640,32.400,72.00,3.1680,14.9760,360.0,10.5219,provider-billed input + output tokens,3.3327,normalized input + visible output tokens,0.004935353745928338922975692050,0.001686849912126537844880489003,private
view_b,high,1000000,short,high,managed,5,0.6822222222222222,0.6322222222222222,1,5887.0080,3586.4640,4.4640,32.400,72.00,3.1680,14.9760,2880.0,18.3969,provider-billed input + output tokens,11.2077,normalized input + visible output tokens,0.008629164820846905818539570712,0.005672790158172232185335330691,private
view_a,not_applicable,1000000,short,high,private,5,0.6322222222222222,0.6822222222222222,1,2880.00,579.4560,,,,,,,9.00,provider-billed input + output tokens,1.8108,normalized input + visible output tokens,0.004555360281195079246234104787,0.0008493654723127036107285170134,private
view_b,low,1000000,short,high,private,5,0.6322222222222222,0.6822222222222222,1,3047.0080,746.4640,4.4640,32.400,72.00,3.1680,14.9760,40.00,9.5219,provider-billed input + output tokens,2.3327,normalized input + visible output tokens,0.004819520562390158341635169153,0.001094165472312703618702458382,private
view_b,typical,1000000,short,high,private,5,0.6322222222222222,0.6822222222222222,1,3367.0080,1066.4640,4.4640,32.400,72.00,3.1680,14.9760,360.0,10.5219,provider-billed input + output tokens,3.3327,normalized input + visible output tokens,0.005325671704745167146772291907,0.001563220846905537510202633450,private
view_b,high,1000000,short,high,private,5,0.6322222222222222,0.6822222222222222,1,5887.0080,3586.4640,4.4640,32.400,72.00,3.1680,14.9760,2880.0,18.3969,provider-billed input + output tokens,11.2077,normalized input + visible output tokens,0.009311611950790861487227133595,0.005257031921824104405766512112,private
view_a,not_applicable,1000000,medium,low,managed,-5,0.5822222222222222,0.6322222222222222,10,11520.00,5794.5600,,,,,,,9.00,provider-billed input + output tokens,4.5270,normalized input + visible output tokens,0.01978625954198473357962822679,0.009165384885764499443423018832,private
view_b,low,1000000,medium,low,managed,-5,0.5822222222222222,0.6322222222222222,10,11687.0080,5961.5680,4.4640,32.400,72.00,3.1680,14.9760,40.00,9.130475,provider-billed input + output tokens,4.657475,normalized input + visible output tokens,0.02007310534351145114782844823,0.009429545166959578538824083197,private
view_b,typical,1000000,medium,low,managed,-5,0.5822222222222222,0.6322222222222222,10,12007.0080,6281.5680,4.4640,32.400,72.00,3.1680,14.9760,360.0,9.380475,provider-billed input + output tokens,4.907475,normalized input + visible output tokens,0.02062272366412213819170701008,0.009935696309314587343961205951,private
view_b,high,1000000,medium,low,managed,-5,0.5822222222222222,0.6322222222222222,10,14527.0080,8801.5680,4.4640,32.400,72.00,3.1680,14.9760,2880.0,11.349225,provider-billed input + output tokens,6.876225,normalized input + visible output tokens,0.02495096793893129866225068469,0.01392163655536028168441604764,private
view_a,not_applicable,1000000,medium,low,private,-5,0.6322222222222222,0.5822222222222222,10,11520.00,5794.5600,,,,,,,9.00,provider-billed input + output tokens,4.5270,normalized input + visible output tokens,0.01822144112478031698493641915,0.009952488549618320990552998077,private
view_b,low,1000000,medium,low,private,-5,0.6322222222222222,0.5822222222222222,10,11687.0080,5961.5680,4.4640,32.400,72.00,3.1680,14.9760,40.00,9.130475,provider-billed input + output tokens,4.657475,normalized input + visible output tokens,0.01848560140597539608033748351,0.01023933435114503855875321951,private
view_b,typical,1000000,medium,low,private,-5,0.6322222222222222,0.5822222222222222,10,12007.0080,6281.5680,4.4640,32.400,72.00,3.1680,14.9760,360.0,9.380475,provider-billed input + output tokens,4.907475,normalized input + visible output tokens,0.01899175254833040488547460627,0.01078895267175572560263178136,private
view_b,high,1000000,medium,low,private,-5,0.6322222222222222,0.5822222222222222,10,14527.0080,8801.5680,4.4640,32.400,72.00,3.1680,14.9760,2880.0,11.349225,provider-billed input + output tokens,6.876225,normalized input + visible output tokens,0.02297769279437609922592944796,0.01511719694656488607317545598,private
view_a,not_applicable,1000000,medium,low,measured,0,0.6322222222222222,0.6322222222222222,10,11520.00,5794.5600,,,,,,,9.00,provider-billed input + output tokens,4.5270,normalized input + visible output tokens,0.01822144112478031698493641915,0.009165384885764499443423018832,private
view_b,low,1000000,medium,low,measured,0,0.6322222222222222,0.6322222222222222,10,11687.0080,5961.5680,4.4640,32.400,72.00,3.1680,14.9760,40.00,9.130475,provider-billed input + output tokens,4.657475,normalized input + visible output tokens,0.01848560140597539608033748351,0.009429545166959578538824083197,private
view_b,typical,1000000,medium,low,measured,0,0.6322222222222222,0.6322222222222222,10,12007.0080,6281.5680,4.4640,32.400,72.00,3.1680,14.9760,360.0,9.380475,provider-billed input + output tokens,4.907475,normalized input + visible output tokens,0.01899175254833040488547460627,0.009935696309314587343961205951,private
view_b,high,1000000,medium,low,measured,0,0.6322222222222222,0.6322222222222222,10,14527.0080,8801.5680,4.4640,32.400,72.00,3.1680,14.9760,2880.0,11.349225,provider-billed input + output tokens,6.876225,normalized input + visible output tokens,0.02297769279437609922592944796,0.01392163655536028168441604764,private
view_a,not_applicable,1000000,medium,low,managed,5,0.6822222222222222,0.6322222222222222,10,11520.00,5794.5600,,,,,,,9.00,provider-billed input + output tokens,4.5270,normalized input + visible output tokens,0.01688599348534202009400630245,0.009165384885764499443423018832,private
view_b,low,1000000,medium,low,managed,5,0.6822222222222222,0.6322222222222222,10,11687.0080,5961.5680,4.4640,32.400,72.00,3.1680,14.9760,40.00,9.130475,provider-billed input + output tokens,4.657475,normalized input + visible output tokens,0.01713079348534202010198024382,0.009429545166959578538824083197,private
view_b,typical,1000000,medium,low,managed,5,0.6822222222222222,0.6322222222222222,10,12007.0080,6281.5680,4.4640,32.400,72.00,3.1680,14.9760,360.0,9.380475,provider-billed input + output tokens,4.907475,normalized input + visible output tokens,0.01759984885993485399348041889,0.009935696309314587343961205951,private
view_b,high,1000000,medium,low,managed,5,0.6822222222222222,0.6322222222222222,10,14527.0080,8801.5680,4.4640,32.400,72.00,3.1680,14.9760,2880.0,11.349225,provider-billed input + output tokens,6.876225,normalized input + visible output tokens,0.02129365993485342088904429755,0.01392163655536028168441604764,private
view_a,not_applicable,1000000,medium,low,private,5,0.6322222222222222,0.6822222222222222,10,11520.00,5794.5600,,,,,,,9.00,provider-billed input + output tokens,4.5270,normalized input + visible output tokens,0.01822144112478031698493641915,0.008493654723127036107285170134,private
view_b,low,1000000,medium,low,private,5,0.6322222222222222,0.6822222222222222,10,11687.0080,5961.5680,4.4640,32.400,72.00,3.1680,14.9760,40.00,9.130475,provider-billed input + output tokens,4.657475,normalized input + visible output tokens,0.01848560140597539608033748351,0.008738454723127036115259111503,private
view_b,typical,1000000,medium,low,private,5,0.6322222222222222,0.6822222222222222,10,12007.0080,6281.5680,4.4640,32.400,72.00,3.1680,14.9760,360.0,9.380475,provider-billed input + output tokens,4.907475,normalized input + visible output tokens,0.01899175254833040488547460627,0.009207510097719870006759286571,private
view_b,high,1000000,medium,low,private,5,0.6322222222222222,0.6822222222222222,10,14527.0080,8801.5680,4.4640,32.400,72.00,3.1680,14.9760,2880.0,11.349225,provider-billed input + output tokens,6.876225,normalized input + visible output tokens,0.02297769279437609922592944796,0.01290132117263843690232316523,private
view_a,not_applicable,1000000,medium,typical,managed,-5,0.5822222222222222,0.6322222222222222,2,11520.00,1158.9120,,,,,,,9.00,provider-billed input + output tokens,0.9054,normalized input + visible output tokens,0.01978625954198473357962822679,0.001833076977152899888684603766,private
view_b,low,1000000,medium,typical,managed,-5,0.5822222222222222,0.6322222222222222,2,11687.0080,1325.9200,4.4640,32.400,72.00,3.1680,14.9760,40.00,9.130475,provider-billed input + output tokens,1.035875,normalized input + visible output tokens,0.02007310534351145114782844823,0.002097237258347978984085668132,private
view_b,typical,1000000,medium,typical,managed,-5,0.5822222222222222,0.6322222222222222,2,12007.0080,1645.9200,4.4640,32.400,72.00,3.1680,14.9760,360.0,9.380475,provider-billed input + output tokens,1.285875,normalized input + visible output tokens,0.02062272366412213819170701008,0.002603388400702987789222790886,private
view_b,high,1000000,medium,typical,managed,-5,0.5822222222222222,0.6322222222222222,2,14527.0080,4165.9200,4.4640,32.400,72.00,3.1680,14.9760,2880.0,11.349225,provider-billed input + output tokens,3.254625,normalized input + visible output tokens,0.02495096793893129866225068469,0.006589328646748682129677632575,private
view_a,not_applicable,1000000,medium,typical,private,-5,0.6322222222222222,0.5822222222222222,2,11520.00,1158.9120,,,,,,,9.00,provider-billed input + output tokens,0.9054,normalized input + visible output tokens,0.01822144112478031698493641915,0.001990497709923664198110599615,private
view_b,low,1000000,medium,typical,private,-5,0.6322222222222222,0.5822222222222222,2,11687.0080,1325.9200,4.4640,32.400,72.00,3.1680,14.9760,40.00,9.130475,provider-billed input + output tokens,1.035875,normalized input + visible output tokens,0.01848560140597539608033748351,0.002277343511450381766310821048,private
view_b,typical,1000000,medium,typical,private,-5,0.6322222222222222,0.5822222222222222,2,12007.0080,1645.9200,4.4640,32.400,72.00,3.1680,14.9760,360.0,9.380475,provider-billed input + output tokens,1.285875,normalized input + visible output tokens,0.01899175254833040488547460627,0.002826961832061068810189382903,private
view_b,high,1000000,medium,typical,private,-5,0.6322222222222222,0.5822222222222222,2,14527.0080,4165.9200,4.4640,32.400,72.00,3.1680,14.9760,2880.0,11.349225,provider-billed input + output tokens,3.254625,normalized input + visible output tokens,0.02297769279437609922592944796,0.007155206106870229280733057514,private
view_a,not_applicable,1000000,medium,typical,measured,0,0.6322222222222222,0.6322222222222222,2,11520.00,1158.9120,,,,,,,9.00,provider-billed input + output tokens,0.9054,normalized input + visible output tokens,0.01822144112478031698493641915,0.001833076977152899888684603766,private
view_b,low,1000000,medium,typical,measured,0,0.6322222222222222,0.6322222222222222,2,11687.0080,1325.9200,4.4640,32.400,72.00,3.1680,14.9760,40.00,9.130475,provider-billed input + output tokens,1.035875,normalized input + visible output tokens,0.01848560140597539608033748351,0.002097237258347978984085668132,private
view_b,typical,1000000,medium,typical,measured,0,0.6322222222222222,0.6322222222222222,2,12007.0080,1645.9200,4.4640,32.400,72.00,3.1680,14.9760,360.0,9.380475,provider-billed input + output tokens,1.285875,normalized input + visible output tokens,0.01899175254833040488547460627,0.002603388400702987789222790886,private
view_b,high,1000000,medium,typical,measured,0,0.6322222222222222,0.6322222222222222,2,14527.0080,4165.9200,4.4640,32.400,72.00,3.1680,14.9760,2880.0,11.349225,provider-billed input + output tokens,3.254625,normalized input + visible output tokens,0.02297769279437609922592944796,0.006589328646748682129677632575,private
view_a,not_applicable,1000000,medium,typical,managed,5,0.6822222222222222,0.6322222222222222,2,11520.00,1158.9120,,,,,,,9.00,provider-billed input + output tokens,0.9054,normalized input + visible output tokens,0.01688599348534202009400630245,0.001833076977152899888684603766,private
view_b,low,1000000,medium,typical,managed,5,0.6822222222222222,0.6322222222222222,2,11687.0080,1325.9200,4.4640,32.400,72.00,3.1680,14.9760,40.00,9.130475,provider-billed input + output tokens,1.035875,normalized input + visible output tokens,0.01713079348534202010198024382,0.002097237258347978984085668132,private
view_b,typical,1000000,medium,typical,managed,5,0.6822222222222222,0.6322222222222222,2,12007.0080,1645.9200,4.4640,32.400,72.00,3.1680,14.9760,360.0,9.380475,provider-billed input + output tokens,1.285875,normalized input + visible output tokens,0.01759984885993485399348041889,0.002603388400702987789222790886,private
view_b,high,1000000,medium,typical,managed,5,0.6822222222222222,0.6322222222222222,2,14527.0080,4165.9200,4.4640,32.400,72.00,3.1680,14.9760,2880.0,11.349225,provider-billed input + output tokens,3.254625,normalized input + visible output tokens,0.02129365993485342088904429755,0.006589328646748682129677632575,private
view_a,not_applicable,1000000,medium,typical,private,5,0.6322222222222222,0.6822222222222222,2,11520.00,1158.9120,,,,,,,9.00,provider-billed input + output tokens,0.9054,normalized input + visible output tokens,0.01822144112478031698493641915,0.001698730944625407221457034027,private
view_b,low,1000000,medium,typical,private,5,0.6322222222222222,0.6822222222222222,2,11687.0080,1325.9200,4.4640,32.400,72.00,3.1680,14.9760,40.00,9.130475,provider-billed input + output tokens,1.035875,normalized input + visible output tokens,0.01848560140597539608033748351,0.001943530944625407229430975395,private
view_b,typical,1000000,medium,typical,private,5,0.6322222222222222,0.6822222222222222,2,12007.0080,1645.9200,4.4640,32.400,72.00,3.1680,14.9760,360.0,9.380475,provider-billed input + output tokens,1.285875,normalized input + visible output tokens,0.01899175254833040488547460627,0.002412586319218241120931150463,private
view_b,high,1000000,medium,typical,private,5,0.6322222222222222,0.6822222222222222,2,14527.0080,4165.9200,4.4640,32.400,72.00,3.1680,14.9760,2880.0,11.349225,provider-billed input + output tokens,3.254625,normalized input + visible output tokens,0.02297769279437609922592944796,0.006106397394136808016495029125,private
view_a,not_applicable,1000000,medium,high,managed,-5,0.5822222222222222,0.6322222222222222,1,11520.00,579.4560,,,,,,,9.00,provider-billed input + output tokens,0.4527,normalized input + visible output tokens,0.01978625954198473357962822679,0.0009165384885764499443423018832,private
view_b,low,1000000,medium,high,managed,-5,0.5822222222222222,0.6322222222222222,1,11687.0080,746.4640,4.4640,32.400,72.00,3.1680,14.9760,40.00,9.130475,provider-billed input + output tokens,0.583175,normalized input + visible output tokens,0.02007310534351145114782844823,0.001180698769771529039743366249,private
view_b,typical,1000000,medium,high,managed,-5,0.5822222222222222,0.6322222222222222,1,12007.0080,1066.4640,4.4640,32.400,72.00,3.1680,14.9760,360.0,9.380475,provider-billed input + output tokens,0.833175,normalized input + visible output tokens,0.02062272366412213819170701008,0.001686849912126537844880489003,private
view_b,high,1000000,medium,high,managed,-5,0.5822222222222222,0.6322222222222222,1,14527.0080,3586.4640,4.4640,32.400,72.00,3.1680,14.9760,2880.0,11.349225,provider-billed input + output tokens,2.801925,normalized input + visible output tokens,0.02495096793893129866225068469,0.005672790158172232185335330691,private
view_a,not_applicable,1000000,medium,high,private,-5,0.6322222222222222,0.5822222222222222,1,11520.00,579.4560,,,,,,,9.00,provider-billed input + output tokens,0.4527,normalized input + visible output tokens,0.01822144112478031698493641915,0.0009952488549618320990552998077,private
view_b,low,1000000,medium,high,private,-5,0.6322222222222222,0.5822222222222222,1,11687.0080,746.4640,4.4640,32.400,72.00,3.1680,14.9760,40.00,9.130475,provider-billed input + output tokens,0.583175,normalized input + visible output tokens,0.01848560140597539608033748351,0.001282094656488549667255521240,private
view_b,typical,1000000,medium,high,private,-5,0.6322222222222222,0.5822222222222222,1,12007.0080,1066.4640,4.4640,32.400,72.00,3.1680,14.9760,360.0,9.380475,provider-billed input + output tokens,0.833175,normalized input + visible output tokens,0.01899175254833040488547460627,0.001831712977099236711134083095,private
view_b,high,1000000,medium,high,private,-5,0.6322222222222222,0.5822222222222222,1,14527.0080,3586.4640,4.4640,32.400,72.00,3.1680,14.9760,2880.0,11.349225,provider-billed input + output tokens,2.801925,normalized input + visible output tokens,0.02297769279437609922592944796,0.006159957251908397181677757706,private
view_a,not_applicable,1000000,medium,high,measured,0,0.6322222222222222,0.6322222222222222,1,11520.00,579.4560,,,,,,,9.00,provider-billed input + output tokens,0.4527,normalized input + visible output tokens,0.01822144112478031698493641915,0.0009165384885764499443423018832,private
view_b,low,1000000,medium,high,measured,0,0.6322222222222222,0.6322222222222222,1,11687.0080,746.4640,4.4640,32.400,72.00,3.1680,14.9760,40.00,9.130475,provider-billed input + output tokens,0.583175,normalized input + visible output tokens,0.01848560140597539608033748351,0.001180698769771529039743366249,private
view_b,typical,1000000,medium,high,measured,0,0.6322222222222222,0.6322222222222222,1,12007.0080,1066.4640,4.4640,32.400,72.00,3.1680,14.9760,360.0,9.380475,provider-billed input + output tokens,0.833175,normalized input + visible output tokens,0.01899175254833040488547460627,0.001686849912126537844880489003,private
view_b,high,1000000,medium,high,measured,0,0.6322222222222222,0.6322222222222222,1,14527.0080,3586.4640,4.4640,32.400,72.00,3.1680,14.9760,2880.0,11.349225,provider-billed input + output tokens,2.801925,normalized input + visible output tokens,0.02297769279437609922592944796,0.005672790158172232185335330691,private
view_a,not_applicable,1000000,medium,high,managed,5,0.6822222222222222,0.6322222222222222,1,11520.00,579.4560,,,,,,,9.00,provider-billed input + output tokens,0.4527,normalized input + visible output tokens,0.01688599348534202009400630245,0.0009165384885764499443423018832,private
view_b,low,1000000,medium,high,managed,5,0.6822222222222222,0.6322222222222222,1,11687.0080,746.4640,4.4640,32.400,72.00,3.1680,14.9760,40.00,9.130475,provider-billed input + output tokens,0.583175,normalized input + visible output tokens,0.01713079348534202010198024382,0.001180698769771529039743366249,private
view_b,typical,1000000,medium,high,managed,5,0.6822222222222222,0.6322222222222222,1,12007.0080,1066.4640,4.4640,32.400,72.00,3.1680,14.9760,360.0,9.380475,provider-billed input + output tokens,0.833175,normalized input + visible output tokens,0.01759984885993485399348041889,0.001686849912126537844880489003,private
view_b,high,1000000,medium,high,managed,5,0.6822222222222222,0.6322222222222222,1,14527.0080,3586.4640,4.4640,32.400,72.00,3.1680,14.9760,2880.0,11.349225,provider-billed input + output tokens,2.801925,normalized input + visible output tokens,0.02129365993485342088904429755,0.005672790158172232185335330691,private
view_a,not_applicable,1000000,medium,high,private,5,0.6322222222222222,0.6822222222222222,1,11520.00,579.4560,,,,,,,9.00,provider-billed input + output tokens,0.4527,normalized input + visible output tokens,0.01822144112478031698493641915,0.0008493654723127036107285170134,private
view_b,low,1000000,medium,high,private,5,0.6322222222222222,0.6822222222222222,1,11687.0080,746.4640,4.4640,32.400,72.00,3.1680,14.9760,40.00,9.130475,provider-billed input + output tokens,0.583175,normalized input + visible output tokens,0.01848560140597539608033748351,0.001094165472312703618702458382,private
view_b,typical,1000000,medium,high,private,5,0.6322222222222222,0.6822222222222222,1,12007.0080,1066.4640,4.4640,32.400,72.00,3.1680,14.9760,360.0,9.380475,provider-billed input + output tokens,0.833175,normalized input + visible output tokens,0.01899175254833040488547460627,0.001563220846905537510202633450,private
view_b,high,1000000,medium,high,private,5,0.6322222222222222,0.6822222222222222,1,14527.0080,3586.4640,4.4640,32.400,72.00,3.1680,14.9760,2880.0,11.349225,provider-billed input + output tokens,2.801925,normalized input + visible output tokens,0.02297769279437609922592944796,0.005257031921824104405766512112,private
