view,operations_sensitivity,monthly_requests,token_profile,utilization_tier,quality_sensitivity_path,quality_delta_points,managed_quality_rate,private_quality_rate,replicas,managed_total_usd,private_total_usd,gateway_runtime_usd,network_nat_usd,control_plane_usd,shared_storage_usd,observability_usd,operations_engineering_allocation_usd,managed_cost_per_1m_provider_billed_tokens_usd,managed_token_definition,private_cost_per_1m_normalized_tokens_usd,private_token_definition,managed_cost_per_correct_task_usd,private_cost_per_correct_task_usd,lower_cost_path
view_a,not_applicable,10000,short,low,managed,-5,0.8333333333333333,0.8833333333333333,1,28.80,579.4560,,,,,,,9.00,provider-billed input + output tokens,181.0800,normalized input + visible output tokens,0.003456000000000000138240000000,0.06559879245283019115467141331,managed
view_b,low,10000,short,low,managed,-5,0.8333333333333333,0.8833333333333333,1,195.8080,746.4640,4.4640,32.400,72.00,3.1680,14.9760,40.00,61.1900,provider-billed input + output tokens,233.2700,normalized input + visible output tokens,0.02349696000000000093987840000,0.08450535849056604092473050908,managed
view_b,typical,10000,short,low,managed,-5,0.8333333333333333,0.8833333333333333,1,515.8080,1066.4640,4.4640,32.400,72.00,3.1680,14.9760,360.0,161.1900,provider-billed input + output tokens,333.2700,normalized input + visible output tokens,0.06189696000000000247587840000,0.1207317735849056649332744749,managed
view_b,high,10000,short,low,managed,-5,0.8333333333333333,0.8833333333333333,1,3035.8080,3586.4640,4.4640,32.400,72.00,3.1680,14.9760,2880.0,948.6900,provider-billed input + output tokens,1120.7700,normalized input + visible output tokens,0.3642969600000000145718784000,0.4060147924528302040005582058,managed
view_a,not_applicable,10000,short,low,private,-5,0.8833333333333333,0.8333333333333333,1,28.80,579.4560,,,,,,,9.00,provider-billed input + output tokens,181.0800,normalized input + visible output tokens,0.003260377358490566160768956924,0.06953472000000000278138880000,managed
view_b,low,10000,short,low,private,-5,0.8833333333333333,0.8333333333333333,1,195.8080,746.4640,4.4640,32.400,72.00,3.1680,14.9760,40.00,61.1900,provider-billed input + output tokens,233.2700,normalized input + visible output tokens,0.02216694339622641593082805269,0.08957568000000000358302720000,managed
view_b,typical,10000,short,low,private,-5,0.8833333333333333,0.8333333333333333,1,515.8080,1066.4640,4.4640,32.400,72.00,3.1680,14.9760,360.0,161.1900,provider-billed input + output tokens,333.2700,normalized input + visible output tokens,0.05839335849056603993937201851,0.1279756800000000051190272000,managed
view_b,high,10000,short,low,private,-5,0.8833333333333333,0.8333333333333333,1,3035.8080,3586.4640,4.4640,32.400,72.00,3.1680,14.9760,2880.0,948.6900,provider-billed input + output tokens,1120.7700,normalized input + visible output tokens,0.3436763773584905790066557494,0.4303756800000000172150272000,managed
view_a,not_applicable,10000,short,low,measured,0,0.8833333333333333,0.8833333333333333,1,28.80,579.4560,,,,,,,9.00,provider-billed input + output tokens,181.0800,normalized input + visible output tokens,0.003260377358490566160768956924,0.06559879245283019115467141331,managed
view_b,low,10000,short,low,measured,0,0.8833333333333333,0.8833333333333333,1,195.8080,746.4640,4.4640,32.400,72.00,3.1680,14.9760,40.00,61.1900,provider-billed input + output tokens,233.2700,normalized input + visible output tokens,0.02216694339622641593082805269,0.08450535849056604092473050908,managed
view_b,typical,10000,short,low,measured,0,0.8833333333333333,0.8833333333333333,1,515.8080,1066.4640,4.4640,32.400,72.00,3.1680,14.9760,360.0,161.1900,provider-billed input + output tokens,333.2700,normalized input + visible output tokens,0.05839335849056603993937201851,0.1207317735849056649332744749,managed
view_b,high,10000,short,low,measured,0,0.8833333333333333,0.8833333333333333,1,3035.8080,3586.4640,4.4640,32.400,72.00,3.1680,14.9760,2880.0,948.6900,provider-billed input + output tokens,1120.7700,normalized input + visible output tokens,0.3436763773584905790066557494,0.4060147924528302040005582058,managed
view_a,not_applicable,10000,short,low,managed,5,0.9333333333333333,0.8833333333333333,1,28.80,579.4560,,,,,,,9.00,provider-billed input + output tokens,181.0800,normalized input + visible output tokens,0.003085714285714285824489795918,0.06559879245283019115467141331,managed
view_b,low,10000,short,low,managed,5,0.9333333333333333,0.8833333333333333,1,195.8080,746.4640,4.4640,32.400,72.00,3.1680,14.9760,40.00,61.1900,provider-billed input + output tokens,233.2700,normalized input + visible output tokens,0.02097942857142857217783673469,0.08450535849056604092473050908,managed
view_b,typical,10000,short,low,managed,5,0.9333333333333333,0.8833333333333333,1,515.8080,1066.4640,4.4640,32.400,72.00,3.1680,14.9760,360.0,161.1900,provider-billed input + output tokens,333.2700,normalized input + visible output tokens,0.05526514285714285911661224490,0.1207317735849056649332744749,managed
view_b,high,10000,short,low,managed,5,0.9333333333333333,0.8833333333333333,1,3035.8080,3586.4640,4.4640,32.400,72.00,3.1680,14.9760,2880.0,948.6900,provider-billed input + output tokens,1120.7700,normalized input + visible output tokens,0.3252651428571428687594693878,0.4060147924528302040005582058,managed
view_a,not_applicable,10000,short,low,private,5,0.8833333333333333,0.9333333333333333,1,28.80,579.4560,,,,,,,9.00,provider-billed input + output tokens,181.0800,normalized input + visible output tokens,0.003260377358490566160768956924,0.06208457142857143078873469388,managed
view_b,low,10000,short,low,private,5,0.8833333333333333,0.9333333333333333,1,195.8080,746.4640,4.4640,32.400,72.00,3.1680,14.9760,40.00,61.1900,provider-billed input + output tokens,233.2700,normalized input + visible output tokens,0.02216694339622641593082805269,0.07997828571428571714208163265,managed
view_b,typical,10000,short,low,private,5,0.8833333333333333,0.9333333333333333,1,515.8080,1066.4640,4.4640,32.400,72.00,3.1680,14.9760,360.0,161.1900,provider-billed input + output tokens,333.2700,normalized input + visible output tokens,0.05839335849056603993937201851,0.1142640000000000040808571429,managed
view_b,high,10000,short,low,private,5,0.8833333333333333,0.9333333333333333,1,3035.8080,3586.4640,4.4640,32.400,72.00,3.1680,14.9760,2880.0,948.6900,provider-billed input + output tokens,1120.7700,normalized input + visible output tokens,0.3436763773584905790066557494,0.3842640000000000137237142857,managed
view_a,not_applicable,10000,short,typical,managed,-5,0.8333333333333333,0.8833333333333333,1,28.80,579.4560,,,,,,,9.00,provider-billed input + output tokens,181.0800,normalized input + visible output tokens,0.003456000000000000138240000000,0.06559879245283019115467141331,managed
view_b,low,10000,short,typical,managed,-5,0.8333333333333333,0.8833333333333333,1,195.8080,746.4640,4.4640,32.400,72.00,3.1680,14.9760,40.00,61.1900,provider-billed input + output tokens,233.2700,normalized input + visible output tokens,0.02349696000000000093987840000,0.08450535849056604092473050908,managed
view_b,typical,10000,short,typical,managed,-5,0.8333333333333333,0.8833333333333333,1,515.8080,1066.4640,4.4640,32.400,72.00,3.1680,14.9760,360.0,161.1900,provider-billed input + output tokens,333.2700,normalized input + visible output tokens,0.06189696000000000247587840000,0.1207317735849056649332744749,managed
view_b,high,10000,short,typical,managed,-5,0.8333333333333333,0.8833333333333333,1,3035.8080,3586.4640,4.4640,32.400,72.00,3.1680,14.9760,2880.0,948.6900,provider-billed input + output tokens,1120.7700,normalized input + visible output tokens,0.3642969600000000145718784000,0.4060147924528302040005582058,managed
view_a,not_applicable,10000,short,typical,private,-5,0.8833333333333333,0.8333333333333333,1,28.80,579.4560,,,,,,,9.00,provider-billed input + output tokens,181.0800,normalized input + visible output tokens,0.003260377358490566160768956924,0.06953472000000000278138880000,managed
view_b,low,10000,short,typical,private,-5,0.8833333333333333,0.8333333333333333,1,195.8080,746.4640,4.4640,32.400,72.00,3.1680,14.9760,40.00,61.1900,provider-billed input + output tokens,233.2700,normalized input + visible output tokens,0.02216694339622641593082805269,0.08957568000000000358302720000,managed
view_b,typical,10000,short,typical,private,-5,0.8833333333333333,0.8333333333333333,1,515.8080,1066.4640,4.4640,32.400,72.00,3.1680,14.9760,360.0,161.1900,provider-billed input + output tokens,333.2700,normalized input + visible output tokens,0.05839335849056603993937201851,0.1279756800000000051190272000,managed
view_b,high,10000,short,typical,private,-5,0.8833333333333333,0.8333333333333333,1,3035.8080,3586.4640,4.4640,32.400,72.00,3.1680,14.9760,2880.0,948.6900,provider-billed input + output tokens,1120.7700,normalized input + visible output tokens,0.3436763773584905790066557494,0.4303756800000000172150272000,managed
view_a,not_applicable,10000,short,typical,measured,0,0.8833333333333333,0.8833333333333333,1,28.80,579.4560,,,,,,,9.00,provider-billed input + output tokens,181.0800,normalized input + visible output tokens,0.003260377358490566160768956924,0.06559879245283019115467141331,managed
view_b,low,10000,short,typical,measured,0,0.8833333333333333,0.8833333333333333,1,195.8080,746.4640,4.4640,32.400,72.00,3.1680,14.9760,40.00,61.1900,provider-billed input + output tokens,233.2700,normalized input + visible output tokens,0.02216694339622641593082805269,0.08450535849056604092473050908,managed
view_b,typical,10000,short,typical,measured,0,0.8833333333333333,0.8833333333333333,1,515.8080,1066.4640,4.4640,32.400,72.00,3.1680,14.9760,360.0,161.1900,provider-billed input + output tokens,333.2700,normalized input + visible output tokens,0.05839335849056603993937201851,0.1207317735849056649332744749,managed
view_b,high,10000,short,typical,measured,0,0.8833333333333333,0.8833333333333333,1,3035.8080,3586.4640,4.4640,32.400,72.00,3.1680,14.9760,2880.0,948.6900,provider-billed input + output tokens,1120.7700,normalized input + visible output tokens,0.3436763773584905790066557494,0.4060147924528302040005582058,managed
view_a,not_applicable,10000,short,typical,managed,5,0.9333333333333333,0.8833333333333333,1,28.80,579.4560,,,,,,,9.00,provider-billed input + output tokens,181.0800,normalized input + visible output tokens,0.003085714285714285824489795918,0.06559879245283019115467141331,managed
view_b,low,10000,short,typical,managed,5,0.9333333333333333,0.8833333333333333,1,195.8080,746.4640,4.4640,32.400,72.00,3.1680,14.9760,40.00,61.1900,provider-billed input + output tokens,233.2700,normalized input + visible output tokens,0.02097942857142857217783673469,0.08450535849056604092473050908,managed
view_b,typical,10000,short,typical,managed,5,0.9333333333333333,0.8833333333333333,1,515.8080,1066.4640,4.4640,32.400,72.00,3.1680,14.9760,360.0,161.1900,provider-billed input + output tokens,333.2700,normalized input + visible output tokens,0.05526514285714285911661224490,0.1207317735849056649332744749,managed
view_b,high,10000,short,typical,managed,5,0.9333333333333333,0.8833333333333333,1,3035.8080,3586.4640,4.4640,32.400,72.00,3.1680,14.9760,2880.0,948.6900,provider-billed input + output tokens,1120.7700,normalized input + visible output tokens,0.3252651428571428687594693878,0.4060147924528302040005582058,managed
view_a,not_applicable,10000,short,typical,private,5,0.8833333333333333,0.9333333333333333,1,28.80,579.4560,,,,,,,9.00,provider-billed input + output tokens,181.0800,normalized input + visible output tokens,0.003260377358490566160768956924,0.06208457142857143078873469388,managed
view_b,low,10000,short,typical,private,5,0.8833333333333333,0.9333333333333333,1,195.8080,746.4640,4.4640,32.400,72.00,3.1680,14.9760,40.00,61.1900,provider-billed input + output tokens,233.2700,normalized input + visible output tokens,0.02216694339622641593082805269,0.07997828571428571714208163265,managed
view_b,typical,10000,short,typical,private,5,0.8833333333333333,0.9333333333333333,1,515.8080,1066.4640,4.4640,32.400,72.00,3.1680,14.9760,360.0,161.1900,provider-billed input + output tokens,333.2700,normalized input + visible output tokens,0.05839335849056603993937201851,0.1142640000000000040808571429,managed
view_b,high,10000,short,typical,private,5,0.8833333333333333,0.9333333333333333,1,3035.8080,3586.4640,4.4640,32.400,72.00,3.1680,14.9760,2880.0,948.6900,provider-billed input + output tokens,1120.7700,normalized input + visible output tokens,0.3436763773584905790066557494,0.3842640000000000137237142857,managed
view_a,not_applicable,10000,short,high,managed,-5,0.8333333333333333,0.8833333333333333,1,28.80,579.4560,,,,,,,9.00,provider-billed input + output tokens,181.0800,normalized input + visible output tokens,0.003456000000000000138240000000,0.06559879245283019115467141331,managed
view_b,low,10000,short,high,managed,-5,0.8333333333333333,0.8833333333333333,1,195.8080,746.4640,4.4640,32.400,72.00,3.1680,14.9760,40.00,61.1900,provider-billed input + output tokens,233.2700,normalized input + visible output tokens,0.02349696000000000093987840000,0.08450535849056604092473050908,managed
view_b,typical,10000,short,high,managed,-5,0.8333333333333333,0.8833333333333333,1,515.8080,1066.4640,4.4640,32.400,72.00,3.1680,14.9760,360.0,161.1900,provider-billed input + output tokens,333.2700,normalized input + visible output tokens,0.06189696000000000247587840000,0.1207317735849056649332744749,managed
view_b,high,10000,short,high,managed,-5,0.8333333333333333,0.8833333333333333,1,3035.8080,3586.4640,4.4640,32.400,72.00,3.1680,14.9760,2880.0,948.6900,provider-billed input + output tokens,1120.7700,normalized input + visible output tokens,0.3642969600000000145718784000,0.4060147924528302040005582058,managed
view_a,not_applicable,10000,short,high,private,-5,0.8833333333333333,0.8333333333333333,1,28.80,579.4560,,,,,,,9.00,provider-billed input + output tokens,181.0800,normalized input + visible output tokens,0.003260377358490566160768956924,0.06953472000000000278138880000,managed
view_b,low,10000,short,high,private,-5,0.8833333333333333,0.8333333333333333,1,195.8080,746.4640,4.4640,32.400,72.00,3.1680,14.9760,40.00,61.1900,provider-billed input + output tokens,233.2700,normalized input + visible output tokens,0.02216694339622641593082805269,0.08957568000000000358302720000,managed
view_b,typical,10000,short,high,private,-5,0.8833333333333333,0.8333333333333333,1,515.8080,1066.4640,4.4640,32.400,72.00,3.1680,14.9760,360.0,161.1900,provider-billed input + output tokens,333.2700,normalized input + visible output tokens,0.05839335849056603993937201851,0.1279756800000000051190272000,managed
view_b,high,10000,short,high,private,-5,0.8833333333333333,0.8333333333333333,1,3035.8080,3586.4640,4.4640,32.400,72.00,3.1680,14.9760,2880.0,948.6900,provider-billed input + output tokens,1120.7700,normalized input + visible output tokens,0.3436763773584905790066557494,0.4303756800000000172150272000,managed
view_a,not_applicable,10000,short,high,measured,0,0.8833333333333333,0.8833333333333333,1,28.80,579.4560,,,,,,,9.00,provider-billed input + output tokens,181.0800,normalized input + visible output tokens,0.003260377358490566160768956924,0.06559879245283019115467141331,managed
view_b,low,10000,short,high,measured,0,0.8833333333333333,0.8833333333333333,1,195.8080,746.4640,4.4640,32.400,72.00,3.1680,14.9760,40.00,61.1900,provider-billed input + output tokens,233.2700,normalized input + visible output tokens,0.02216694339622641593082805269,0.08450535849056604092473050908,managed
view_b,typical,10000,short,high,measured,0,0.8833333333333333,0.8833333333333333,1,515.8080,1066.4640,4.4640,32.400,72.00,3.1680,14.9760,360.0,161.1900,provider-billed input + output tokens,333.2700,normalized input + visible output tokens,0.05839335849056603993937201851,0.1207317735849056649332744749,managed
view_b,high,10000,short,high,measured,0,0.8833333333333333,0.8833333333333333,1,3035.8080,3586.4640,4.4640,32.400,72.00,3.1680,14.9760,2880.0,948.6900,provider-billed input + output tokens,1120.7700,normalized input + visible output tokens,0.3436763773584905790066557494,0.4060147924528302040005582058,managed
view_a,not_applicable,10000,short,high,managed,5,0.9333333333333333,0.8833333333333333,1,28.80,579.4560,,,,,,,9.00,provider-billed input + output tokens,181.0800,normalized input + visible output tokens,0.003085714285714285824489795918,0.06559879245283019115467141331,managed
view_b,low,10000,short,high,managed,5,0.9333333333333333,0.8833333333333333,1,195.8080,746.4640,4.4640,32.400,72.00,3.1680,14.9760,40.00,61.1900,provider-billed input + output tokens,233.2700,normalized input + visible output tokens,0.02097942857142857217783673469,0.08450535849056604092473050908,managed
view_b,typical,10000,short,high,managed,5,0.9333333333333333,0.8833333333333333,1,515.8080,1066.4640,4.4640,32.400,72.00,3.1680,14.9760,360.0,161.1900,provider-billed input + output tokens,333.2700,normalized input + visible output tokens,0.05526514285714285911661224490,0.1207317735849056649332744749,managed
view_b,high,10000,short,high,managed,5,0.9333333333333333,0.8833333333333333,1,3035.8080,3586.4640,4.4640,32.400,72.00,3.1680,14.9760,2880.0,948.6900,provider-billed input + output tokens,1120.7700,normalized input + visible output tokens,0.3252651428571428687594693878,0.4060147924528302040005582058,managed
view_a,not_applicable,10000,short,high,private,5,0.8833333333333333,0.9333333333333333,1,28.80,579.4560,,,,,,,9.00,provider-billed input + output tokens,181.0800,normalized input + visible output tokens,0.003260377358490566160768956924,0.06208457142857143078873469388,managed
view_b,low,10000,short,high,private,5,0.8833333333333333,0.9333333333333333,1,195.8080,746.4640,4.4640,32.400,72.00,3.1680,14.9760,40.00,61.1900,provider-billed input + output tokens,233.2700,normalized input + visible output tokens,0.02216694339622641593082805269,0.07997828571428571714208163265,managed
view_b,typical,10000,short,high,private,5,0.8833333333333333,0.9333333333333333,1,515.8080,1066.4640,4.4640,32.400,72.00,3.1680,14.9760,360.0,161.1900,provider-billed input + output tokens,333.2700,normalized input + visible output tokens,0.05839335849056603993937201851,0.1142640000000000040808571429,managed
view_b,high,10000,short,high,private,5,0.8833333333333333,0.9333333333333333,1,3035.8080,3586.4640,4.4640,32.400,72.00,3.1680,14.9760,2880.0,948.6900,provider-billed input + output tokens,1120.7700,normalized input + visible output tokens,0.3436763773584905790066557494,0.3842640000000000137237142857,managed
view_a,not_applicable,10000,medium,low,managed,-5,0.8333333333333333,0.8833333333333333,1,115.20,579.4560,,,,,,,9.00,provider-billed input + output tokens,45.2700,normalized input + visible output tokens,0.01382400000000000055296000000,0.06559879245283019115467141331,managed
view_b,low,10000,medium,low,managed,-5,0.8333333333333333,0.8833333333333333,1,282.2080,746.4640,4.4640,32.400,72.00,3.1680,14.9760,40.00,22.0475,provider-billed input + output tokens,58.3175,normalized input + visible output tokens,0.03386496000000000135459840000,0.08450535849056604092473050908,managed
view_b,typical,10000,medium,low,managed,-5,0.8333333333333333,0.8833333333333333,1,602.2080,1066.4640,4.4640,32.400,72.00,3.1680,14.9760,360.0,47.0475,provider-billed input + output tokens,83.3175,normalized input + visible output tokens,0.07226496000000000289059840000,0.1207317735849056649332744749,managed
view_b,high,10000,medium,low,managed,-5,0.8333333333333333,0.8833333333333333,1,3122.2080,3586.4640,4.4640,32.400,72.00,3.1680,14.9760,2880.0,243.9225,provider-billed input + output tokens,280.1925,normalized input + visible output tokens,0.3746649600000000149865984000,0.4060147924528302040005582058,managed
view_a,not_applicable,10000,medium,low,private,-5,0.8833333333333333,0.8333333333333333,1,115.20,579.4560,,,,,,,9.00,provider-billed input + output tokens,45.2700,normalized input + visible output tokens,0.01304150943396226464307582770,0.06953472000000000278138880000,managed
view_b,low,10000,medium,low,private,-5,0.8833333333333333,0.8333333333333333,1,282.2080,746.4640,4.4640,32.400,72.00,3.1680,14.9760,40.00,22.0475,provider-billed input + output tokens,58.3175,normalized input + visible output tokens,0.03194807547169811441313492346,0.08957568000000000358302720000,managed
view_b,typical,10000,medium,low,private,-5,0.8833333333333333,0.8333333333333333,1,602.2080,1066.4640,4.4640,32.400,72.00,3.1680,14.9760,360.0,47.0475,provider-billed input + output tokens,83.3175,normalized input + visible output tokens,0.06817449056603773842167888928,0.1279756800000000051190272000,managed
view_b,high,10000,medium,low,private,-5,0.8833333333333333,0.8333333333333333,1,3122.2080,3586.4640,4.4640,32.400,72.00,3.1680,14.9760,2880.0,243.9225,provider-billed input + output tokens,280.1925,normalized input + visible output tokens,0.3534575094339622774889626201,0.4303756800000000172150272000,managed
view_a,not_applicable,10000,medium,low,measured,0,0.8833333333333333,0.8833333333333333,1,115.20,579.4560,,,,,,,9.00,provider-billed input + output tokens,45.2700,normalized input + visible output tokens,0.01304150943396226464307582770,0.06559879245283019115467141331,managed
view_b,low,10000,medium,low,measured,0,0.8833333333333333,0.8833333333333333,1,282.2080,746.4640,4.4640,32.400,72.00,3.1680,14.9760,40.00,22.0475,provider-billed input + output tokens,58.3175,normalized input + visible output tokens,0.03194807547169811441313492346,0.08450535849056604092473050908,managed
view_b,typical,10000,medium,low,measured,0,0.8833333333333333,0.8833333333333333,1,602.2080,1066.4640,4.4640,32.400,72.00,3.1680,14.9760,360.0,47.0475,provider-billed input + output tokens,83.3175,normalized input + visible output tokens,0.06817449056603773842167888928,0.1207317735849056649332744749,managed
view_b,high,10000,medium,low,measured,0,0.8833333333333333,0.8833333333333333,1,3122.2080,3586.4640,4.4640,32.400,72.00,3.1680,14.9760,2880.0,243.9225,provider-billed input + output tokens,280.1925,normalized input + visible output tokens,0.3534575094339622774889626201,0.4060147924528302040005582058,managed
view_a,not_applicable,10000,medium,low,managed,5,0.9333333333333333,0.8833333333333333,1,115.20,579.4560,,,,,,,9.00,provider-billed input + output tokens,45.2700,normalized input + visible output tokens,0.01234285714285714329795918367,0.06559879245283019115467141331,managed
view_b,low,10000,medium,low,managed,5,0.9333333333333333,0.8833333333333333,1,282.2080,746.4640,4.4640,32.400,72.00,3.1680,14.9760,40.00,22.0475,provider-billed input + output tokens,58.3175,normalized input + visible output tokens,0.03023657142857142965130612245,0.08450535849056604092473050908,managed
view_b,typical,10000,medium,low,managed,5,0.9333333333333333,0.8833333333333333,1,602.2080,1066.4640,4.4640,32.400,72.00,3.1680,14.9760,360.0,47.0475,provider-billed input + output tokens,83.3175,normalized input + visible output tokens,0.06452228571428571659008163265,0.1207317735849056649332744749,managed
view_b,high,10000,medium,low,managed,5,0.9333333333333333,0.8833333333333333,1,3122.2080,3586.4640,4.4640,32.400,72.00,3.1680,14.9760,2880.0,243.9225,provider-billed input + output tokens,280.1925,normalized input + visible output tokens,0.3345222857142857262329387755,0.4060147924528302040005582058,managed
view_a,not_applicable,10000,medium,low,private,5,0.8833333333333333,0.9333333333333333,1,115.20,579.4560,,,,,,,9.00,provider-billed input + output tokens,45.2700,normalized input + visible output tokens,0.01304150943396226464307582770,0.06208457142857143078873469388,managed
view_b,low,10000,medium,low,private,5,0.8833333333333333,0.9333333333333333,1,282.2080,746.4640,4.4640,32.400,72.00,3.1680,14.9760,40.00,22.0475,provider-billed input + output tokens,58.3175,normalized input + visible output tokens,0.03194807547169811441313492346,0.07997828571428571714208163265,managed
view_b,typical,10000,medium,low,private,5,0.8833333333333333,0.9333333333333333,1,602.2080,1066.4640,4.4640,32.400,72.00,3.1680,14.9760,360.0,47.0475,provider-billed input + output tokens,83.3175,normalized input + visible output tokens,0.06817449056603773842167888928,0.1142640000000000040808571429,managed
view_b,high,10000,medium,low,private,5,0.8833333333333333,0.9333333333333333,1,3122.2080,3586.4640,4.4640,32.400,72.00,3.1680,14.9760,2880.0,243.9225,provider-billed input + output tokens,280.1925,normalized input + visible output tokens,0.3534575094339622774889626201,0.3842640000000000137237142857,managed
view_a,not_applicable,10000,medium,typical,managed,-5,0.8333333333333333,0.8833333333333333,1,115.20,579.4560,,,,,,,9.00,provider-billed input + output tokens,45.2700,normalized input + visible output tokens,0.01382400000000000055296000000,0.06559879245283019115467141331,managed
view_b,low,10000,medium,typical,managed,-5,0.8333333333333333,0.8833333333333333,1,282.2080,746.4640,4.4640,32.400,72.00,3.1680,14.9760,40.00,22.0475,provider-billed input + output tokens,58.3175,normalized input + visible output tokens,0.03386496000000000135459840000,0.08450535849056604092473050908,managed
view_b,typical,10000,medium,typical,managed,-5,0.8333333333333333,0.8833333333333333,1,602.2080,1066.4640,4.4640,32.400,72.00,3.1680,14.9760,360.0,47.0475,provider-billed input + output tokens,83.3175,normalized input + visible output tokens,0.07226496000000000289059840000,0.1207317735849056649332744749,managed
view_b,high,10000,medium,typical,managed,-5,0.8333333333333333,0.8833333333333333,1,3122.2080,3586.4640,4.4640,32.400,72.00,3.1680,14.9760,2880.0,243.9225,provider-billed input + output tokens,280.1925,normalized input + visible output tokens,0.3746649600000000149865984000,0.4060147924528302040005582058,managed
view_a,not_applicable,10000,medium,typical,private,-5,0.8833333333333333,0.8333333333333333,1,115.20,579.4560,,,,,,,9.00,provider-billed input + output tokens,45.2700,normalized input + visible output tokens,0.01304150943396226464307582770,0.06953472000000000278138880000,managed
view_b,low,10000,medium,typical,private,-5,0.8833333333333333,0.8333333333333333,1,282.2080,746.4640,4.4640,32.400,72.00,3.1680,14.9760,40.00,22.0475,provider-billed input + output tokens,58.3175,normalized input + visible output tokens,0.03194807547169811441313492346,0.08957568000000000358302720000,managed
view_b,typical,10000,medium,typical,private,-5,0.8833333333333333,0.8333333333333333,1,602.2080,1066.4640,4.4640,32.400,72.00,3.1680,14.9760,360.0,47.0475,provider-billed input + output tokens,83.3175,normalized input + visible output tokens,0.06817449056603773842167888928,0.1279756800000000051190272000,managed
view_b,high,10000,medium,typical,private,-5,0.8833333333333333,0.8333333333333333,1,3122.2080,3586.4640,4.4640,32.400,72.00,3.1680,14.9760,2880.0,243.9225,provider-billed input + output tokens,280.1925,normalized input + visible output tokens,0.3534575094339622774889626201,0.4303756800000000172150272000,managed
view_a,not_applicable,10000,medium,typical,measured,0,0.8833333333333333,0.8833333333333333,1,115.20,579.4560,,,,,,,9.00,provider-billed input + output tokens,45.2700,normalized input + visible output tokens,0.01304150943396226464307582770,0.06559879245283019115467141331,managed
view_b,low,10000,medium,typical,measured,0,0.8833333333333333,0.8833333333333333,1,282.2080,746.4640,4.4640,32.400,72.00,3.1680,14.9760,40.00,22.0475,provider-billed input + output tokens,58.3175,normalized input + visible output tokens,0.03194807547169811441313492346,0.08450535849056604092473050908,managed
view_b,typical,10000,medium,typical,measured,0,0.8833333333333333,0.8833333333333333,1,602.2080,1066.4640,4.4640,32.400,72.00,3.1680,14.9760,360.0,47.0475,provider-billed input + output tokens,83.3175,normalized input + visible output tokens,0.06817449056603773842167888928,0.1207317735849056649332744749,managed
view_b,high,10000,medium,typical,measured,0,0.8833333333333333,0.8833333333333333,1,3122.2080,3586.4640,4.4640,32.400,72.00,3.1680,14.9760,2880.0,243.9225,provider-billed input + output tokens,280.1925,normalized input + visible output tokens,0.3534575094339622774889626201,0.4060147924528302040005582058,managed
view_a,not_applicable,10000,medium,typical,managed,5,0.9333333333333333,0.8833333333333333,1,115.20,579.4560,,,,,,,9.00,provider-billed input + output tokens,45.2700,normalized input + visible output tokens,0.01234285714285714329795918367,0.06559879245283019115467141331,managed
view_b,low,10000,medium,typical,managed,5,0.9333333333333333,0.8833333333333333,1,282.2080,746.4640,4.4640,32.400,72.00,3.1680,14.9760,40.00,22.0475,provider-billed input + output tokens,58.3175,normalized input + visible output tokens,0.03023657142857142965130612245,0.08450535849056604092473050908,managed
view_b,typical,10000,medium,typical,managed,5,0.9333333333333333,0.8833333333333333,1,602.2080,1066.4640,4.4640,32.400,72.00,3.1680,14.9760,360.0,47.0475,provider-billed input + output tokens,83.3175,normalized input + visible output tokens,0.06452228571428571659008163265,0.1207317735849056649332744749,managed
view_b,high,10000,medium,typical,managed,5,0.9333333333333333,0.8833333333333333,1,3122.2080,3586.4640,4.4640,32.400,72.00,3.1680,14.9760,2880.0,243.9225,provider-billed input + output tokens,280.1925,normalized input + visible output tokens,0.3345222857142857262329387755,0.4060147924528302040005582058,managed
view_a,not_applicable,10000,medium,typical,private,5,0.8833333333333333,0.9333333333333333,1,115.20,579.4560,,,,,,,9.00,provider-billed input + output tokens,45.2700,normalized input + visible output tokens,0.01304150943396226464307582770,0.06208457142857143078873469388,managed
view_b,low,10000,medium,typical,private,5,0.8833333333333333,0.9333333333333333,1,282.2080,746.4640,4.4640,32.400,72.00,3.1680,14.9760,40.00,22.0475,provider-billed input + output tokens,58.3175,normalized input + visible output tokens,0.03194807547169811441313492346,0.07997828571428571714208163265,managed
view_b,typical,10000,medium,typical,private,5,0.8833333333333333,0.9333333333333333,1,602.2080,1066.4640,4.4640,32.400,72.00,3.1680,14.9760,360.0,47.0475,provider-billed input + output tokens,83.3175,normalized input + visible output tokens,0.06817449056603773842167888928,0.1142640000000000040808571429,managed
view_b,high,10000,medium,typical,private,5,0.8833333333333333,0.9333333333333333,1,3122.2080,3586.4640,4.4640,32.400,72.00,3.1680,14.9760,2880.0,243.9225,provider-billed input + output tokens,280.1925,normalized input + visible output tokens,0.3534575094339622774889626201,0.3842640000000000137237142857,managed
view_a,not_applicable,10000,medium,high,managed,-5,0.8333333333333333,0.8833333333333333,1,115.20,579.4560,,,,,,,9.00,provider-billed input + output tokens,45.2700,normalized input + visible output tokens,0.01382400000000000055296000000,0.06559879245283019115467141331,managed
view_b,low,10000,medium,high,managed,-5,0.8333333333333333,0.8833333333333333,1,282.2080,746.4640,4.4640,32.400,72.00,3.1680,14.9760,40.00,22.0475,provider-billed input + output tokens,58.3175,normalized input + visible output tokens,0.03386496000000000135459840000,0.08450535849056604092473050908,managed
view_b,typical,10000,medium,high,managed,-5,0.8333333333333333,0.8833333333333333,1,602.2080,1066.4640,4.4640,32.400,72.00,3.1680,14.9760,360.0,47.0475,provider-billed input + output tokens,83.3175,normalized input + visible output tokens,0.07226496000000000289059840000,0.1207317735849056649332744749,managed
view_b,high,10000,medium,high,managed,-5,0.8333333333333333,0.8833333333333333,1,3122.2080,3586.4640,4.4640,32.400,72.00,3.1680,14.9760,2880.0,243.9225,provider-billed input + output tokens,280.1925,normalized input + visible output tokens,0.3746649600000000149865984000,0.4060147924528302040005582058,managed
view_a,not_applicable,10000,medium,high,private,-5,0.8833333333333333,0.8333333333333333,1,115.20,579.4560,,,,,,,9.00,provider-billed input + output tokens,45.2700,normalized input + visible output tokens,0.01304150943396226464307582770,0.06953472000000000278138880000,managed
view_b,low,10000,medium,high,private,-5,0.8833333333333333,0.8333333333333333,1,282.2080,746.4640,4.4640,32.400,72.00,3.1680,14.9760,40.00,22.0475,provider-billed input + output tokens,58.3175,normalized input + visible output tokens,0.03194807547169811441313492346,0.08957568000000000358302720000,managed
view_b,typical,10000,medium,high,private,-5,0.8833333333333333,0.8333333333333333,1,602.2080,1066.4640,4.4640,32.400,72.00,3.1680,14.9760,360.0,47.0475,provider-billed input + output tokens,83.3175,normalized input + visible output tokens,0.06817449056603773842167888928,0.1279756800000000051190272000,managed
view_b,high,10000,medium,high,private,-5,0.8833333333333333,0.8333333333333333,1,3122.2080,3586.4640,4.4640,32.400,72.00,3.1680,14.9760,2880.0,243.9225,provider-billed input + output tokens,280.1925,normalized input + visible output tokens,0.3534575094339622774889626201,0.4303756800000000172150272000,managed
view_a,not_applicable,10000,medium,high,measured,0,0.8833333333333333,0.8833333333333333,1,115.20,579.4560,,,,,,,9.00,provider-billed input + output tokens,45.2700,normalized input + visible output tokens,0.01304150943396226464307582770,0.06559879245283019115467141331,managed
view_b,low,10000,medium,high,measured,0,0.8833333333333333,0.8833333333333333,1,282.2080,746.4640,4.4640,32.400,72.00,3.1680,14.9760,40.00,22.0475,provider-billed input + output tokens,58.3175,normalized input + visible output tokens,0.03194807547169811441313492346,0.08450535849056604092473050908,managed
view_b,typical,10000,medium,high,measured,0,0.8833333333333333,0.8833333333333333,1,602.2080,1066.4640,4.4640,32.400,72.00,3.1680,14.9760,360.0,47.0475,provider-billed input + output tokens,83.3175,normalized input + visible output tokens,0.06817449056603773842167888928,0.1207317735849056649332744749,managed
view_b,high,10000,medium,high,measured,0,0.8833333333333333,0.8833333333333333,1,3122.2080,3586.4640,4.4640,32.400,72.00,3.1680,14.9760,2880.0,243.9225,provider-billed input + output tokens,280.1925,normalized input + visible output tokens,0.3534575094339622774889626201,0.4060147924528302040005582058,managed
view_a,not_applicable,10000,medium,high,managed,5,0.9333333333333333,0.8833333333333333,1,115.20,579.4560,,,,,,,9.00,provider-billed input + output tokens,45.2700,normalized input + visible output tokens,0.01234285714285714329795918367,0.06559879245283019115467141331,managed
view_b,low,10000,medium,high,managed,5,0.9333333333333333,0.8833333333333333,1,282.2080,746.4640,4.4640,32.400,72.00,3.1680,14.9760,40.00,22.0475,provider-billed input + output tokens,58.3175,normalized input + visible output tokens,0.03023657142857142965130612245,0.08450535849056604092473050908,managed
view_b,typical,10000,medium,high,managed,5,0.9333333333333333,0.8833333333333333,1,602.2080,1066.4640,4.4640,32.400,72.00,3.1680,14.9760,360.0,47.0475,provider-billed input + output tokens,83.3175,normalized input + visible output tokens,0.06452228571428571659008163265,0.1207317735849056649332744749,managed
view_b,high,10000,medium,high,managed,5,0.9333333333333333,0.8833333333333333,1,3122.2080,3586.4640,4.4640,32.400,72.00,3.1680,14.9760,2880.0,243.9225,provider-billed input + output tokens,280.1925,normalized input + visible output tokens,0.3345222857142857262329387755,0.4060147924528302040005582058,managed
view_a,not_applicable,10000,medium,high,private,5,0.8833333333333333,0.9333333333333333,1,115.20,579.4560,,,,,,,9.00,provider-billed input + output tokens,45.2700,normalized input + visible output tokens,0.01304150943396226464307582770,0.06208457142857143078873469388,managed
view_b,low,10000,medium,high,private,5,0.8833333333333333,0.9333333333333333,1,282.2080,746.4640,4.4640,32.400,72.00,3.1680,14.9760,40.00,22.0475,provider-billed input + output tokens,58.3175,normalized input + visible output tokens,0.03194807547169811441313492346,0.07997828571428571714208163265,managed
view_b,typical,10000,medium,high,private,5,0.8833333333333333,0.9333333333333333,1,602.2080,1066.4640,4.4640,32.400,72.00,3.1680,14.9760,360.0,47.0475,provider-billed input + output tokens,83.3175,normalized input + visible output tokens,0.06817449056603773842167888928,0.1142640000000000040808571429,managed
view_b,high,10000,medium,high,private,5,0.8833333333333333,0.9333333333333333,1,3122.2080,3586.4640,4.4640,32.400,72.00,3.1680,14.9760,2880.0,243.9225,provider-billed input + output tokens,280.1925,normalized input + visible output tokens,0.3534575094339622774889626201,0.3842640000000000137237142857,managed
view_a,not_applicable,50000,short,low,managed,-5,0.8333333333333333,0.8833333333333333,1,144.00,579.4560,,,,,,,9.00,provider-billed input + output tokens,36.2160,normalized input + visible output tokens,0.003456000000000000138240000000,0.01311975849056603823093428266,managed
view_b,low,50000,short,low,managed,-5,0.8333333333333333,0.8833333333333333,1,311.0080,746.4640,4.4640,32.400,72.00,3.1680,14.9760,40.00,19.4380,provider-billed input + output tokens,46.6540,normalized input + visible output tokens,0.007464192000000000298567680000,0.01690107169811320818494610182,managed
view_b,typical,50000,short,low,managed,-5,0.8333333333333333,0.8833333333333333,1,631.0080,1066.4640,4.4640,32.400,72.00,3.1680,14.9760,360.0,39.4380,provider-billed input + output tokens,66.6540,normalized input + visible output tokens,0.01514419200000000060576768000,0.02414635471698113298665489498,managed
view_b,high,50000,short,low,managed,-5,0.8333333333333333,0.8833333333333333,1,3151.0080,3586.4640,4.4640,32.400,72.00,3.1680,14.9760,2880.0,196.9380,provider-billed input + output tokens,224.1540,normalized input + visible output tokens,0.07562419200000000302496768000,0.08120295849056604080011164115,managed
view_a,not_applicable,50000,short,low,private,-5,0.8833333333333333,0.8333333333333333,1,144.00,579.4560,,,,,,,9.00,provider-billed input + output tokens,36.2160,normalized input + visible output tokens,0.003260377358490566160768956924,0.01390694400000000055627776000,managed
view_b,low,50000,short,low,private,-5,0.8833333333333333,0.8333333333333333,1,311.0080,746.4640,4.4640,32.400,72.00,3.1680,14.9760,40.00,19.4380,provider-billed input + output tokens,46.6540,normalized input + visible output tokens,0.007041690566037736114780776077,0.01791513600000000071660544000,managed
view_b,typical,50000,short,low,private,-5,0.8833333333333333,0.8333333333333333,1,631.0080,1066.4640,4.4640,32.400,72.00,3.1680,14.9760,360.0,39.4380,provider-billed input + output tokens,66.6540,normalized input + visible output tokens,0.01428697358490566091648956924,0.02559513600000000102380544000,managed
view_b,high,50000,short,low,private,-5,0.8833333333333333,0.8333333333333333,1,3151.0080,3586.4640,4.4640,32.400,72.00,3.1680,14.9760,2880.0,196.9380,provider-billed input + output tokens,224.1540,normalized input + visible output tokens,0.07134357735849056872994631541,0.08607513600000000344300544000,managed
view_a,not_applicable,50000,short,low,measured,0,0.8833333333333333,0.8833333333333333,1,144.00,579.4560,,,,,,,9.00,provider-billed input + output tokens,36.2160,normalized input + visible output tokens,0.003260377358490566160768956924,0.01311975849056603823093428266,managed
view_b,low,50000,short,low,measured,0,0.8833333333333333,0.8833333333333333,1,311.0080,746.4640,4.4640,32.400,72.00,3.1680,14.9760,40.00,19.4380,provider-billed input + output tokens,46.6540,normalized input + visible output tokens,0.007041690566037736114780776077,0.01690107169811320818494610182,managed
view_b,typical,50000,short,low,measured,0,0.8833333333333333,0.8833333333333333,1,631.0080,1066.4640,4.4640,32.400,72.00,3.1680,14.9760,360.0,39.4380,provider-billed input + output tokens,66.6540,normalized input + visible output tokens,0.01428697358490566091648956924,0.02414635471698113298665489498,managed
view_b,high,50000,short,low,measured,0,0.8833333333333333,0.8833333333333333,1,3151.0080,3586.4640,4.4640,32.400,72.00,3.1680,14.9760,2880.0,196.9380,provider-billed input + output tokens,224.1540,normalized input + visible output tokens,0.07134357735849056872994631541,0.08120295849056604080011164115,managed
view_a,not_applicable,50000,short,low,managed,5,0.9333333333333333,0.8833333333333333,1,144.00,579.4560,,,,,,,9.00,provider-billed input + output tokens,36.2160,normalized input + visible output tokens,0.003085714285714285824489795918,0.01311975849056603823093428266,managed
view_b,low,50000,short,low,managed,5,0.9333333333333333,0.8833333333333333,1,311.0080,746.4640,4.4640,32.400,72.00,3.1680,14.9760,40.00,19.4380,provider-billed input + output tokens,46.6540,normalized input + visible output tokens,0.006664457142857143095159183673,0.01690107169811320818494610182,managed
view_b,typical,50000,short,low,managed,5,0.9333333333333333,0.8833333333333333,1,631.0080,1066.4640,4.4640,32.400,72.00,3.1680,14.9760,360.0,39.4380,provider-billed input + output tokens,66.6540,normalized input + visible output tokens,0.01352160000000000048291428571,0.02414635471698113298665489498,managed
view_b,high,50000,short,low,managed,5,0.9333333333333333,0.8833333333333333,1,3151.0080,3586.4640,4.4640,32.400,72.00,3.1680,14.9760,2880.0,196.9380,provider-billed input + output tokens,224.1540,normalized input + visible output tokens,0.06752160000000000241148571429,0.08120295849056604080011164115,managed
view_a,not_applicable,50000,short,low,private,5,0.8833333333333333,0.9333333333333333,1,144.00,579.4560,,,,,,,9.00,provider-billed input + output tokens,36.2160,normalized input + visible output tokens,0.003260377358490566160768956924,0.01241691428571428615774693878,managed
view_b,low,50000,short,low,private,5,0.8833333333333333,0.9333333333333333,1,311.0080,746.4640,4.4640,32.400,72.00,3.1680,14.9760,40.00,19.4380,provider-billed input + output tokens,46.6540,normalized input + visible output tokens,0.007041690566037736114780776077,0.01599565714285714342841632653,managed
view_b,typical,50000,short,low,private,5,0.8833333333333333,0.9333333333333333,1,631.0080,1066.4640,4.4640,32.400,72.00,3.1680,14.9760,360.0,39.4380,provider-billed input + output tokens,66.6540,normalized input + visible output tokens,0.01428697358490566091648956924,0.02285280000000000081617142857,managed
view_b,high,50000,short,low,private,5,0.8833333333333333,0.9333333333333333,1,3151.0080,3586.4640,4.4640,32.400,72.00,3.1680,14.9760,2880.0,196.9380,provider-billed input + output tokens,224.1540,normalized input + visible output tokens,0.07134357735849056872994631541,0.07685280000000000274474285714,managed
view_a,not_applicable,50000,short,typical,managed,-5,0.8333333333333333,0.8833333333333333,1,144.00,579.4560,,,,,,,9.00,provider-billed input + output tokens,36.2160,normalized input + visible output tokens,0.003456000000000000138240000000,0.01311975849056603823093428266,managed
view_b,low,50000,short,typical,managed,-5,0.8333333333333333,0.8833333333333333,1,311.0080,746.4640,4.4640,32.400,72.00,3.1680,14.9760,40.00,19.4380,provider-billed input + output tokens,46.6540,normalized input + visible output tokens,0.007464192000000000298567680000,0.01690107169811320818494610182,managed
view_b,typical,50000,short,typical,managed,-5,0.8333333333333333,0.8833333333333333,1,631.0080,1066.4640,4.4640,32.400,72.00,3.1680,14.9760,360.0,39.4380,provider-billed input + output tokens,66.6540,normalized input + visible output tokens,0.01514419200000000060576768000,0.02414635471698113298665489498,managed
view_b,high,50000,short,typical,managed,-5,0.8333333333333333,0.8833333333333333,1,3151.0080,3586.4640,4.4640,32.400,72.00,3.1680,14.9760,2880.0,196.9380,provider-billed input + output tokens,224.1540,normalized input + visible output tokens,0.07562419200000000302496768000,0.08120295849056604080011164115,managed
view_a,not_applicable,50000,short,typical,private,-5,0.8833333333333333,0.8333333333333333,1,144.00,579.4560,,,,,,,9.00,provider-billed input + output tokens,36.2160,normalized input + visible output tokens,0.003260377358490566160768956924,0.01390694400000000055627776000,managed
view_b,low,50000,short,typical,private,-5,0.8833333333333333,0.8333333333333333,1,311.0080,746.4640,4.4640,32.400,72.00,3.1680,14.9760,40.00,19.4380,provider-billed input + output tokens,46.6540,normalized input + visible output tokens,0.007041690566037736114780776077,0.01791513600000000071660544000,managed
view_b,typical,50000,short,typical,private,-5,0.8833333333333333,0.8333333333333333,1,631.0080,1066.4640,4.4640,32.400,72.00,3.1680,14.9760,360.0,39.4380,provider-billed input + output tokens,66.6540,normalized input + visible output tokens,0.01428697358490566091648956924,0.02559513600000000102380544000,managed
view_b,high,50000,short,typical,private,-5,0.8833333333333333,0.8333333333333333,1,3151.0080,3586.4640,4.4640,32.400,72.00,3.1680,14.9760,2880.0,196.9380,provider-billed input + output tokens,224.1540,normalized input + visible output tokens,0.07134357735849056872994631541,0.08607513600000000344300544000,managed
view_a,not_applicable,50000,short,typical,measured,0,0.8833333333333333,0.8833333333333333,1,144.00,579.4560,,,,,,,9.00,provider-billed input + output tokens,36.2160,normalized input + visible output tokens,0.003260377358490566160768956924,0.01311975849056603823093428266,managed
view_b,low,50000,short,typical,measured,0,0.8833333333333333,0.8833333333333333,1,311.0080,746.4640,4.4640,32.400,72.00,3.1680,14.9760,40.00,19.4380,provider-billed input + output tokens,46.6540,normalized input + visible output tokens,0.007041690566037736114780776077,0.01690107169811320818494610182,managed
view_b,typical,50000,short,typical,measured,0,0.8833333333333333,0.8833333333333333,1,631.0080,1066.4640,4.4640,32.400,72.00,3.1680,14.9760,360.0,39.4380,provider-billed input + output tokens,66.6540,normalized input + visible output tokens,0.01428697358490566091648956924,0.02414635471698113298665489498,managed
view_b,high,50000,short,typical,measured,0,0.8833333333333333,0.8833333333333333,1,3151.0080,3586.4640,4.4640,32.400,72.00,3.1680,14.9760,2880.0,196.9380,provider-billed input + output tokens,224.1540,normalized input + visible output tokens,0.07134357735849056872994631541,0.08120295849056604080011164115,managed
view_a,not_applicable,50000,short,typical,managed,5,0.9333333333333333,0.8833333333333333,1,144.00,579.4560,,,,,,,9.00,provider-billed input + output tokens,36.2160,normalized input + visible output tokens,0.003085714285714285824489795918,0.01311975849056603823093428266,managed
view_b,low,50000,short,typical,managed,5,0.9333333333333333,0.8833333333333333,1,311.0080,746.4640,4.4640,32.400,72.00,3.1680,14.9760,40.00,19.4380,provider-billed input + output tokens,46.6540,normalized input + visible output tokens,0.006664457142857143095159183673,0.01690107169811320818494610182,managed
view_b,typical,50000,short,typical,managed,5,0.9333333333333333,0.8833333333333333,1,631.0080,1066.4640,4.4640,32.400,72.00,3.1680,14.9760,360.0,39.4380,provider-billed input + output tokens,66.6540,normalized input + visible output tokens,0.01352160000000000048291428571,0.02414635471698113298665489498,managed
view_b,high,50000,short,typical,managed,5,0.9333333333333333,0.8833333333333333,1,3151.0080,3586.4640,4.4640,32.400,72.00,3.1680,14.9760,2880.0,196.9380,provider-billed input + output tokens,224.1540,normalized input + visible output tokens,0.06752160000000000241148571429,0.08120295849056604080011164115,managed
view_a,not_applicable,50000,short,typical,private,5,0.8833333333333333,0.9333333333333333,1,144.00,579.4560,,,,,,,9.00,provider-billed input + output tokens,36.2160,normalized input + visible output tokens,0.003260377358490566160768956924,0.01241691428571428615774693878,managed
view_b,low,50000,short,typical,private,5,0.8833333333333333,0.9333333333333333,1,311.0080,746.4640,4.4640,32.400,72.00,3.1680,14.9760,40.00,19.4380,provider-billed input + output tokens,46.6540,normalized input + visible output tokens,0.007041690566037736114780776077,0.01599565714285714342841632653,managed
view_b,typical,50000,short,typical,private,5,0.8833333333333333,0.9333333333333333,1,631.0080,1066.4640,4.4640,32.400,72.00,3.1680,14.9760,360.0,39.4380,provider-billed input + output tokens,66.6540,normalized input + visible output tokens,0.01428697358490566091648956924,0.02285280000000000081617142857,managed
view_b,high,50000,short,typical,private,5,0.8833333333333333,0.9333333333333333,1,3151.0080,3586.4640,4.4640,32.400,72.00,3.1680,14.9760,2880.0,196.9380,provider-billed input + output tokens,224.1540,normalized input + visible output tokens,0.07134357735849056872994631541,0.07685280000000000274474285714,managed
view_a,not_applicable,50000,short,high,managed,-5,0.8333333333333333,0.8833333333333333,1,144.00,579.4560,,,,,,,9.00,provider-billed input + output tokens,36.2160,normalized input + visible output tokens,0.003456000000000000138240000000,0.01311975849056603823093428266,managed
view_b,low,50000,short,high,managed,-5,0.8333333333333333,0.8833333333333333,1,311.0080,746.4640,4.4640,32.400,72.00,3.1680,14.9760,40.00,19.4380,provider-billed input + output tokens,46.6540,normalized input + visible output tokens,0.007464192000000000298567680000,0.01690107169811320818494610182,managed
view_b,typical,50000,short,high,managed,-5,0.8333333333333333,0.8833333333333333,1,631.0080,1066.4640,4.4640,32.400,72.00,3.1680,14.9760,360.0,39.4380,provider-billed input + output tokens,66.6540,normalized input + visible output tokens,0.01514419200000000060576768000,0.02414635471698113298665489498,managed
view_b,high,50000,short,high,managed,-5,0.8333333333333333,0.8833333333333333,1,3151.0080,3586.4640,4.4640,32.400,72.00,3.1680,14.9760,2880.0,196.9380,provider-billed input + output tokens,224.1540,normalized input + visible output tokens,0.07562419200000000302496768000,0.08120295849056604080011164115,managed
view_a,not_applicable,50000,short,high,private,-5,0.8833333333333333,0.8333333333333333,1,144.00,579.4560,,,,,,,9.00,provider-billed input + output tokens,36.2160,normalized input + visible output tokens,0.003260377358490566160768956924,0.01390694400000000055627776000,managed
view_b,low,50000,short,high,private,-5,0.8833333333333333,0.8333333333333333,1,311.0080,746.4640,4.4640,32.400,72.00,3.1680,14.9760,40.00,19.4380,provider-billed input + output tokens,46.6540,normalized input + visible output tokens,0.007041690566037736114780776077,0.01791513600000000071660544000,managed
view_b,typical,50000,short,high,private,-5,0.8833333333333333,0.8333333333333333,1,631.0080,1066.4640,4.4640,32.400,72.00,3.1680,14.9760,360.0,39.4380,provider-billed input + output tokens,66.6540,normalized input + visible output tokens,0.01428697358490566091648956924,0.02559513600000000102380544000,managed
view_b,high,50000,short,high,private,-5,0.8833333333333333,0.8333333333333333,1,3151.0080,3586.4640,4.4640,32.400,72.00,3.1680,14.9760,2880.0,196.9380,provider-billed input + output tokens,224.1540,normalized input + visible output tokens,0.07134357735849056872994631541,0.08607513600000000344300544000,managed
view_a,not_applicable,50000,short,high,measured,0,0.8833333333333333,0.8833333333333333,1,144.00,579.4560,,,,,,,9.00,provider-billed input + output tokens,36.2160,normalized input + visible output tokens,0.003260377358490566160768956924,0.01311975849056603823093428266,managed
view_b,low,50000,short,high,measured,0,0.8833333333333333,0.8833333333333333,1,311.0080,746.4640,4.4640,32.400,72.00,3.1680,14.9760,40.00,19.4380,provider-billed input + output tokens,46.6540,normalized input + visible output tokens,0.007041690566037736114780776077,0.01690107169811320818494610182,managed
view_b,typical,50000,short,high,measured,0,0.8833333333333333,0.8833333333333333,1,631.0080,1066.4640,4.4640,32.400,72.00,3.1680,14.9760,360.0,39.4380,provider-billed input + output tokens,66.6540,normalized input + visible output tokens,0.01428697358490566091648956924,0.02414635471698113298665489498,managed
view_b,high,50000,short,high,measured,0,0.8833333333333333,0.8833333333333333,1,3151.0080,3586.4640,4.4640,32.400,72.00,3.1680,14.9760,2880.0,196.9380,provider-billed input + output tokens,224.1540,normalized input + visible output tokens,0.07134357735849056872994631541,0.08120295849056604080011164115,managed
view_a,not_applicable,50000,short,high,managed,5,0.9333333333333333,0.8833333333333333,1,144.00,579.4560,,,,,,,9.00,provider-billed input + output tokens,36.2160,normalized input + visible output tokens,0.003085714285714285824489795918,0.01311975849056603823093428266,managed
view_b,low,50000,short,high,managed,5,0.9333333333333333,0.8833333333333333,1,311.0080,746.4640,4.4640,32.400,72.00,3.1680,14.9760,40.00,19.4380,provider-billed input + output tokens,46.6540,normalized input + visible output tokens,0.006664457142857143095159183673,0.01690107169811320818494610182,managed
view_b,typical,50000,short,high,managed,5,0.9333333333333333,0.8833333333333333,1,631.0080,1066.4640,4.4640,32.400,72.00,3.1680,14.9760,360.0,39.4380,provider-billed input + output tokens,66.6540,normalized input + visible output tokens,0.01352160000000000048291428571,0.02414635471698113298665489498,managed
view_b,high,50000,short,high,managed,5,0.9333333333333333,0.8833333333333333,1,3151.0080,3586.4640,4.4640,32.400,72.00,3.1680,14.9760,2880.0,196.9380,provider-billed input + output tokens,224.1540,normalized input + visible output tokens,0.06752160000000000241148571429,0.08120295849056604080011164115,managed
view_a,not_applicable,50000,short,high,private,5,0.8833333333333333,0.9333333333333333,1,144.00,579.4560,,,,,,,9.00,provider-billed input + output tokens,36.2160,normalized input + visible output tokens,0.003260377358490566160768956924,0.01241691428571428615774693878,managed
view_b,low,50000,short,high,private,5,0.8833333333333333,0.9333333333333333,1,311.0080,746.4640,4.4640,32.400,72.00,3.1680,14.9760,40.00,19.4380,provider-billed input + output tokens,46.6540,normalized input + visible output tokens,0.007041690566037736114780776077,0.01599565714285714342841632653,managed
view_b,typical,50000,short,high,private,5,0.8833333333333333,0.9333333333333333,1,631.0080,1066.4640,4.4640,32.400,72.00,3.1680,14.9760,360.0,39.4380,provider-billed input + output tokens,66.6540,normalized input + visible output tokens,0.01428697358490566091648956924,0.02285280000000000081617142857,managed
view_b,high,50000,short,high,private,5,0.8833333333333333,0.9333333333333333,1,3151.0080,3586.4640,4.4640,32.400,72.00,3.1680,14.9760,2880.0,196.9380,provider-billed input + output tokens,224.1540,normalized input + visible output tokens,0.07134357735849056872994631541,0.07685280000000000274474285714,managed
view_a,not_applicable,50000,medium,low,managed,-5,0.8333333333333333,0.8833333333333333,1,576.00,579.4560,,,,,,,9.00,provider-billed input + output tokens,9.0540,normalized input + visible output tokens,0.01382400000000000055296000000,0.01311975849056603823093428266,private
view_b,low,50000,medium,low,managed,-5,0.8333333333333333,0.8833333333333333,1,743.0080,746.4640,4.4640,32.400,72.00,3.1680,14.9760,40.00,11.6095,provider-billed input + output tokens,11.6635,normalized input + visible output tokens,0.01783219200000000071328768000,0.01690107169811320818494610182,private
view_b,typical,50000,medium,low,managed,-5,0.8333333333333333,0.8833333333333333,1,1063.0080,1066.4640,4.4640,32.400,72.00,3.1680,14.9760,360.0,16.6095,provider-billed input + output tokens,16.6635,normalized input + visible output tokens,0.02551219200000000102048768000,0.02414635471698113298665489498,private
view_b,high,50000,medium,low,managed,-5,0.8333333333333333,0.8833333333333333,1,3583.0080,3586.4640,4.4640,32.400,72.00,3.1680,14.9760,2880.0,55.9845,provider-billed input + output tokens,56.0385,normalized input + visible output tokens,0.08599219200000000343968768000,0.08120295849056604080011164115,private
view_a,not_applicable,50000,medium,low,private,-5,0.8833333333333333,0.8333333333333333,1,576.00,579.4560,,,,,,,9.00,provider-billed input + output tokens,9.0540,normalized input + visible output tokens,0.01304150943396226464307582770,0.01390694400000000055627776000,managed
view_b,low,50000,medium,low,private,-5,0.8833333333333333,0.8333333333333333,1,743.0080,746.4640,4.4640,32.400,72.00,3.1680,14.9760,40.00,11.6095,provider-billed input + output tokens,11.6635,normalized input + visible output tokens,0.01682282264150943459708764685,0.01791513600000000071660544000,managed
view_b,typical,50000,medium,low,private,-5,0.8833333333333333,0.8333333333333333,1,1063.0080,1066.4640,4.4640,32.400,72.00,3.1680,14.9760,360.0,16.6095,provider-billed input + output tokens,16.6635,normalized input + visible output tokens,0.02406810566037735939879644001,0.02559513600000000102380544000,managed
view_b,high,50000,medium,low,private,-5,0.8833333333333333,0.8333333333333333,1,3583.0080,3586.4640,4.4640,32.400,72.00,3.1680,14.9760,2880.0,55.9845,provider-billed input + output tokens,56.0385,normalized input + visible output tokens,0.08112470943396226721225318619,0.08607513600000000344300544000,managed
view_a,not_applicable,50000,medium,low,measured,0,0.8833333333333333,0.8833333333333333,1,576.00,579.4560,,,,,,,9.00,provider-billed input + output tokens,9.0540,normalized input + visible output tokens,0.01304150943396226464307582770,0.01311975849056603823093428266,managed
view_b,low,50000,medium,low,measured,0,0.8833333333333333,0.8833333333333333,1,743.0080,746.4640,4.4640,32.400,72.00,3.1680,14.9760,40.00,11.6095,provider-billed input + output tokens,11.6635,normalized input + visible output tokens,0.01682282264150943459708764685,0.01690107169811320818494610182,managed
view_b,typical,50000,medium,low,measured,0,0.8833333333333333,0.8833333333333333,1,1063.0080,1066.4640,4.4640,32.400,72.00,3.1680,14.9760,360.0,16.6095,provider-billed input + output tokens,16.6635,normalized input + visible output tokens,0.02406810566037735939879644001,0.02414635471698113298665489498,managed
view_b,high,50000,medium,low,measured,0,0.8833333333333333,0.8833333333333333,1,3583.0080,3586.4640,4.4640,32.400,72.00,3.1680,14.9760,2880.0,55.9845,provider-billed input + output tokens,56.0385,normalized input + visible output tokens,0.08112470943396226721225318619,0.08120295849056604080011164115,managed
view_a,not_applicable,50000,medium,low,managed,5,0.9333333333333333,0.8833333333333333,1,576.00,579.4560,,,,,,,9.00,provider-billed input + output tokens,9.0540,normalized input + visible output tokens,0.01234285714285714329795918367,0.01311975849056603823093428266,managed
view_b,low,50000,medium,low,managed,5,0.9333333333333333,0.8833333333333333,1,743.0080,746.4640,4.4640,32.400,72.00,3.1680,14.9760,40.00,11.6095,provider-billed input + output tokens,11.6635,normalized input + visible output tokens,0.01592160000000000056862857143,0.01690107169811320818494610182,managed
view_b,typical,50000,medium,low,managed,5,0.9333333333333333,0.8833333333333333,1,1063.0080,1066.4640,4.4640,32.400,72.00,3.1680,14.9760,360.0,16.6095,provider-billed input + output tokens,16.6635,normalized input + visible output tokens,0.02277874285714285795638367347,0.02414635471698113298665489498,managed
view_b,high,50000,medium,low,managed,5,0.9333333333333333,0.8833333333333333,1,3583.0080,3586.4640,4.4640,32.400,72.00,3.1680,14.9760,2880.0,55.9845,provider-billed input + output tokens,56.0385,normalized input + visible output tokens,0.07677874285714285988495510204,0.08120295849056604080011164115,managed
view_a,not_applicable,50000,medium,low,private,5,0.8833333333333333,0.9333333333333333,1,576.00,579.4560,,,,,,,9.00,provider-billed input + output tokens,9.0540,normalized input + visible output tokens,0.01304150943396226464307582770,0.01241691428571428615774693878,private
view_b,low,50000,medium,low,private,5,0.8833333333333333,0.9333333333333333,1,743.0080,746.4640,4.4640,32.400,72.00,3.1680,14.9760,40.00,11.6095,provider-billed input + output tokens,11.6635,normalized input + visible output tokens,0.01682282264150943459708764685,0.01599565714285714342841632653,private
view_b,typical,50000,medium,low,private,5,0.8833333333333333,0.9333333333333333,1,1063.0080,1066.4640,4.4640,32.400,72.00,3.1680,14.9760,360.0,16.6095,provider-billed input + output tokens,16.6635,normalized input + visible output tokens,0.02406810566037735939879644001,0.02285280000000000081617142857,private
view_b,high,50000,medium,low,private,5,0.8833333333333333,0.9333333333333333,1,3583.0080,3586.4640,4.4640,32.400,72.00,3.1680,14.9760,2880.0,55.9845,provider-billed input + output tokens,56.0385,normalized input + visible output tokens,0.08112470943396226721225318619,0.07685280000000000274474285714,private
view_a,not_applicable,50000,medium,typical,managed,-5,0.8333333333333333,0.8833333333333333,1,576.00,579.4560,,,,,,,9.00,provider-billed input + output tokens,9.0540,normalized input + visible output tokens,0.01382400000000000055296000000,0.01311975849056603823093428266,private
view_b,low,50000,medium,typical,managed,-5,0.8333333333333333,0.8833333333333333,1,743.0080,746.4640,4.4640,32.400,72.00,3.1680,14.9760,40.00,11.6095,provider-billed input + output tokens,11.6635,normalized input + visible output tokens,0.01783219200000000071328768000,0.01690107169811320818494610182,private
view_b,typical,50000,medium,typical,managed,-5,0.8333333333333333,0.8833333333333333,1,1063.0080,1066.4640,4.4640,32.400,72.00,3.1680,14.9760,360.0,16.6095,provider-billed input + output tokens,16.6635,normalized input + visible output tokens,0.02551219200000000102048768000,0.02414635471698113298665489498,private
view_b,high,50000,medium,typical,managed,-5,0.8333333333333333,0.8833333333333333,1,3583.0080,3586.4640,4.4640,32.400,72.00,3.1680,14.9760,2880.0,55.9845,provider-billed input + output tokens,56.0385,normalized input + visible output tokens,0.08599219200000000343968768000,0.08120295849056604080011164115,private
view_a,not_applicable,50000,medium,typical,private,-5,0.8833333333333333,0.8333333333333333,1,576.00,579.4560,,,,,,,9.00,provider-billed input + output tokens,9.0540,normalized input + visible output tokens,0.01304150943396226464307582770,0.01390694400000000055627776000,managed
view_b,low,50000,medium,typical,private,-5,0.8833333333333333,0.8333333333333333,1,743.0080,746.4640,4.4640,32.400,72.00,3.1680,14.9760,40.00,11.6095,provider-billed input + output tokens,11.6635,normalized input + visible output tokens,0.01682282264150943459708764685,0.01791513600000000071660544000,managed
view_b,typical,50000,medium,typical,private,-5,0.8833333333333333,0.8333333333333333,1,1063.0080,1066.4640,4.4640,32.400,72.00,3.1680,14.9760,360.0,16.6095,provider-billed input + output tokens,16.6635,normalized input + visible output tokens,0.02406810566037735939879644001,0.02559513600000000102380544000,managed
view_b,high,50000,medium,typical,private,-5,0.8833333333333333,0.8333333333333333,1,3583.0080,3586.4640,4.4640,32.400,72.00,3.1680,14.9760,2880.0,55.9845,provider-billed input + output tokens,56.0385,normalized input + visible output tokens,0.08112470943396226721225318619,0.08607513600000000344300544000,managed
view_a,not_applicable,50000,medium,typical,measured,0,0.8833333333333333,0.8833333333333333,1,576.00,579.4560,,,,,,,9.00,provider-billed input + output tokens,9.0540,normalized input + visible output tokens,0.01304150943396226464307582770,0.01311975849056603823093428266,managed
view_b,low,50000,medium,typical,measured,0,0.8833333333333333,0.8833333333333333,1,743.0080,746.4640,4.4640,32.400,72.00,3.1680,14.9760,40.00,11.6095,provider-billed input + output tokens,11.6635,normalized input + visible output tokens,0.01682282264150943459708764685,0.01690107169811320818494610182,managed
view_b,typical,50000,medium,typical,measured,0,0.8833333333333333,0.8833333333333333,1,1063.0080,1066.4640,4.4640,32.400,72.00,3.1680,14.9760,360.0,16.6095,provider-billed input + output tokens,16.6635,normalized input + visible output tokens,0.02406810566037735939879644001,0.02414635471698113298665489498,managed
view_b,high,50000,medium,typical,measured,0,0.8833333333333333,0.8833333333333333,1,3583.0080,3586.4640,4.4640,32.400,72.00,3.1680,14.9760,2880.0,55.9845,provider-billed input + output tokens,56.0385,normalized input + visible output tokens,0.08112470943396226721225318619,0.08120295849056604080011164115,managed
view_a,not_applicable,50000,medium,typical,managed,5,0.9333333333333333,0.8833333333333333,1,576.00,579.4560,,,,,,,9.00,provider-billed input + output tokens,9.0540,normalized input + visible output tokens,0.01234285714285714329795918367,0.01311975849056603823093428266,managed
view_b,low,50000,medium,typical,managed,5,0.9333333333333333,0.8833333333333333,1,743.0080,746.4640,4.4640,32.400,72.00,3.1680,14.9760,40.00,11.6095,provider-billed input + output tokens,11.6635,normalized input + visible output tokens,0.01592160000000000056862857143,0.01690107169811320818494610182,managed
view_b,typical,50000,medium,typical,managed,5,0.9333333333333333,0.8833333333333333,1,1063.0080,1066.4640,4.4640,32.400,72.00,3.1680,14.9760,360.0,16.6095,provider-billed input + output tokens,16.6635,normalized input + visible output tokens,0.02277874285714285795638367347,0.02414635471698113298665489498,managed
view_b,high,50000,medium,typical,managed,5,0.9333333333333333,0.8833333333333333,1,3583.0080,3586.4640,4.4640,32.400,72.00,3.1680,14.9760,2880.0,55.9845,provider-billed input + output tokens,56.0385,normalized input + visible output tokens,0.07677874285714285988495510204,0.08120295849056604080011164115,managed
view_a,not_applicable,50000,medium,typical,private,5,0.8833333333333333,0.9333333333333333,1,576.00,579.4560,,,,,,,9.00,provider-billed input + output tokens,9.0540,normalized input + visible output tokens,0.01304150943396226464307582770,0.01241691428571428615774693878,private
view_b,low,50000,medium,typical,private,5,0.8833333333333333,0.9333333333333333,1,743.0080,746.4640,4.4640,32.400,72.00,3.1680,14.9760,40.00,11.6095,provider-billed input + output tokens,11.6635,normalized input + visible output tokens,0.01682282264150943459708764685,0.01599565714285714342841632653,private
view_b,typical,50000,medium,typical,private,5,0.8833333333333333,0.9333333333333333,1,1063.0080,1066.4640,4.4640,32.400,72.00,3.1680,14.9760,360.0,16.6095,provider-billed input + output tokens,16.6635,normalized input + visible output tokens,0.02406810566037735939879644001,0.02285280000000000081617142857,private
view_b,high,50000,medium,typical,private,5,0.8833333333333333,0.9333333333333333,1,3583.0080,3586.4640,4.4640,32.400,72.00,3.1680,14.9760,2880.0,55.9845,provider-billed input + output tokens,56.0385,normalized input + visible output tokens,0.08112470943396226721225318619,0.07685280000000000274474285714,private
view_a,not_applicable,50000,medium,high,managed,-5,0.8333333333333333,0.8833333333333333,1,576.00,579.4560,,,,,,,9.00,provider-billed input + output tokens,9.0540,normalized input + visible output tokens,0.01382400000000000055296000000,0.01311975849056603823093428266,private
view_b,low,50000,medium,high,managed,-5,0.8333333333333333,0.8833333333333333,1,743.0080,746.4640,4.4640,32.400,72.00,3.1680,14.9760,40.00,11.6095,provider-billed input + output tokens,11.6635,normalized input + visible output tokens,0.01783219200000000071328768000,0.01690107169811320818494610182,private
view_b,typical,50000,medium,high,managed,-5,0.8333333333333333,0.8833333333333333,1,1063.0080,1066.4640,4.4640,32.400,72.00,3.1680,14.9760,360.0,16.6095,provider-billed input + output tokens,16.6635,normalized input + visible output tokens,0.02551219200000000102048768000,0.02414635471698113298665489498,private
view_b,high,50000,medium,high,managed,-5,0.8333333333333333,0.8833333333333333,1,3583.0080,3586.4640,4.4640,32.400,72.00,3.1680,14.9760,2880.0,55.9845,provider-billed input + output tokens,56.0385,normalized input + visible output tokens,0.08599219200000000343968768000,0.08120295849056604080011164115,private
view_a,not_applicable,50000,medium,high,private,-5,0.8833333333333333,0.8333333333333333,1,576.00,579.4560,,,,,,,9.00,provider-billed input + output tokens,9.0540,normalized input + visible output tokens,0.01304150943396226464307582770,0.01390694400000000055627776000,managed
view_b,low,50000,medium,high,private,-5,0.8833333333333333,0.8333333333333333,1,743.0080,746.4640,4.4640,32.400,72.00,3.1680,14.9760,40.00,11.6095,provider-billed input + output tokens,11.6635,normalized input + visible output tokens,0.01682282264150943459708764685,0.01791513600000000071660544000,managed
view_b,typical,50000,medium,high,private,-5,0.8833333333333333,0.8333333333333333,1,1063.0080,1066.4640,4.4640,32.400,72.00,3.1680,14.9760,360.0,16.6095,provider-billed input + output tokens,16.6635,normalized input + visible output tokens,0.02406810566037735939879644001,0.02559513600000000102380544000,managed
view_b,high,50000,medium,high,private,-5,0.8833333333333333,0.8333333333333333,1,3583.0080,3586.4640,4.4640,32.400,72.00,3.1680,14.9760,2880.0,55.9845,provider-billed input + output tokens,56.0385,normalized input + visible output tokens,0.08112470943396226721225318619,0.08607513600000000344300544000,managed
view_a,not_applicable,50000,medium,high,measured,0,0.8833333333333333,0.8833333333333333,1,576.00,579.4560,,,,,,,9.00,provider-billed input + output tokens,9.0540,normalized input + visible output tokens,0.01304150943396226464307582770,0.01311975849056603823093428266,managed
view_b,low,50000,medium,high,measured,0,0.8833333333333333,0.8833333333333333,1,743.0080,746.4640,4.4640,32.400,72.00,3.1680,14.9760,40.00,11.6095,provider-billed input + output tokens,11.6635,normalized input + visible output tokens,0.01682282264150943459708764685,0.01690107169811320818494610182,managed
view_b,typical,50000,medium,high,measured,0,0.8833333333333333,0.8833333333333333,1,1063.0080,1066.4640,4.4640,32.400,72.00,3.1680,14.9760,360.0,16.6095,provider-billed input + output tokens,16.6635,normalized input + visible output tokens,0.02406810566037735939879644001,0.02414635471698113298665489498,managed
view_b,high,50000,medium,high,measured,0,0.8833333333333333,0.8833333333333333,1,3583.0080,3586.4640,4.4640,32.400,72.00,3.1680,14.9760,2880.0,55.9845,provider-billed input + output tokens,56.0385,normalized input + visible output tokens,0.08112470943396226721225318619,0.08120295849056604080011164115,managed
view_a,not_applicable,50000,medium,high,managed,5,0.9333333333333333,0.8833333333333333,1,576.00,579.4560,,,,,,,9.00,provider-billed input + output tokens,9.0540,normalized input + visible output tokens,0.01234285714285714329795918367,0.01311975849056603823093428266,managed
view_b,low,50000,medium,high,managed,5,0.9333333333333333,0.8833333333333333,1,743.0080,746.4640,4.4640,32.400,72.00,3.1680,14.9760,40.00,11.6095,provider-billed input + output tokens,11.6635,normalized input + visible output tokens,0.01592160000000000056862857143,0.01690107169811320818494610182,managed
view_b,typical,50000,medium,high,managed,5,0.9333333333333333,0.8833333333333333,1,1063.0080,1066.4640,4.4640,32.400,72.00,3.1680,14.9760,360.0,16.6095,provider-billed input + output tokens,16.6635,normalized input + visible output tokens,0.02277874285714285795638367347,0.02414635471698113298665489498,managed
view_b,high,50000,medium,high,managed,5,0.9333333333333333,0.8833333333333333,1,3583.0080,3586.4640,4.4640,32.400,72.00,3.1680,14.9760,2880.0,55.9845,provider-billed input + output tokens,56.0385,normalized input + visible output tokens,0.07677874285714285988495510204,0.08120295849056604080011164115,managed
view_a,not_applicable,50000,medium,high,private,5,0.8833333333333333,0.9333333333333333,1,576.00,579.4560,,,,,,,9.00,provider-billed input + output tokens,9.0540,normalized input + visible output tokens,0.01304150943396226464307582770,0.01241691428571428615774693878,private
view_b,low,50000,medium,high,private,5,0.8833333333333333,0.9333333333333333,1,743.0080,746.4640,4.4640,32.400,72.00,3.1680,14.9760,40.00,11.6095,provider-billed input + output tokens,11.6635,normalized input + visible output tokens,0.01682282264150943459708764685,0.01599565714285714342841632653,private
view_b,typical,50000,medium,high,private,5,0.8833333333333333,0.9333333333333333,1,1063.0080,1066.4640,4.4640,32.400,72.00,3.1680,14.9760,360.0,16.6095,provider-billed input + output tokens,16.6635,normalized input + visible output tokens,0.02406810566037735939879644001,0.02285280000000000081617142857,private
view_b,high,50000,medium,high,private,5,0.8833333333333333,0.9333333333333333,1,3583.0080,3586.4640,4.4640,32.400,72.00,3.1680,14.9760,2880.0,55.9845,provider-billed input + output tokens,56.0385,normalized input + visible output tokens,0.08112470943396226721225318619,0.07685280000000000274474285714,private
view_a,not_applicable,100000,short,low,managed,-5,0.8333333333333333,0.8833333333333333,1,288.00,579.4560,,,,,,,9.00,provider-billed input + output tokens,18.1080,normalized input + visible output tokens,0.003456000000000000138240000000,0.006559879245283019115467141331,managed
view_b,low,100000,short,low,managed,-5,0.8333333333333333,0.8833333333333333,1,455.0080,746.4640,4.4640,32.400,72.00,3.1680,14.9760,40.00,14.2190,provider-billed input + output tokens,23.3270,normalized input + visible output tokens,0.005460096000000000218403840000,0.008450535849056604092473050908,managed
view_b,typical,100000,short,low,managed,-5,0.8333333333333333,0.8833333333333333,1,775.0080,1066.4640,4.4640,32.400,72.00,3.1680,14.9760,360.0,24.2190,provider-billed input + output tokens,33.3270,normalized input + visible output tokens,0.009300096000000000372003840000,0.01207317735849056649332744749,managed
view_b,high,100000,short,low,managed,-5,0.8333333333333333,0.8833333333333333,1,3295.0080,3586.4640,4.4640,32.400,72.00,3.1680,14.9760,2880.0,102.9690,provider-billed input + output tokens,112.0770,normalized input + visible output tokens,0.03954009600000000158160384000,0.04060147924528302040005582058,managed
view_a,not_applicable,100000,short,low,private,-5,0.8833333333333333,0.8333333333333333,1,288.00,579.4560,,,,,,,9.00,provider-billed input + output tokens,18.1080,normalized input + visible output tokens,0.003260377358490566160768956924,0.006953472000000000278138880000,managed
view_b,low,100000,short,low,private,-5,0.8833333333333333,0.8333333333333333,1,455.0080,746.4640,4.4640,32.400,72.00,3.1680,14.9760,40.00,14.2190,provider-billed input + output tokens,23.3270,normalized input + visible output tokens,0.005151033962264151137774866501,0.008957568000000000358302720000,managed
view_b,typical,100000,short,low,private,-5,0.8833333333333333,0.8333333333333333,1,775.0080,1066.4640,4.4640,32.400,72.00,3.1680,14.9760,360.0,24.2190,provider-billed input + output tokens,33.3270,normalized input + visible output tokens,0.008773675471698113538629263083,0.01279756800000000051190272000,managed
view_b,high,100000,short,low,private,-5,0.8833333333333333,0.8333333333333333,1,3295.0080,3586.4640,4.4640,32.400,72.00,3.1680,14.9760,2880.0,102.9690,provider-billed input + output tokens,112.0770,normalized input + visible output tokens,0.03730197735849056744535763617,0.04303756800000000172150272000,managed
view_a,not_applicable,100000,short,low,measured,0,0.8833333333333333,0.8833333333333333,1,288.00,579.4560,,,,,,,9.00,provider-billed input + output tokens,18.1080,normalized input + visible output tokens,0.003260377358490566160768956924,0.006559879245283019115467141331,managed
view_b,low,100000,short,low,measured,0,0.8833333333333333,0.8833333333333333,1,455.0080,746.4640,4.4640,32.400,72.00,3.1680,14.9760,40.00,14.2190,provider-billed input + output tokens,23.3270,normalized input + visible output tokens,0.005151033962264151137774866501,0.008450535849056604092473050908,managed
view_b,typical,100000,short,low,measured,0,0.8833333333333333,0.8833333333333333,1,775.0080,1066.4640,4.4640,32.400,72.00,3.1680,14.9760,360.0,24.2190,provider-billed input + output tokens,33.3270,normalized input + visible output tokens,0.008773675471698113538629263083,0.01207317735849056649332744749,managed
view_b,high,100000,short,low,measured,0,0.8833333333333333,0.8833333333333333,1,3295.0080,3586.4640,4.4640,32.400,72.00,3.1680,14.9760,2880.0,102.9690,provider-billed input + output tokens,112.0770,normalized input + visible output tokens,0.03730197735849056744535763617,0.04060147924528302040005582058,managed
view_a,not_applicable,100000,short,low,managed,5,0.9333333333333333,0.8833333333333333,1,288.00,579.4560,,,,,,,9.00,provider-billed input + output tokens,18.1080,normalized input + visible output tokens,0.003085714285714285824489795918,0.006559879245283019115467141331,managed
view_b,low,100000,short,low,managed,5,0.9333333333333333,0.8833333333333333,1,455.0080,746.4640,4.4640,32.400,72.00,3.1680,14.9760,40.00,14.2190,provider-billed input + output tokens,23.3270,normalized input + visible output tokens,0.004875085714285714459824489796,0.008450535849056604092473050908,managed
view_b,typical,100000,short,low,managed,5,0.9333333333333333,0.8833333333333333,1,775.0080,1066.4640,4.4640,32.400,72.00,3.1680,14.9760,360.0,24.2190,provider-billed input + output tokens,33.3270,normalized input + visible output tokens,0.008303657142857143153702040816,0.01207317735849056649332744749,managed
view_b,high,100000,short,low,managed,5,0.9333333333333333,0.8833333333333333,1,3295.0080,3586.4640,4.4640,32.400,72.00,3.1680,14.9760,2880.0,102.9690,provider-billed input + output tokens,112.0770,normalized input + visible output tokens,0.03530365714285714411798775510,0.04060147924528302040005582058,managed
view_a,not_applicable,100000,short,low,private,5,0.8833333333333333,0.9333333333333333,1,288.00,579.4560,,,,,,,9.00,provider-billed input + output tokens,18.1080,normalized input + visible output tokens,0.003260377358490566160768956924,0.006208457142857143078873469388,managed
view_b,low,100000,short,low,private,5,0.8833333333333333,0.9333333333333333,1,455.0080,746.4640,4.4640,32.400,72.00,3.1680,14.9760,40.00,14.2190,provider-billed input + output tokens,23.3270,normalized input + visible output tokens,0.005151033962264151137774866501,0.007997828571428571714208163265,managed
view_b,typical,100000,short,low,private,5,0.8833333333333333,0.9333333333333333,1,775.0080,1066.4640,4.4640,32.400,72.00,3.1680,14.9760,360.0,24.2190,provider-billed input + output tokens,33.3270,normalized input + visible output tokens,0.008773675471698113538629263083,0.01142640000000000040808571429,managed
view_b,high,100000,short,low,private,5,0.8833333333333333,0.9333333333333333,1,3295.0080,3586.4640,4.4640,32.400,72.00,3.1680,14.9760,2880.0,102.9690,provider-billed input + output tokens,112.0770,normalized input + visible output tokens,0.03730197735849056744535763617,0.03842640000000000137237142857,managed
view_a,not_applicable,100000,short,typical,managed,-5,0.8333333333333333,0.8833333333333333,1,288.00,579.4560,,,,,,,9.00,provider-billed input + output tokens,18.1080,normalized input + visible output tokens,0.003456000000000000138240000000,0.006559879245283019115467141331,managed
view_b,low,100000,short,typical,managed,-5,0.8333333333333333,0.8833333333333333,1,455.0080,746.4640,4.4640,32.400,72.00,3.1680,14.9760,40.00,14.2190,provider-billed input + output tokens,23.3270,normalized input + visible output tokens,0.005460096000000000218403840000,0.008450535849056604092473050908,managed
view_b,typical,100000,short,typical,managed,-5,0.8333333333333333,0.8833333333333333,1,775.0080,1066.4640,4.4640,32.400,72.00,3.1680,14.9760,360.0,24.2190,provider-billed input + output tokens,33.3270,normalized input + visible output tokens,0.009300096000000000372003840000,0.01207317735849056649332744749,managed
view_b,high,100000,short,typical,managed,-5,0.8333333333333333,0.8833333333333333,1,3295.0080,3586.4640,4.4640,32.400,72.00,3.1680,14.9760,2880.0,102.9690,provider-billed input + output tokens,112.0770,normalized input + visible output tokens,0.03954009600000000158160384000,0.04060147924528302040005582058,managed
view_a,not_applicable,100000,short,typical,private,-5,0.8833333333333333,0.8333333333333333,1,288.00,579.4560,,,,,,,9.00,provider-billed input + output tokens,18.1080,normalized input + visible output tokens,0.003260377358490566160768956924,0.006953472000000000278138880000,managed
view_b,low,100000,short,typical,private,-5,0.8833333333333333,0.8333333333333333,1,455.0080,746.4640,4.4640,32.400,72.00,3.1680,14.9760,40.00,14.2190,provider-billed input + output tokens,23.3270,normalized input + visible output tokens,0.005151033962264151137774866501,0.008957568000000000358302720000,managed
view_b,typical,100000,short,typical,private,-5,0.8833333333333333,0.8333333333333333,1,775.0080,1066.4640,4.4640,32.400,72.00,3.1680,14.9760,360.0,24.2190,provider-billed input + output tokens,33.3270,normalized input + visible output tokens,0.008773675471698113538629263083,0.01279756800000000051190272000,managed
view_b,high,100000,short,typical,private,-5,0.8833333333333333,0.8333333333333333,1,3295.0080,3586.4640,4.4640,32.400,72.00,3.1680,14.9760,2880.0,102.9690,provider-billed input + output tokens,112.0770,normalized input + visible output tokens,0.03730197735849056744535763617,0.04303756800000000172150272000,managed
view_a,not_applicable,100000,short,typical,measured,0,0.8833333333333333,0.8833333333333333,1,288.00,579.4560,,,,,,,9.00,provider-billed input + output tokens,18.1080,normalized input + visible output tokens,0.003260377358490566160768956924,0.006559879245283019115467141331,managed
view_b,low,100000,short,typical,measured,0,0.8833333333333333,0.8833333333333333,1,455.0080,746.4640,4.4640,32.400,72.00,3.1680,14.9760,40.00,14.2190,provider-billed input + output tokens,23.3270,normalized input + visible output tokens,0.005151033962264151137774866501,0.008450535849056604092473050908,managed
view_b,typical,100000,short,typical,measured,0,0.8833333333333333,0.8833333333333333,1,775.0080,1066.4640,4.4640,32.400,72.00,3.1680,14.9760,360.0,24.2190,provider-billed input + output tokens,33.3270,normalized input + visible output tokens,0.008773675471698113538629263083,0.01207317735849056649332744749,managed
view_b,high,100000,short,typical,measured,0,0.8833333333333333,0.8833333333333333,1,3295.0080,3586.4640,4.4640,32.400,72.00,3.1680,14.9760,2880.0,102.9690,provider-billed input + output tokens,112.0770,normalized input + visible output tokens,0.03730197735849056744535763617,0.04060147924528302040005582058,managed
view_a,not_applicable,100000,short,typical,managed,5,0.9333333333333333,0.8833333333333333,1,288.00,579.4560,,,,,,,9.00,provider-billed input + output tokens,18.1080,normalized input + visible output tokens,0.003085714285714285824489795918,0.006559879245283019115467141331,managed
view_b,low,100000,short,typical,managed,5,0.9333333333333333,0.8833333333333333,1,455.0080,746.4640,4.4640,32.400,72.00,3.1680,14.9760,40.00,14.2190,provider-billed input + output tokens,23.3270,normalized input + visible output tokens,0.004875085714285714459824489796,0.008450535849056604092473050908,managed
view_b,typical,100000,short,typical,managed,5,0.9333333333333333,0.8833333333333333,1,775.0080,1066.4640,4.4640,32.400,72.00,3.1680,14.9760,360.0,24.2190,provider-billed input + output tokens,33.3270,normalized input + visible output tokens,0.008303657142857143153702040816,0.01207317735849056649332744749,managed
view_b,high,100000,short,typical,managed,5,0.9333333333333333,0.8833333333333333,1,3295.0080,3586.4640,4.4640,32.400,72.00,3.1680,14.9760,2880.0,102.9690,provider-billed input + output tokens,112.0770,normalized input + visible output tokens,0.03530365714285714411798775510,0.04060147924528302040005582058,managed
view_a,not_applicable,100000,short,typical,private,5,0.8833333333333333,0.9333333333333333,1,288.00,579.4560,,,,,,,9.00,provider-billed input + output tokens,18.1080,normalized input + visible output tokens,0.003260377358490566160768956924,0.006208457142857143078873469388,managed
view_b,low,100000,short,typical,private,5,0.8833333333333333,0.9333333333333333,1,455.0080,746.4640,4.4640,32.400,72.00,3.1680,14.9760,40.00,14.2190,provider-billed input + output tokens,23.3270,normalized input + visible output tokens,0.005151033962264151137774866501,0.007997828571428571714208163265,managed
view_b,typical,100000,short,typical,private,5,0.8833333333333333,0.9333333333333333,1,775.0080,1066.4640,4.4640,32.400,72.00,3.1680,14.9760,360.0,24.2190,provider-billed input + output tokens,33.3270,normalized input + visible output tokens,0.008773675471698113538629263083,0.01142640000000000040808571429,managed
view_b,high,100000,short,typical,private,5,0.8833333333333333,0.9333333333333333,1,3295.0080,3586.4640,4.4640,32.400,72.00,3.1680,14.9760,2880.0,102.9690,provider-billed input + output tokens,112.0770,normalized input + visible output tokens,0.03730197735849056744535763617,0.03842640000000000137237142857,managed
view_a,not_applicable,100000,short,high,managed,-5,0.8333333333333333,0.8833333333333333,1,288.00,579.4560,,,,,,,9.00,provider-billed input + output tokens,18.1080,normalized input + visible output tokens,0.003456000000000000138240000000,0.006559879245283019115467141331,managed
view_b,low,100000,short,high,managed,-5,0.8333333333333333,0.8833333333333333,1,455.0080,746.4640,4.4640,32.400,72.00,3.1680,14.9760,40.00,14.2190,provider-billed input + output tokens,23.3270,normalized input + visible output tokens,0.005460096000000000218403840000,0.008450535849056604092473050908,managed
view_b,typical,100000,short,high,managed,-5,0.8333333333333333,0.8833333333333333,1,775.0080,1066.4640,4.4640,32.400,72.00,3.1680,14.9760,360.0,24.2190,provider-billed input + output tokens,33.3270,normalized input + visible output tokens,0.009300096000000000372003840000,0.01207317735849056649332744749,managed
view_b,high,100000,short,high,managed,-5,0.8333333333333333,0.8833333333333333,1,3295.0080,3586.4640,4.4640,32.400,72.00,3.1680,14.9760,2880.0,102.9690,provider-billed input + output tokens,112.0770,normalized input + visible output tokens,0.03954009600000000158160384000,0.04060147924528302040005582058,managed
view_a,not_applicable,100000,short,high,private,-5,0.8833333333333333,0.8333333333333333,1,288.00,579.4560,,,,,,,9.00,provider-billed input + output tokens,18.1080,normalized input + visible output tokens,0.003260377358490566160768956924,0.006953472000000000278138880000,managed
view_b,low,100000,short,high,private,-5,0.8833333333333333,0.8333333333333333,1,455.0080,746.4640,4.4640,32.400,72.00,3.1680,14.9760,40.00,14.2190,provider-billed input + output tokens,23.3270,normalized input + visible output tokens,0.005151033962264151137774866501,0.008957568000000000358302720000,managed
view_b,typical,100000,short,high,private,-5,0.8833333333333333,0.8333333333333333,1,775.0080,1066.4640,4.4640,32.400,72.00,3.1680,14.9760,360.0,24.2190,provider-billed input + output tokens,33.3270,normalized input + visible output tokens,0.008773675471698113538629263083,0.01279756800000000051190272000,managed
view_b,high,100000,short,high,private,-5,0.8833333333333333,0.8333333333333333,1,3295.0080,3586.4640,4.4640,32.400,72.00,3.1680,14.9760,2880.0,102.9690,provider-billed input + output tokens,112.0770,normalized input + visible output tokens,0.03730197735849056744535763617,0.04303756800000000172150272000,managed
view_a,not_applicable,100000,short,high,measured,0,0.8833333333333333,0.8833333333333333,1,288.00,579.4560,,,,,,,9.00,provider-billed input + output tokens,18.1080,normalized input + visible output tokens,0.003260377358490566160768956924,0.006559879245283019115467141331,managed
view_b,low,100000,short,high,measured,0,0.8833333333333333,0.8833333333333333,1,455.0080,746.4640,4.4640,32.400,72.00,3.1680,14.9760,40.00,14.2190,provider-billed input + output tokens,23.3270,normalized input + visible output tokens,0.005151033962264151137774866501,0.008450535849056604092473050908,managed
view_b,typical,100000,short,high,measured,0,0.8833333333333333,0.8833333333333333,1,775.0080,1066.4640,4.4640,32.400,72.00,3.1680,14.9760,360.0,24.2190,provider-billed input + output tokens,33.3270,normalized input + visible output tokens,0.008773675471698113538629263083,0.01207317735849056649332744749,managed
view_b,high,100000,short,high,measured,0,0.8833333333333333,0.8833333333333333,1,3295.0080,3586.4640,4.4640,32.400,72.00,3.1680,14.9760,2880.0,102.9690,provider-billed input + output tokens,112.0770,normalized input + visible output tokens,0.03730197735849056744535763617,0.04060147924528302040005582058,managed
view_a,not_applicable,100000,short,high,managed,5,0.9333333333333333,0.8833333333333333,1,288.00,579.4560,,,,,,,9.00,provider-billed input + output tokens,18.1080,normalized input + visible output tokens,0.003085714285714285824489795918,0.006559879245283019115467141331,managed
view_b,low,100000,short,high,managed,5,0.9333333333333333,0.8833333333333333,1,455.0080,746.4640,4.4640,32.400,72.00,3.1680,14.9760,40.00,14.2190,provider-billed input + output tokens,23.3270,normalized input + visible output tokens,0.004875085714285714459824489796,0.008450535849056604092473050908,managed
view_b,typical,100000,short,high,managed,5,0.9333333333333333,0.8833333333333333,1,775.0080,1066.4640,4.4640,32.400,72.00,3.1680,14.9760,360.0,24.2190,provider-billed input + output tokens,33.3270,normalized input + visible output tokens,0.008303657142857143153702040816,0.01207317735849056649332744749,managed
view_b,high,100000,short,high,managed,5,0.9333333333333333,0.8833333333333333,1,3295.0080,3586.4640,4.4640,32.400,72.00,3.1680,14.9760,2880.0,102.9690,provider-billed input + output tokens,112.0770,normalized input + visible output tokens,0.03530365714285714411798775510,0.04060147924528302040005582058,managed
view_a,not_applicable,100000,short,high,private,5,0.8833333333333333,0.9333333333333333,1,288.00,579.4560,,,,,,,9.00,provider-billed input + output tokens,18.1080,normalized input + visible output tokens,0.003260377358490566160768956924,0.006208457142857143078873469388,managed
view_b,low,100000,short,high,private,5,0.8833333333333333,0.9333333333333333,1,455.0080,746.4640,4.4640,32.400,72.00,3.1680,14.9760,40.00,14.2190,provider-billed input + output tokens,23.3270,normalized input + visible output tokens,0.005151033962264151137774866501,0.007997828571428571714208163265,managed
view_b,typical,100000,short,high,private,5,0.8833333333333333,0.9333333333333333,1,775.0080,1066.4640,4.4640,32.400,72.00,3.1680,14.9760,360.0,24.2190,provider-billed input + output tokens,33.3270,normalized input + visible output tokens,0.008773675471698113538629263083,0.01142640000000000040808571429,managed
view_b,high,100000,short,high,private,5,0.8833333333333333,0.9333333333333333,1,3295.0080,3586.4640,4.4640,32.400,72.00,3.1680,14.9760,2880.0,102.9690,provider-billed input + output tokens,112.0770,normalized input + visible output tokens,0.03730197735849056744535763617,0.03842640000000000137237142857,managed
view_a,not_applicable,100000,medium,low,managed,-5,0.8333333333333333,0.8833333333333333,1,1152.00,579.4560,,,,,,,9.00,provider-billed input + output tokens,4.5270,normalized input + visible output tokens,0.01382400000000000055296000000,0.006559879245283019115467141331,private
view_b,low,100000,medium,low,managed,-5,0.8333333333333333,0.8833333333333333,1,1319.0080,746.4640,4.4640,32.400,72.00,3.1680,14.9760,40.00,10.30475,provider-billed input + output tokens,5.83175,normalized input + visible output tokens,0.01582809600000000063312384000,0.008450535849056604092473050908,private
view_b,typical,100000,medium,low,managed,-5,0.8333333333333333,0.8833333333333333,1,1639.0080,1066.4640,4.4640,32.400,72.00,3.1680,14.9760,360.0,12.80475,provider-billed input + output tokens,8.33175,normalized input + visible output tokens,0.01966809600000000078672384000,0.01207317735849056649332744749,private
view_b,high,100000,medium,low,managed,-5,0.8333333333333333,0.8833333333333333,1,4159.0080,3586.4640,4.4640,32.400,72.00,3.1680,14.9760,2880.0,32.49225,provider-billed input + output tokens,28.01925,normalized input + visible output tokens,0.04990809600000000199632384000,0.04060147924528302040005582058,private
view_a,not_applicable,100000,medium,low,private,-5,0.8833333333333333,0.8333333333333333,1,1152.00,579.4560,,,,,,,9.00,provider-billed input + output tokens,4.5270,normalized input + visible output tokens,0.01304150943396226464307582770,0.006953472000000000278138880000,private
view_b,low,100000,medium,low,private,-5,0.8833333333333333,0.8333333333333333,1,1319.0080,746.4640,4.4640,32.400,72.00,3.1680,14.9760,40.00,10.30475,provider-billed input + output tokens,5.83175,normalized input + visible output tokens,0.01493216603773584962008173727,0.008957568000000000358302720000,private
view_b,typical,100000,medium,low,private,-5,0.8833333333333333,0.8333333333333333,1,1639.0080,1066.4640,4.4640,32.400,72.00,3.1680,14.9760,360.0,12.80475,provider-billed input + output tokens,8.33175,normalized input + visible output tokens,0.01855480754716981202093613386,0.01279756800000000051190272000,private
view_b,high,100000,medium,low,private,-5,0.8833333333333333,0.8333333333333333,1,4159.0080,3586.4640,4.4640,32.400,72.00,3.1680,14.9760,2880.0,32.49225,provider-billed input + output tokens,28.01925,normalized input + visible output tokens,0.04708310943396226592766450694,0.04303756800000000172150272000,private
view_a,not_applicable,100000,medium,low,measured,0,0.8833333333333333,0.8833333333333333,1,1152.00,579.4560,,,,,,,9.00,provider-billed input + output tokens,4.5270,normalized input + visible output tokens,0.01304150943396226464307582770,0.006559879245283019115467141331,private
view_b,low,100000,medium,low,measured,0,0.8833333333333333,0.8833333333333333,1,1319.0080,746.4640,4.4640,32.400,72.00,3.1680,14.9760,40.00,10.30475,provider-billed input + output tokens,5.83175,normalized input + visible output tokens,0.01493216603773584962008173727,0.008450535849056604092473050908,private
view_b,typical,100000,medium,low,measured,0,0.8833333333333333,0.8833333333333333,1,1639.0080,1066.4640,4.4640,32.400,72.00,3.1680,14.9760,360.0,12.80475,provider-billed input + output tokens,8.33175,normalized input + visible output tokens,0.01855480754716981202093613386,0.01207317735849056649332744749,private
view_b,high,100000,medium,low,measured,0,0.8833333333333333,0.8833333333333333,1,4159.0080,3586.4640,4.4640,32.400,72.00,3.1680,14.9760,2880.0,32.49225,provider-billed input + output tokens,28.01925,normalized input + visible output tokens,0.04708310943396226592766450694,0.04060147924528302040005582058,private
view_a,not_applicable,100000,medium,low,managed,5,0.9333333333333333,0.8833333333333333,1,1152.00,579.4560,,,,,,,9.00,provider-billed input + output tokens,4.5270,normalized input + visible output tokens,0.01234285714285714329795918367,0.006559879245283019115467141331,private
view_b,low,100000,medium,low,managed,5,0.9333333333333333,0.8833333333333333,1,1319.0080,746.4640,4.4640,32.400,72.00,3.1680,14.9760,40.00,10.30475,provider-billed input + output tokens,5.83175,normalized input + visible output tokens,0.01413222857142857193329387755,0.008450535849056604092473050908,private
view_b,typical,100000,medium,low,managed,5,0.9333333333333333,0.8833333333333333,1,1639.0080,1066.4640,4.4640,32.400,72.00,3.1680,14.9760,360.0,12.80475,provider-billed input + output tokens,8.33175,normalized input + visible output tokens,0.01756080000000000062717142857,0.01207317735849056649332744749,private
view_b,high,100000,medium,low,managed,5,0.9333333333333333,0.8833333333333333,1,4159.0080,3586.4640,4.4640,32.400,72.00,3.1680,14.9760,2880.0,32.49225,provider-billed input + output tokens,28.01925,normalized input + visible output tokens,0.04456080000000000159145714286,0.04060147924528302040005582058,private
view_a,not_applicable,100000,medium,low,private,5,0.8833333333333333,0.9333333333333333,1,1152.00,579.4560,,,,,,,9.00,provider-billed input + output tokens,4.5270,normalized input + visible output tokens,0.01304150943396226464307582770,0.006208457142857143078873469388,private
view_b,low,100000,medium,low,private,5,0.8833333333333333,0.9333333333333333,1,1319.0080,746.4640,4.4640,32.400,72.00,3.1680,14.9760,40.00,10.30475,provider-billed input + output tokens,5.83175,normalized input + visible output tokens,0.01493216603773584962008173727,0.007997828571428571714208163265,private
view_b,typical,100000,medium,low,private,5,0.8833333333333333,0.9333333333333333,1,1639.0080,1066.4640,4.4640,32.400,72.00,3.1680,14.9760,360.0,12.80475,provider-billed input + output tokens,8.33175,normalized input + visible output tokens,0.01855480754716981202093613386,0.01142640000000000040808571429,private
view_b,high,100000,medium,low,private,5,0.8833333333333333,0.9333333333333333,1,4159.0080,3586.4640,4.4640,32.400,72.00,3.1680,14.9760,2880.0,32.49225,provider-billed input + output tokens,28.01925,normalized input + visible output tokens,0.04708310943396226592766450694,0.03842640000000000137237142857,private
view_a,not_applicable,100000,medium,typical,managed,-5,0.8333333333333333,0.8833333333333333,1,1152.00,579.4560,,,,,,,9.00,provider-billed input + output tokens,4.5270,normalized input + visible output tokens,0.01382400000000000055296000000,0.006559879245283019115467141331,private
view_b,low,100000,medium,typical,managed,-5,0.8333333333333333,0.8833333333333333,1,1319.0080,746.4640,4.4640,32.400,72.00,3.1680,14.9760,40.00,10.30475,provider-billed input + output tokens,5.83175,normalized input + visible output tokens,0.01582809600000000063312384000,0.008450535849056604092473050908,private
view_b,typical,100000,medium,typical,managed,-5,0.8333333333333333,0.8833333333333333,1,1639.0080,1066.4640,4.4640,32.400,72.00,3.1680,14.9760,360.0,12.80475,provider-billed input + output tokens,8.33175,normalized input + visible output tokens,0.01966809600000000078672384000,0.01207317735849056649332744749,private
view_b,high,100000,medium,typical,managed,-5,0.8333333333333333,0.8833333333333333,1,4159.0080,3586.4640,4.4640,32.400,72.00,3.1680,14.9760,2880.0,32.49225,provider-billed input + output tokens,28.01925,normalized input + visible output tokens,0.04990809600000000199632384000,0.04060147924528302040005582058,private
view_a,not_applicable,100000,medium,typical,private,-5,0.8833333333333333,0.8333333333333333,1,1152.00,579.4560,,,,,,,9.00,provider-billed input + output tokens,4.5270,normalized input + visible output tokens,0.01304150943396226464307582770,0.006953472000000000278138880000,private
view_b,low,100000,medium,typical,private,-5,0.8833333333333333,0.8333333333333333,1,1319.0080,746.4640,4.4640,32.400,72.00,3.1680,14.9760,40.00,10.30475,provider-billed input + output tokens,5.83175,normalized input + visible output tokens,0.01493216603773584962008173727,0.008957568000000000358302720000,private
view_b,typical,100000,medium,typical,private,-5,0.8833333333333333,0.8333333333333333,1,1639.0080,1066.4640,4.4640,32.400,72.00,3.1680,14.9760,360.0,12.80475,provider-billed input + output tokens,8.33175,normalized input + visible output tokens,0.01855480754716981202093613386,0.01279756800000000051190272000,private
view_b,high,100000,medium,typical,private,-5,0.8833333333333333,0.8333333333333333,1,4159.0080,3586.4640,4.4640,32.400,72.00,3.1680,14.9760,2880.0,32.49225,provider-billed input + output tokens,28.01925,normalized input + visible output tokens,0.04708310943396226592766450694,0.04303756800000000172150272000,private
view_a,not_applicable,100000,medium,typical,measured,0,0.8833333333333333,0.8833333333333333,1,1152.00,579.4560,,,,,,,9.00,provider-billed input + output tokens,4.5270,normalized input + visible output tokens,0.01304150943396226464307582770,0.006559879245283019115467141331,private
view_b,low,100000,medium,typical,measured,0,0.8833333333333333,0.8833333333333333,1,1319.0080,746.4640,4.4640,32.400,72.00,3.1680,14.9760,40.00,10.30475,provider-billed input + output tokens,5.83175,normalized input + visible output tokens,0.01493216603773584962008173727,0.008450535849056604092473050908,private
view_b,typical,100000,medium,typical,measured,0,0.8833333333333333,0.8833333333333333,1,1639.0080,1066.4640,4.4640,32.400,72.00,3.1680,14.9760,360.0,12.80475,provider-billed input + output tokens,8.33175,normalized input + visible output tokens,0.01855480754716981202093613386,0.01207317735849056649332744749,private
view_b,high,100000,medium,typical,measured,0,0.8833333333333333,0.8833333333333333,1,4159.0080,3586.4640,4.4640,32.400,72.00,3.1680,14.9760,2880.0,32.49225,provider-billed input + output tokens,28.01925,normalized input + visible output tokens,0.04708310943396226592766450694,0.04060147924528302040005582058,private
view_a,not_applicable,100000,medium,typical,managed,5,0.9333333333333333,0.8833333333333333,1,1152.00,579.4560,,,,,,,9.00,provider-billed input + output tokens,4.5270,normalized input + visible output tokens,0.01234285714285714329795918367,0.006559879245283019115467141331,private
view_b,low,100000,medium,typical,managed,5,0.9333333333333333,0.8833333333333333,1,1319.0080,746.4640,4.4640,32.400,72.00,3.1680,14.9760,40.00,10.30475,provider-billed input + output tokens,5.83175,normalized input + visible output tokens,0.01413222857142857193329387755,0.008450535849056604092473050908,private
view_b,typical,100000,medium,typical,managed,5,0.9333333333333333,0.8833333333333333,1,1639.0080,1066.4640,4.4640,32.400,72.00,3.1680,14.9760,360.0,12.80475,provider-billed input + output tokens,8.33175,normalized input + visible output tokens,0.01756080000000000062717142857,0.01207317735849056649332744749,private
view_b,high,100000,medium,typical,managed,5,0.9333333333333333,0.8833333333333333,1,4159.0080,3586.4640,4.4640,32.400,72.00,3.1680,14.9760,2880.0,32.49225,provider-billed input + output tokens,28.01925,normalized input + visible output tokens,0.04456080000000000159145714286,0.04060147924528302040005582058,private
view_a,not_applicable,100000,medium,typical,private,5,0.8833333333333333,0.9333333333333333,1,1152.00,579.4560,,,,,,,9.00,provider-billed input + output tokens,4.5270,normalized input + visible output tokens,0.01304150943396226464307582770,0.006208457142857143078873469388,private
view_b,low,100000,medium,typical,private,5,0.8833333333333333,0.9333333333333333,1,1319.0080,746.4640,4.4640,32.400,72.00,3.1680,14.9760,40.00,10.30475,provider-billed input + output tokens,5.83175,normalized input + visible output tokens,0.01493216603773584962008173727,0.007997828571428571714208163265,private
view_b,typical,100000,medium,typical,private,5,0.8833333333333333,0.9333333333333333,1,1639.0080,1066.4640,4.4640,32.400,72.00,3.1680,14.9760,360.0,12.80475,provider-billed input + output tokens,8.33175,normalized input + visible output tokens,0.01855480754716981202093613386,0.01142640000000000040808571429,private
view_b,high,100000,medium,typical,private,5,0.8833333333333333,0.9333333333333333,1,4159.0080,3586.4640,4.4640,32.400,72.00,3.1680,14.9760,2880.0,32.49225,provider-billed input + output tokens,28.01925,normalized input + visible output tokens,0.04708310943396226592766450694,0.03842640000000000137237142857,private
view_a,not_applicable,100000,medium,high,managed,-5,0.8333333333333333,0.8833333333333333,1,1152.00,579.4560,,,,,,,9.00,provider-billed input + output tokens,4.5270,normalized input + visible output tokens,0.01382400000000000055296000000,0.006559879245283019115467141331,private
view_b,low,100000,medium,high,managed,-5,0.8333333333333333,0.8833333333333333,1,1319.0080,746.4640,4.4640,32.400,72.00,3.1680,14.9760,40.00,10.30475,provider-billed input + output tokens,5.83175,normalized input + visible output tokens,0.01582809600000000063312384000,0.008450535849056604092473050908,private
view_b,typical,100000,medium,high,managed,-5,0.8333333333333333,0.8833333333333333,1,1639.0080,1066.4640,4.4640,32.400,72.00,3.1680,14.9760,360.0,12.80475,provider-billed input + output tokens,8.33175,normalized input + visible output tokens,0.01966809600000000078672384000,0.01207317735849056649332744749,private
view_b,high,100000,medium,high,managed,-5,0.8333333333333333,0.8833333333333333,1,4159.0080,3586.4640,4.4640,32.400,72.00,3.1680,14.9760,2880.0,32.49225,provider-billed input + output tokens,28.01925,normalized input + visible output tokens,0.04990809600000000199632384000,0.04060147924528302040005582058,private
view_a,not_applicable,100000,medium,high,private,-5,0.8833333333333333,0.8333333333333333,1,1152.00,579.4560,,,,,,,9.00,provider-billed input + output tokens,4.5270,normalized input + visible output tokens,0.01304150943396226464307582770,0.006953472000000000278138880000,private
view_b,low,100000,medium,high,private,-5,0.8833333333333333,0.8333333333333333,1,1319.0080,746.4640,4.4640,32.400,72.00,3.1680,14.9760,40.00,10.30475,provider-billed input + output tokens,5.83175,normalized input + visible output tokens,0.01493216603773584962008173727,0.008957568000000000358302720000,private
view_b,typical,100000,medium,high,private,-5,0.8833333333333333,0.8333333333333333,1,1639.0080,1066.4640,4.4640,32.400,72.00,3.1680,14.9760,360.0,12.80475,provider-billed input + output tokens,8.33175,normalized input + visible output tokens,0.01855480754716981202093613386,0.01279756800000000051190272000,private
view_b,high,100000,medium,high,private,-5,0.8833333333333333,0.8333333333333333,1,4159.0080,3586.4640,4.4640,32.400,72.00,3.1680,14.9760,2880.0,32.49225,provider-billed input + output tokens,28.01925,normalized input + visible output tokens,0.04708310943396226592766450694,0.04303756800000000172150272000,private
view_a,not_applicable,100000,medium,high,measured,0,0.8833333333333333,0.8833333333333333,1,1152.00,579.4560,,,,,,,9.00,provider-billed input + output tokens,4.5270,normalized input + visible output tokens,0.01304150943396226464307582770,0.006559879245283019115467141331,private
view_b,low,100000,medium,high,measured,0,0.8833333333333333,0.8833333333333333,1,1319.0080,746.4640,4.4640,32.400,72.00,3.1680,14.9760,40.00,10.30475,provider-billed input + output tokens,5.83175,normalized input + visible output tokens,0.01493216603773584962008173727,0.008450535849056604092473050908,private
view_b,typical,100000,medium,high,measured,0,0.8833333333333333,0.8833333333333333,1,1639.0080,1066.4640,4.4640,32.400,72.00,3.1680,14.9760,360.0,12.80475,provider-billed input + output tokens,8.33175,normalized input + visible output tokens,0.01855480754716981202093613386,0.01207317735849056649332744749,private
view_b,high,100000,medium,high,measured,0,0.8833333333333333,0.8833333333333333,1,4159.0080,3586.4640,4.4640,32.400,72.00,3.1680,14.9760,2880.0,32.49225,provider-billed input + output tokens,28.01925,normalized input + visible output tokens,0.04708310943396226592766450694,0.04060147924528302040005582058,private
view_a,not_applicable,100000,medium,high,managed,5,0.9333333333333333,0.8833333333333333,1,1152.00,579.4560,,,,,,,9.00,provider-billed input + output tokens,4.5270,normalized input + visible output tokens,0.01234285714285714329795918367,0.006559879245283019115467141331,private
view_b,low,100000,medium,high,managed,5,0.9333333333333333,0.8833333333333333,1,1319.0080,746.4640,4.4640,32.400,72.00,3.1680,14.9760,40.00,10.30475,provider-billed input + output tokens,5.83175,normalized input + visible output tokens,0.01413222857142857193329387755,0.008450535849056604092473050908,private
view_b,typical,100000,medium,high,managed,5,0.9333333333333333,0.8833333333333333,1,1639.0080,1066.4640,4.4640,32.400,72.00,3.1680,14.9760,360.0,12.80475,provider-billed input + output tokens,8.33175,normalized input + visible output tokens,0.01756080000000000062717142857,0.01207317735849056649332744749,private
view_b,high,100000,medium,high,managed,5,0.9333333333333333,0.8833333333333333,1,4159.0080,3586.4640,4.4640,32.400,72.00,3.1680,14.9760,2880.0,32.49225,provider-billed input + output tokens,28.01925,normalized input + visible output tokens,0.04456080000000000159145714286,0.04060147924528302040005582058,private
view_a,not_applicable,100000,medium,high,private,5,0.8833333333333333,0.9333333333333333,1,1152.00,579.4560,,,,,,,9.00,provider-billed input + output tokens,4.5270,normalized input + visible output tokens,0.01304150943396226464307582770,0.006208457142857143078873469388,private
view_b,low,100000,medium,high,private,5,0.8833333333333333,0.9333333333333333,1,1319.0080,746.4640,4.4640,32.400,72.00,3.1680,14.9760,40.00,10.30475,provider-billed input + output tokens,5.83175,normalized input + visible output tokens,0.01493216603773584962008173727,0.007997828571428571714208163265,private
view_b,typical,100000,medium,high,private,5,0.8833333333333333,0.9333333333333333,1,1639.0080,1066.4640,4.4640,32.400,72.00,3.1680,14.9760,360.0,12.80475,provider-billed input + output tokens,8.33175,normalized input + visible output tokens,0.01855480754716981202093613386,0.01142640000000000040808571429,private
view_b,high,100000,medium,high,private,5,0.8833333333333333,0.9333333333333333,1,4159.0080,3586.4640,4.4640,32.400,72.00,3.1680,14.9760,2880.0,32.49225,provider-billed input + output tokens,28.01925,normalized input + visible output tokens,0.04708310943396226592766450694,0.03842640000000000137237142857,private
view_a,not_applicable,500000,short,low,managed,-5,0.8333333333333333,0.8833333333333333,5,1440.00,2897.2800,,,,,,,9.00,provider-billed input + output tokens,18.1080,normalized input + visible output tokens,0.003456000000000000138240000000,0.006559879245283019115467141331,managed
view_b,low,500000,short,low,managed,-5,0.8333333333333333,0.8833333333333333,5,1607.0080,3064.2880,4.4640,32.400,72.00,3.1680,14.9760,40.00,10.0438,provider-billed input + output tokens,19.1518,normalized input + visible output tokens,0.003856819200000000154272768000,0.006938010566037736110868323247,managed
view_b,typical,500000,short,low,managed,-5,0.8333333333333333,0.8833333333333333,5,1927.0080,3384.2880,4.4640,32.400,72.00,3.1680,14.9760,360.0,12.0438,provider-billed input + output tokens,21.1518,normalized input + visible output tokens,0.004624819200000000184992768000,0.007662538867924528591039202563,managed
view_b,high,500000,short,low,managed,-5,0.8333333333333333,0.8833333333333333,5,4447.0080,5904.2880,4.4640,32.400,72.00,3.1680,14.9760,2880.0,27.7938,provider-billed input + output tokens,36.9018,normalized input + visible output tokens,0.01067281920000000042691276800,0.01336819924528301937238487718,managed
view_a,not_applicable,500000,short,low,private,-5,0.8833333333333333,0.8333333333333333,5,1440.00,2897.2800,,,,,,,9.00,provider-billed input + output tokens,18.1080,normalized input + visible output tokens,0.003260377358490566160768956924,0.006953472000000000278138880000,managed
view_b,low,500000,short,low,private,-5,0.8833333333333333,0.8333333333333333,5,1607.0080,3064.2880,4.4640,32.400,72.00,3.1680,14.9760,40.00,10.0438,provider-billed input + output tokens,19.1518,normalized input + visible output tokens,0.003638508679245283156170138839,0.007354291200000000294171648000,managed
view_b,typical,500000,short,low,private,-5,0.8833333333333333,0.8333333333333333,5,1927.0080,3384.2880,4.4640,32.400,72.00,3.1680,14.9760,360.0,12.0438,provider-billed input + output tokens,21.1518,normalized input + visible output tokens,0.004363036981132075636341018156,0.008122291200000000324891648000,managed
view_b,high,500000,short,low,private,-5,0.8833333333333333,0.8333333333333333,5,4447.0080,5904.2880,4.4640,32.400,72.00,3.1680,14.9760,2880.0,27.7938,provider-billed input + output tokens,36.9018,normalized input + visible output tokens,0.01006869735849056641768669277,0.01417029120000000056681164800,managed
view_a,not_applicable,500000,short,low,measured,0,0.8833333333333333,0.8833333333333333,5,1440.00,2897.2800,,,,,,,9.00,provider-billed input + output tokens,18.1080,normalized input + visible output tokens,0.003260377358490566160768956924,0.006559879245283019115467141331,managed
view_b,low,500000,short,low,measured,0,0.8833333333333333,0.8833333333333333,5,1607.0080,3064.2880,4.4640,32.400,72.00,3.1680,14.9760,40.00,10.0438,provider-billed input + output tokens,19.1518,normalized input + visible output tokens,0.003638508679245283156170138839,0.006938010566037736110868323247,managed
view_b,typical,500000,short,low,measured,0,0.8833333333333333,0.8833333333333333,5,1927.0080,3384.2880,4.4640,32.400,72.00,3.1680,14.9760,360.0,12.0438,provider-billed input + output tokens,21.1518,normalized input + visible output tokens,0.004363036981132075636341018156,0.007662538867924528591039202563,managed
view_b,high,500000,short,low,measured,0,0.8833333333333333,0.8833333333333333,5,4447.0080,5904.2880,4.4640,32.400,72.00,3.1680,14.9760,2880.0,27.7938,provider-billed input + output tokens,36.9018,normalized input + visible output tokens,0.01006869735849056641768669277,0.01336819924528301937238487718,managed
view_a,not_applicable,500000,short,low,managed,5,0.9333333333333333,0.8833333333333333,5,1440.00,2897.2800,,,,,,,9.00,provider-billed input + output tokens,18.1080,normalized input + visible output tokens,0.003085714285714285824489795918,0.006559879245283019115467141331,managed
view_b,low,500000,short,low,managed,5,0.9333333333333333,0.8833333333333333,5,1607.0080,3064.2880,4.4640,32.400,72.00,3.1680,14.9760,40.00,10.0438,provider-billed input + output tokens,19.1518,normalized input + visible output tokens,0.003443588571428571551556734694,0.006938010566037736110868323247,managed
view_b,typical,500000,short,low,managed,5,0.9333333333333333,0.8833333333333333,5,1927.0080,3384.2880,4.4640,32.400,72.00,3.1680,14.9760,360.0,12.0438,provider-billed input + output tokens,21.1518,normalized input + visible output tokens,0.004129302857142857290332244898,0.007662538867924528591039202563,managed
view_b,high,500000,short,low,managed,5,0.9333333333333333,0.8833333333333333,5,4447.0080,5904.2880,4.4640,32.400,72.00,3.1680,14.9760,2880.0,27.7938,provider-billed input + output tokens,36.9018,normalized input + visible output tokens,0.009529302857142857483189387755,0.01336819924528301937238487718,managed
view_a,not_applicable,500000,short,low,private,5,0.8833333333333333,0.9333333333333333,5,1440.00,2897.2800,,,,,,,9.00,provider-billed input + output tokens,18.1080,normalized input + visible output tokens,0.003260377358490566160768956924,0.006208457142857143078873469388,managed
view_b,low,500000,short,low,private,5,0.8833333333333333,0.9333333333333333,5,1607.0080,3064.2880,4.4640,32.400,72.00,3.1680,14.9760,40.00,10.0438,provider-billed input + output tokens,19.1518,normalized input + visible output tokens,0.003638508679245283156170138839,0.006566331428571428805940408163,managed
view_b,typical,500000,short,low,private,5,0.8833333333333333,0.9333333333333333,5,1927.0080,3384.2880,4.4640,32.400,72.00,3.1680,14.9760,360.0,12.0438,provider-billed input + output tokens,21.1518,normalized input + visible output tokens,0.004363036981132075636341018156,0.007252045714285714544715918367,managed
view_b,high,500000,short,low,private,5,0.8833333333333333,0.9333333333333333,5,4447.0080,5904.2880,4.4640,32.400,72.00,3.1680,14.9760,2880.0,27.7938,provider-billed input + output tokens,36.9018,normalized input + visible output tokens,0.01006869735849056641768669277,0.01265204571428571473757306122,managed
view_a,not_applicable,500000,short,typical,managed,-5,0.8333333333333333,0.8833333333333333,1,1440.00,579.4560,,,,,,,9.00,provider-billed input + output tokens,3.6216,normalized input + visible output tokens,0.003456000000000000138240000000,0.001311975849056603823093428266,private
view_b,low,500000,short,typical,managed,-5,0.8333333333333333,0.8833333333333333,1,1607.0080,746.4640,4.4640,32.400,72.00,3.1680,14.9760,40.00,10.0438,provider-billed input + output tokens,4.6654,normalized input + visible output tokens,0.003856819200000000154272768000,0.001690107169811320818494610182,private
view_b,typical,500000,short,typical,managed,-5,0.8333333333333333,0.8833333333333333,1,1927.0080,1066.4640,4.4640,32.400,72.00,3.1680,14.9760,360.0,12.0438,provider-billed input + output tokens,6.6654,normalized input + visible output tokens,0.004624819200000000184992768000,0.002414635471698113298665489498,private
view_b,high,500000,short,typical,managed,-5,0.8333333333333333,0.8833333333333333,1,4447.0080,3586.4640,4.4640,32.400,72.00,3.1680,14.9760,2880.0,27.7938,provider-billed input + output tokens,22.4154,normalized input + visible output tokens,0.01067281920000000042691276800,0.008120295849056604080011164115,private
view_a,not_applicable,500000,short,typical,private,-5,0.8833333333333333,0.8333333333333333,1,1440.00,579.4560,,,,,,,9.00,provider-billed input + output tokens,3.6216,normalized input + visible output tokens,0.003260377358490566160768956924,0.001390694400000000055627776000,private
view_b,low,500000,short,typical,private,-5,0.8833333333333333,0.8333333333333333,1,1607.0080,746.4640,4.4640,32.400,72.00,3.1680,14.9760,40.00,10.0438,provider-billed input + output tokens,4.6654,normalized input + visible output tokens,0.003638508679245283156170138839,0.001791513600000000071660544000,private
view_b,typical,500000,short,typical,private,-5,0.8833333333333333,0.8333333333333333,1,1927.0080,1066.4640,4.4640,32.400,72.00,3.1680,14.9760,360.0,12.0438,provider-billed input + output tokens,6.6654,normalized input + visible output tokens,0.004363036981132075636341018156,0.002559513600000000102380544000,private
view_b,high,500000,short,typical,private,-5,0.8833333333333333,0.8333333333333333,1,4447.0080,3586.4640,4.4640,32.400,72.00,3.1680,14.9760,2880.0,27.7938,provider-billed input + output tokens,22.4154,normalized input + visible output tokens,0.01006869735849056641768669277,0.008607513600000000344300544000,private
view_a,not_applicable,500000,short,typical,measured,0,0.8833333333333333,0.8833333333333333,1,1440.00,579.4560,,,,,,,9.00,provider-billed input + output tokens,3.6216,normalized input + visible output tokens,0.003260377358490566160768956924,0.001311975849056603823093428266,private
view_b,low,500000,short,typical,measured,0,0.8833333333333333,0.8833333333333333,1,1607.0080,746.4640,4.4640,32.400,72.00,3.1680,14.9760,40.00,10.0438,provider-billed input + output tokens,4.6654,normalized input + visible output tokens,0.003638508679245283156170138839,0.001690107169811320818494610182,private
view_b,typical,500000,short,typical,measured,0,0.8833333333333333,0.8833333333333333,1,1927.0080,1066.4640,4.4640,32.400,72.00,3.1680,14.9760,360.0,12.0438,provider-billed input + output tokens,6.6654,normalized input + visible output tokens,0.004363036981132075636341018156,0.002414635471698113298665489498,private
view_b,high,500000,short,typical,measured,0,0.8833333333333333,0.8833333333333333,1,4447.0080,3586.4640,4.4640,32.400,72.00,3.1680,14.9760,2880.0,27.7938,provider-billed input + output tokens,22.4154,normalized input + visible output tokens,0.01006869735849056641768669277,0.008120295849056604080011164115,private
view_a,not_applicable,500000,short,typical,managed,5,0.9333333333333333,0.8833333333333333,1,1440.00,579.4560,,,,,,,9.00,provider-billed input + output tokens,3.6216,normalized input + visible output tokens,0.003085714285714285824489795918,0.001311975849056603823093428266,private
view_b,low,500000,short,typical,managed,5,0.9333333333333333,0.8833333333333333,1,1607.0080,746.4640,4.4640,32.400,72.00,3.1680,14.9760,40.00,10.0438,provider-billed input + output tokens,4.6654,normalized input + visible output tokens,0.003443588571428571551556734694,0.001690107169811320818494610182,private
view_b,typical,500000,short,typical,managed,5,0.9333333333333333,0.8833333333333333,1,1927.0080,1066.4640,4.4640,32.400,72.00,3.1680,14.9760,360.0,12.0438,provider-billed input + output tokens,6.6654,normalized input + visible output tokens,0.004129302857142857290332244898,0.002414635471698113298665489498,private
view_b,high,500000,short,typical,managed,5,0.9333333333333333,0.8833333333333333,1,4447.0080,3586.4640,4.4640,32.400,72.00,3.1680,14.9760,2880.0,27.7938,provider-billed input + output tokens,22.4154,normalized input + visible output tokens,0.009529302857142857483189387755,0.008120295849056604080011164115,private
view_a,not_applicable,500000,short,typical,private,5,0.8833333333333333,0.9333333333333333,1,1440.00,579.4560,,,,,,,9.00,provider-billed input + output tokens,3.6216,normalized input + visible output tokens,0.003260377358490566160768956924,0.001241691428571428615774693878,private
view_b,low,500000,short,typical,private,5,0.8833333333333333,0.9333333333333333,1,1607.0080,746.4640,4.4640,32.400,72.00,3.1680,14.9760,40.00,10.0438,provider-billed input + output tokens,4.6654,normalized input + visible output tokens,0.003638508679245283156170138839,0.001599565714285714342841632653,private
view_b,typical,500000,short,typical,private,5,0.8833333333333333,0.9333333333333333,1,1927.0080,1066.4640,4.4640,32.400,72.00,3.1680,14.9760,360.0,12.0438,provider-billed input + output tokens,6.6654,normalized input + visible output tokens,0.004363036981132075636341018156,0.002285280000000000081617142857,private
view_b,high,500000,short,typical,private,5,0.8833333333333333,0.9333333333333333,1,4447.0080,3586.4640,4.4640,32.400,72.00,3.1680,14.9760,2880.0,27.7938,provider-billed input + output tokens,22.4154,normalized input + visible output tokens,0.01006869735849056641768669277,0.007685280000000000274474285714,private
view_a,not_applicable,500000,short,high,managed,-5,0.8333333333333333,0.8833333333333333,1,1440.00,579.4560,,,,,,,9.00,provider-billed input + output tokens,3.6216,normalized input + visible output tokens,0.003456000000000000138240000000,0.001311975849056603823093428266,private
view_b,low,500000,short,high,managed,-5,0.8333333333333333,0.8833333333333333,1,1607.0080,746.4640,4.4640,32.400,72.00,3.1680,14.9760,40.00,10.0438,provider-billed input + output tokens,4.6654,normalized input + visible output tokens,0.003856819200000000154272768000,0.001690107169811320818494610182,private
view_b,typical,500000,short,high,managed,-5,0.8333333333333333,0.8833333333333333,1,1927.0080,1066.4640,4.4640,32.400,72.00,3.1680,14.9760,360.0,12.0438,provider-billed input + output tokens,6.6654,normalized input + visible output tokens,0.004624819200000000184992768000,0.002414635471698113298665489498,private
view_b,high,500000,short,high,managed,-5,0.8333333333333333,0.8833333333333333,1,4447.0080,3586.4640,4.4640,32.400,72.00,3.1680,14.9760,2880.0,27.7938,provider-billed input + output tokens,22.4154,normalized input + visible output tokens,0.01067281920000000042691276800,0.008120295849056604080011164115,private
view_a,not_applicable,500000,short,high,private,-5,0.8833333333333333,0.8333333333333333,1,1440.00,579.4560,,,,,,,9.00,provider-billed input + output tokens,3.6216,normalized input + visible output tokens,0.003260377358490566160768956924,0.001390694400000000055627776000,private
view_b,low,500000,short,high,private,-5,0.8833333333333333,0.8333333333333333,1,1607.0080,746.4640,4.4640,32.400,72.00,3.1680,14.9760,40.00,10.0438,provider-billed input + output tokens,4.6654,normalized input + visible output tokens,0.003638508679245283156170138839,0.001791513600000000071660544000,private
view_b,typical,500000,short,high,private,-5,0.8833333333333333,0.8333333333333333,1,1927.0080,1066.4640,4.4640,32.400,72.00,3.1680,14.9760,360.0,12.0438,provider-billed input + output tokens,6.6654,normalized input + visible output tokens,0.004363036981132075636341018156,0.002559513600000000102380544000,private
view_b,high,500000,short,high,private,-5,0.8833333333333333,0.8333333333333333,1,4447.0080,3586.4640,4.4640,32.400,72.00,3.1680,14.9760,2880.0,27.7938,provider-billed input + output tokens,22.4154,normalized input + visible output tokens,0.01006869735849056641768669277,0.008607513600000000344300544000,private
view_a,not_applicable,500000,short,high,measured,0,0.8833333333333333,0.8833333333333333,1,1440.00,579.4560,,,,,,,9.00,provider-billed input + output tokens,3.6216,normalized input + visible output tokens,0.003260377358490566160768956924,0.001311975849056603823093428266,private
view_b,low,500000,short,high,measured,0,0.8833333333333333,0.8833333333333333,1,1607.0080,746.4640,4.4640,32.400,72.00,3.1680,14.9760,40.00,10.0438,provider-billed input + output tokens,4.6654,normalized input + visible output tokens,0.003638508679245283156170138839,0.001690107169811320818494610182,private
view_b,typical,500000,short,high,measured,0,0.8833333333333333,0.8833333333333333,1,1927.0080,1066.4640,4.4640,32.400,72.00,3.1680,14.9760,360.0,12.0438,provider-billed input + output tokens,6.6654,normalized input + visible output tokens,0.004363036981132075636341018156,0.002414635471698113298665489498,private
view_b,high,500000,short,high,measured,0,0.8833333333333333,0.8833333333333333,1,4447.0080,3586.4640,4.4640,32.400,72.00,3.1680,14.9760,2880.0,27.7938,provider-billed input + output tokens,22.4154,normalized input + visible output tokens,0.01006869735849056641768669277,0.008120295849056604080011164115,private
view_a,not_applicable,500000,short,high,managed,5,0.9333333333333333,0.8833333333333333,1,1440.00,579.4560,,,,,,,9.00,provider-billed input + output tokens,3.6216,normalized input + visible output tokens,0.003085714285714285824489795918,0.001311975849056603823093428266,private
view_b,low,500000,short,high,managed,5,0.9333333333333333,0.8833333333333333,1,1607.0080,746.4640,4.4640,32.400,72.00,3.1680,14.9760,40.00,10.0438,provider-billed input + output tokens,4.6654,normalized input + visible output tokens,0.003443588571428571551556734694,0.001690107169811320818494610182,private
view_b,typical,500000,short,high,managed,5,0.9333333333333333,0.8833333333333333,1,1927.0080,1066.4640,4.4640,32.400,72.00,3.1680,14.9760,360.0,12.0438,provider-billed input + output tokens,6.6654,normalized input + visible output tokens,0.004129302857142857290332244898,0.002414635471698113298665489498,private
view_b,high,500000,short,high,managed,5,0.9333333333333333,0.8833333333333333,1,4447.0080,3586.4640,4.4640,32.400,72.00,3.1680,14.9760,2880.0,27.7938,provider-billed input + output tokens,22.4154,normalized input + visible output tokens,0.009529302857142857483189387755,0.008120295849056604080011164115,private
view_a,not_applicable,500000,short,high,private,5,0.8833333333333333,0.9333333333333333,1,1440.00,579.4560,,,,,,,9.00,provider-billed input + output tokens,3.6216,normalized input + visible output tokens,0.003260377358490566160768956924,0.001241691428571428615774693878,private
view_b,low,500000,short,high,private,5,0.8833333333333333,0.9333333333333333,1,1607.0080,746.4640,4.4640,32.400,72.00,3.1680,14.9760,40.00,10.0438,provider-billed input + output tokens,4.6654,normalized input + visible output tokens,0.003638508679245283156170138839,0.001599565714285714342841632653,private
view_b,typical,500000,short,high,private,5,0.8833333333333333,0.9333333333333333,1,1927.0080,1066.4640,4.4640,32.400,72.00,3.1680,14.9760,360.0,12.0438,provider-billed input + output tokens,6.6654,normalized input + visible output tokens,0.004363036981132075636341018156,0.002285280000000000081617142857,private
view_b,high,500000,short,high,private,5,0.8833333333333333,0.9333333333333333,1,4447.0080,3586.4640,4.4640,32.400,72.00,3.1680,14.9760,2880.0,27.7938,provider-billed input + output tokens,22.4154,normalized input + visible output tokens,0.01006869735849056641768669277,0.007685280000000000274474285714,private
view_a,not_applicable,500000,medium,low,managed,-5,0.8333333333333333,0.8833333333333333,5,5760.00,2897.2800,,,,,,,9.00,provider-billed input + output tokens,4.5270,normalized input + visible output tokens,0.01382400000000000055296000000,0.006559879245283019115467141331,private
view_b,low,500000,medium,low,managed,-5,0.8333333333333333,0.8833333333333333,5,5927.0080,3064.2880,4.4640,32.400,72.00,3.1680,14.9760,40.00,9.26095,provider-billed input + output tokens,4.78795,normalized input + visible output tokens,0.01422481920000000056899276800,0.006938010566037736110868323247,private
view_b,typical,500000,medium,low,managed,-5,0.8333333333333333,0.8833333333333333,5,6247.0080,3384.2880,4.4640,32.400,72.00,3.1680,14.9760,360.0,9.76095,provider-billed input + output tokens,5.28795,normalized input + visible output tokens,0.01499281920000000059971276800,0.007662538867924528591039202563,private
view_b,high,500000,medium,low,managed,-5,0.8333333333333333,0.8833333333333333,5,8767.0080,5904.2880,4.4640,32.400,72.00,3.1680,14.9760,2880.0,13.69845,provider-billed input + output tokens,9.22545,normalized input + visible output tokens,0.02104081920000000084163276800,0.01336819924528301937238487718,private
view_a,not_applicable,500000,medium,low,private,-5,0.8833333333333333,0.8333333333333333,5,5760.00,2897.2800,,,,,,,9.00,provider-billed input + output tokens,4.5270,normalized input + visible output tokens,0.01304150943396226464307582770,0.006953472000000000278138880000,private
view_b,low,500000,medium,low,private,-5,0.8833333333333333,0.8333333333333333,5,5927.0080,3064.2880,4.4640,32.400,72.00,3.1680,14.9760,40.00,9.26095,provider-billed input + output tokens,4.78795,normalized input + visible output tokens,0.01341964075471698163847700961,0.007354291200000000294171648000,private
view_b,typical,500000,medium,low,private,-5,0.8833333333333333,0.8333333333333333,5,6247.0080,3384.2880,4.4640,32.400,72.00,3.1680,14.9760,360.0,9.76095,provider-billed input + output tokens,5.28795,normalized input + visible output tokens,0.01414416905660377411864788893,0.008122291200000000324891648000,private
view_b,high,500000,medium,low,private,-5,0.8833333333333333,0.8333333333333333,5,8767.0080,5904.2880,4.4640,32.400,72.00,3.1680,14.9760,2880.0,13.69845,provider-billed input + output tokens,9.22545,normalized input + visible output tokens,0.01984982943396226489999356355,0.01417029120000000056681164800,private
view_a,not_applicable,500000,medium,low,measured,0,0.8833333333333333,0.8833333333333333,5,5760.00,2897.2800,,,,,,,9.00,provider-billed input + output tokens,4.5270,normalized input + visible output tokens,0.01304150943396226464307582770,0.006559879245283019115467141331,private
view_b,low,500000,medium,low,measured,0,0.8833333333333333,0.8833333333333333,5,5927.0080,3064.2880,4.4640,32.400,72.00,3.1680,14.9760,40.00,9.26095,provider-billed input + output tokens,4.78795,normalized input + visible output tokens,0.01341964075471698163847700961,0.006938010566037736110868323247,private
view_b,typical,500000,medium,low,measured,0,0.8833333333333333,0.8833333333333333,5,6247.0080,3384.2880,4.4640,32.400,72.00,3.1680,14.9760,360.0,9.76095,provider-billed input + output tokens,5.28795,normalized input + visible output tokens,0.01414416905660377411864788893,0.007662538867924528591039202563,private
view_b,high,500000,medium,low,measured,0,0.8833333333333333,0.8833333333333333,5,8767.0080,5904.2880,4.4640,32.400,72.00,3.1680,14.9760,2880.0,13.69845,provider-billed input + output tokens,9.22545,normalized input + visible output tokens,0.01984982943396226489999356355,0.01336819924528301937238487718,private
view_a,not_applicable,500000,medium,low,managed,5,0.9333333333333333,0.8833333333333333,5,5760.00,2897.2800,,,,,,,9.00,provider-billed input + output tokens,4.5270,normalized input + visible output tokens,0.01234285714285714329795918367,0.006559879245283019115467141331,private
view_b,low,500000,medium,low,managed,5,0.9333333333333333,0.8833333333333333,5,5927.0080,3064.2880,4.4640,32.400,72.00,3.1680,14.9760,40.00,9.26095,provider-billed input + output tokens,4.78795,normalized input + visible output tokens,0.01270073142857142902502612245,0.006938010566037736110868323247,private
view_b,typical,500000,medium,low,managed,5,0.9333333333333333,0.8833333333333333,5,6247.0080,3384.2880,4.4640,32.400,72.00,3.1680,14.9760,360.0,9.76095,provider-billed input + output tokens,5.28795,normalized input + visible output tokens,0.01338644571428571476380163265,0.007662538867924528591039202563,private
view_b,high,500000,medium,low,managed,5,0.9333333333333333,0.8833333333333333,5,8767.0080,5904.2880,4.4640,32.400,72.00,3.1680,14.9760,2880.0,13.69845,provider-billed input + output tokens,9.22545,normalized input + visible output tokens,0.01878644571428571495665877551,0.01336819924528301937238487718,private
view_a,not_applicable,500000,medium,low,private,5,0.8833333333333333,0.9333333333333333,5,5760.00,2897.2800,,,,,,,9.00,provider-billed input + output tokens,4.5270,normalized input + visible output tokens,0.01304150943396226464307582770,0.006208457142857143078873469388,private
view_b,low,500000,medium,low,private,5,0.8833333333333333,0.9333333333333333,5,5927.0080,3064.2880,4.4640,32.400,72.00,3.1680,14.9760,40.00,9.26095,provider-billed input + output tokens,4.78795,normalized input + visible output tokens,0.01341964075471698163847700961,0.006566331428571428805940408163,private
view_b,typical,500000,medium,low,private,5,0.8833333333333333,0.9333333333333333,5,6247.0080,3384.2880,4.4640,32.400,72.00,3.1680,14.9760,360.0,9.76095,provider-billed input + output tokens,5.28795,normalized input + visible output tokens,0.01414416905660377411864788893,0.007252045714285714544715918367,private
view_b,high,500000,medium,low,private,5,0.8833333333333333,0.9333333333333333,5,8767.0080,5904.2880,4.4640,32.400,72.00,3.1680,14.9760,2880.0,13.69845,provider-billed input + output tokens,9.22545,normalized input + visible output tokens,0.01984982943396226489999356355,0.01265204571428571473757306122,private
view_a,not_applicable,500000,medium,typical,managed,-5,0.8333333333333333,0.8833333333333333,1,5760.00,579.4560,,,,,,,9.00,provider-billed input + output tokens,0.9054,normalized input + visible output tokens,0.01382400000000000055296000000,0.001311975849056603823093428266,private
view_b,low,500000,medium,typical,managed,-5,0.8333333333333333,0.8833333333333333,1,5927.0080,746.4640,4.4640,32.400,72.00,3.1680,14.9760,40.00,9.26095,provider-billed input + output tokens,1.16635,normalized input + visible output tokens,0.01422481920000000056899276800,0.001690107169811320818494610182,private
view_b,typical,500000,medium,typical,managed,-5,0.8333333333333333,0.8833333333333333,1,6247.0080,1066.4640,4.4640,32.400,72.00,3.1680,14.9760,360.0,9.76095,provider-billed input + output tokens,1.66635,normalized input + visible output tokens,0.01499281920000000059971276800,0.002414635471698113298665489498,private
view_b,high,500000,medium,typical,managed,-5,0.8333333333333333,0.8833333333333333,1,8767.0080,3586.4640,4.4640,32.400,72.00,3.1680,14.9760,2880.0,13.69845,provider-billed input + output tokens,5.60385,normalized input + visible output tokens,0.02104081920000000084163276800,0.008120295849056604080011164115,private
view_a,not_applicable,500000,medium,typical,private,-5,0.8833333333333333,0.8333333333333333,1,5760.00,579.4560,,,,,,,9.00,provider-billed input + output tokens,0.9054,normalized input + visible output tokens,0.01304150943396226464307582770,0.001390694400000000055627776000,private
view_b,low,500000,medium,typical,private,-5,0.8833333333333333,0.8333333333333333,1,5927.0080,746.4640,4.4640,32.400,72.00,3.1680,14.9760,40.00,9.26095,provider-billed input + output tokens,1.16635,normalized input + visible output tokens,0.01341964075471698163847700961,0.001791513600000000071660544000,private
view_b,typical,500000,medium,typical,private,-5,0.8833333333333333,0.8333333333333333,1,6247.0080,1066.4640,4.4640,32.400,72.00,3.1680,14.9760,360.0,9.76095,provider-billed input + output tokens,1.66635,normalized input + visible output tokens,0.01414416905660377411864788893,0.002559513600000000102380544000,private
view_b,high,500000,medium,typical,private,-5,0.8833333333333333,0.8333333333333333,1,8767.0080,3586.4640,4.4640,32.400,72.00,3.1680,14.9760,2880.0,13.69845,provider-billed input + output tokens,5.60385,normalized input + visible output tokens,0.01984982943396226489999356355,0.008607513600000000344300544000,private
view_a,not_applicable,500000,medium,typical,measured,0,0.8833333333333333,0.8833333333333333,1,5760.00,579.4560,,,,,,,9.00,provider-billed input + output tokens,0.9054,normalized input + visible output tokens,0.01304150943396226464307582770,0.001311975849056603823093428266,private
view_b,low,500000,medium,typical,measured,0,0.8833333333333333,0.8833333333333333,1,5927.0080,746.4640,4.4640,32.400,72.00,3.1680,14.9760,40.00,9.26095,provider-billed input + output tokens,1.16635,normalized input + visible output tokens,0.01341964075471698163847700961,0.001690107169811320818494610182,private
view_b,typical,500000,medium,typical,measured,0,0.8833333333333333,0.8833333333333333,1,6247.0080,1066.4640,4.4640,32.400,72.00,3.1680,14.9760,360.0,9.76095,provider-billed input + output tokens,1.66635,normalized input + visible output tokens,0.01414416905660377411864788893,0.002414635471698113298665489498,private
view_b,high,500000,medium,typical,measured,0,0.8833333333333333,0.8833333333333333,1,8767.0080,3586.4640,4.4640,32.400,72.00,3.1680,14.9760,2880.0,13.69845,provider-billed input + output tokens,5.60385,normalized input + visible output tokens,0.01984982943396226489999356355,0.008120295849056604080011164115,private
view_a,not_applicable,500000,medium,typical,managed,5,0.9333333333333333,0.8833333333333333,1,5760.00,579.4560,,,,,,,9.00,provider-billed input + output tokens,0.9054,normalized input + visible output tokens,0.01234285714285714329795918367,0.001311975849056603823093428266,private
view_b,low,500000,medium,typical,managed,5,0.9333333333333333,0.8833333333333333,1,5927.0080,746.4640,4.4640,32.400,72.00,3.1680,14.9760,40.00,9.26095,provider-billed input + output tokens,1.16635,normalized input + visible output tokens,0.01270073142857142902502612245,0.001690107169811320818494610182,private
view_b,typical,500000,medium,typical,managed,5,0.9333333333333333,0.8833333333333333,1,6247.0080,1066.4640,4.4640,32.400,72.00,3.1680,14.9760,360.0,9.76095,provider-billed input + output tokens,1.66635,normalized input + visible output tokens,0.01338644571428571476380163265,0.002414635471698113298665489498,private
view_b,high,500000,medium,typical,managed,5,0.9333333333333333,0.8833333333333333,1,8767.0080,3586.4640,4.4640,32.400,72.00,3.1680,14.9760,2880.0,13.69845,provider-billed input + output tokens,5.60385,normalized input + visible output tokens,0.01878644571428571495665877551,0.008120295849056604080011164115,private
view_a,not_applicable,500000,medium,typical,private,5,0.8833333333333333,0.9333333333333333,1,5760.00,579.4560,,,,,,,9.00,provider-billed input + output tokens,0.9054,normalized input + visible output tokens,0.01304150943396226464307582770,0.001241691428571428615774693878,private
view_b,low,500000,medium,typical,private,5,0.8833333333333333,0.9333333333333333,1,5927.0080,746.4640,4.4640,32.400,72.00,3.1680,14.9760,40.00,9.26095,provider-billed input + output tokens,1.16635,normalized input + visible output tokens,0.01341964075471698163847700961,0.001599565714285714342841632653,private
view_b,typical,500000,medium,typical,private,5,0.8833333333333333,0.9333333333333333,1,6247.0080,1066.4640,4.4640,32.400,72.00,3.1680,14.9760,360.0,9.76095,provider-billed input + output tokens,1.66635,normalized input + visible output tokens,0.01414416905660377411864788893,0.002285280000000000081617142857,private
view_b,high,500000,medium,typical,private,5,0.8833333333333333,0.9333333333333333,1,8767.0080,3586.4640,4.4640,32.400,72.00,3.1680,14.9760,2880.0,13.69845,provider-billed input + output tokens,5.60385,normalized input + visible output tokens,0.01984982943396226489999356355,0.007685280000000000274474285714,private
view_a,not_applicable,500000,medium,high,managed,-5,0.8333333333333333,0.8833333333333333,1,5760.00,579.4560,,,,,,,9.00,provider-billed input + output tokens,0.9054,normalized input + visible output tokens,0.01382400000000000055296000000,0.001311975849056603823093428266,private
view_b,low,500000,medium,high,managed,-5,0.8333333333333333,0.8833333333333333,1,5927.0080,746.4640,4.4640,32.400,72.00,3.1680,14.9760,40.00,9.26095,provider-billed input + output tokens,1.16635,normalized input + visible output tokens,0.01422481920000000056899276800,0.001690107169811320818494610182,private
view_b,typical,500000,medium,high,managed,-5,0.8333333333333333,0.8833333333333333,1,6247.0080,1066.4640,4.4640,32.400,72.00,3.1680,14.9760,360.0,9.76095,provider-billed input + output tokens,1.66635,normalized input + visible output tokens,0.01499281920000000059971276800,0.002414635471698113298665489498,private
view_b,high,500000,medium,high,managed,-5,0.8333333333333333,0.8833333333333333,1,8767.0080,3586.4640,4.4640,32.400,72.00,3.1680,14.9760,2880.0,13.69845,provider-billed input + output tokens,5.60385,normalized input + visible output tokens,0.02104081920000000084163276800,0.008120295849056604080011164115,private
view_a,not_applicable,500000,medium,high,private,-5,0.8833333333333333,0.8333333333333333,1,5760.00,579.4560,,,,,,,9.00,provider-billed input + output tokens,0.9054,normalized input + visible output tokens,0.01304150943396226464307582770,0.001390694400000000055627776000,private
view_b,low,500000,medium,high,private,-5,0.8833333333333333,0.8333333333333333,1,5927.0080,746.4640,4.4640,32.400,72.00,3.1680,14.9760,40.00,9.26095,provider-billed input + output tokens,1.16635,normalized input + visible output tokens,0.01341964075471698163847700961,0.001791513600000000071660544000,private
view_b,typical,500000,medium,high,private,-5,0.8833333333333333,0.8333333333333333,1,6247.0080,1066.4640,4.4640,32.400,72.00,3.1680,14.9760,360.0,9.76095,provider-billed input + output tokens,1.66635,normalized input + visible output tokens,0.01414416905660377411864788893,0.002559513600000000102380544000,private
view_b,high,500000,medium,high,private,-5,0.8833333333333333,0.8333333333333333,1,8767.0080,3586.4640,4.4640,32.400,72.00,3.1680,14.9760,2880.0,13.69845,provider-billed input + output tokens,5.60385,normalized input + visible output tokens,0.01984982943396226489999356355,0.008607513600000000344300544000,private
view_a,not_applicable,500000,medium,high,measured,0,0.8833333333333333,0.8833333333333333,1,5760.00,579.4560,,,,,,,9.00,provider-billed input + output tokens,0.9054,normalized input + visible output tokens,0.01304150943396226464307582770,0.001311975849056603823093428266,private
view_b,low,500000,medium,high,measured,0,0.8833333333333333,0.8833333333333333,1,5927.0080,746.4640,4.4640,32.400,72.00,3.1680,14.9760,40.00,9.26095,provider-billed input + output tokens,1.16635,normalized input + visible output tokens,0.01341964075471698163847700961,0.001690107169811320818494610182,private
view_b,typical,500000,medium,high,measured,0,0.8833333333333333,0.8833333333333333,1,6247.0080,1066.4640,4.4640,32.400,72.00,3.1680,14.9760,360.0,9.76095,provider-billed input + output tokens,1.66635,normalized input + visible output tokens,0.01414416905660377411864788893,0.002414635471698113298665489498,private
view_b,high,500000,medium,high,measured,0,0.8833333333333333,0.8833333333333333,1,8767.0080,3586.4640,4.4640,32.400,72.00,3.1680,14.9760,2880.0,13.69845,provider-billed input + output tokens,5.60385,normalized input + visible output tokens,0.01984982943396226489999356355,0.008120295849056604080011164115,private
view_a,not_applicable,500000,medium,high,managed,5,0.9333333333333333,0.8833333333333333,1,5760.00,579.4560,,,,,,,9.00,provider-billed input + output tokens,0.9054,normalized input + visible output tokens,0.01234285714285714329795918367,0.001311975849056603823093428266,private
view_b,low,500000,medium,high,managed,5,0.9333333333333333,0.8833333333333333,1,5927.0080,746.4640,4.4640,32.400,72.00,3.1680,14.9760,40.00,9.26095,provider-billed input + output tokens,1.16635,normalized input + visible output tokens,0.01270073142857142902502612245,0.001690107169811320818494610182,private
view_b,typical,500000,medium,high,managed,5,0.9333333333333333,0.8833333333333333,1,6247.0080,1066.4640,4.4640,32.400,72.00,3.1680,14.9760,360.0,9.76095,provider-billed input + output tokens,1.66635,normalized input + visible output tokens,0.01338644571428571476380163265,0.002414635471698113298665489498,private
view_b,high,500000,medium,high,managed,5,0.9333333333333333,0.8833333333333333,1,8767.0080,3586.4640,4.4640,32.400,72.00,3.1680,14.9760,2880.0,13.69845,provider-billed input + output tokens,5.60385,normalized input + visible output tokens,0.01878644571428571495665877551,0.008120295849056604080011164115,private
view_a,not_applicable,500000,medium,high,private,5,0.8833333333333333,0.9333333333333333,1,5760.00,579.4560,,,,,,,9.00,provider-billed input + output tokens,0.9054,normalized input + visible output tokens,0.01304150943396226464307582770,0.001241691428571428615774693878,private
view_b,low,500000,medium,high,private,5,0.8833333333333333,0.9333333333333333,1,5927.0080,746.4640,4.4640,32.400,72.00,3.1680,14.9760,40.00,9.26095,provider-billed input + output tokens,1.16635,normalized input + visible output tokens,0.01341964075471698163847700961,0.001599565714285714342841632653,private
view_b,typical,500000,medium,high,private,5,0.8833333333333333,0.9333333333333333,1,6247.0080,1066.4640,4.4640,32.400,72.00,3.1680,14.9760,360.0,9.76095,provider-billed input + output tokens,1.66635,normalized input + visible output tokens,0.01414416905660377411864788893,0.002285280000000000081617142857,private
view_b,high,500000,medium,high,private,5,0.8833333333333333,0.9333333333333333,1,8767.0080,3586.4640,4.4640,32.400,72.00,3.1680,14.9760,2880.0,13.69845,provider-billed input + output tokens,5.60385,normalized input + visible output tokens,0.01984982943396226489999356355,0.007685280000000000274474285714,private
view_a,not_applicable,1000000,short,low,managed,-5,0.8333333333333333,0.8833333333333333,10,2880.00,5794.5600,,,,,,,9.00,provider-billed input + output tokens,18.1080,normalized input + visible output tokens,0.003456000000000000138240000000,0.006559879245283019115467141331,managed
view_b,low,1000000,short,low,managed,-5,0.8333333333333333,0.8833333333333333,10,3047.0080,5961.5680,4.4640,32.400,72.00,3.1680,14.9760,40.00,9.5219,provider-billed input + output tokens,18.6299,normalized input + visible output tokens,0.003656409600000000146256384000,0.006748944905660377613167732289,managed
view_b,typical,1000000,short,low,managed,-5,0.8333333333333333,0.8833333333333333,10,3367.0080,6281.5680,4.4640,32.400,72.00,3.1680,14.9760,360.0,10.5219,provider-billed input + output tokens,19.6299,normalized input + visible output tokens,0.004040409600000000161616384000,0.007111209056603773853253171947,managed
view_b,high,1000000,short,low,managed,-5,0.8333333333333333,0.8833333333333333,10,5887.0080,8801.5680,4.4640,32.400,72.00,3.1680,14.9760,2880.0,18.3969,provider-billed input + output tokens,27.5049,normalized input + visible output tokens,0.007064409600000000282576384000,0.009964039245283019243926009256,managed
view_a,not_applicable,1000000,short,low,private,-5,0.8833333333333333,0.8333333333333333,10,2880.00,5794.5600,,,,,,,9.00,provider-billed input + output tokens,18.1080,normalized input + visible output tokens,0.003260377358490566160768956924,0.006953472000000000278138880000,managed
view_b,low,1000000,short,low,private,-5,0.8833333333333333,0.8333333333333333,10,3047.0080,5961.5680,4.4640,32.400,72.00,3.1680,14.9760,40.00,9.5219,provider-billed input + output tokens,18.6299,normalized input + visible output tokens,0.003449443018867924658469547882,0.007153881600000000286155264000,managed
view_b,typical,1000000,short,low,private,-5,0.8833333333333333,0.8333333333333333,10,3367.0080,6281.5680,4.4640,32.400,72.00,3.1680,14.9760,360.0,10.5219,provider-billed input + output tokens,19.6299,normalized input + visible output tokens,0.003811707169811320898554987540,0.007537881600000000301515264000,managed
view_b,high,1000000,short,low,private,-5,0.8833333333333333,0.8333333333333333,10,5887.0080,8801.5680,4.4640,32.400,72.00,3.1680,14.9760,2880.0,18.3969,provider-billed input + output tokens,27.5049,normalized input + visible output tokens,0.006664537358490566289227824849,0.01056188160000000042247526400,managed
view_a,not_applicable,1000000,short,low,measured,0,0.8833333333333333,0.8833333333333333,10,2880.00,5794.5600,,,,,,,9.00,provider-billed input + output tokens,18.1080,normalized input + visible output tokens,0.003260377358490566160768956924,0.006559879245283019115467141331,managed
view_b,low,1000000,short,low,measured,0,0.8833333333333333,0.8833333333333333,10,3047.0080,5961.5680,4.4640,32.400,72.00,3.1680,14.9760,40.00,9.5219,provider-billed input + output tokens,18.6299,normalized input + visible output tokens,0.003449443018867924658469547882,0.006748944905660377613167732289,managed
view_b,typical,1000000,short,low,measured,0,0.8833333333333333,0.8833333333333333,10,3367.0080,6281.5680,4.4640,32.400,72.00,3.1680,14.9760,360.0,10.5219,provider-billed input + output tokens,19.6299,normalized input + visible output tokens,0.003811707169811320898554987540,0.007111209056603773853253171947,managed
view_b,high,1000000,short,low,measured,0,0.8833333333333333,0.8833333333333333,10,5887.0080,8801.5680,4.4640,32.400,72.00,3.1680,14.9760,2880.0,18.3969,provider-billed input + output tokens,27.5049,normalized input + visible output tokens,0.006664537358490566289227824849,0.009964039245283019243926009256,managed
view_a,not_applicable,1000000,short,low,managed,5,0.9333333333333333,0.8833333333333333,10,2880.00,5794.5600,,,,,,,9.00,provider-billed input + output tokens,18.1080,normalized input + visible output tokens,0.003085714285714285824489795918,0.006559879245283019115467141331,managed
view_b,low,1000000,short,low,managed,5,0.9333333333333333,0.8833333333333333,10,3047.0080,5961.5680,4.4640,32.400,72.00,3.1680,14.9760,40.00,9.5219,provider-billed input + output tokens,18.6299,normalized input + visible output tokens,0.003264651428571428688023265306,0.006748944905660377613167732289,managed
view_b,typical,1000000,short,low,managed,5,0.9333333333333333,0.8833333333333333,10,3367.0080,6281.5680,4.4640,32.400,72.00,3.1680,14.9760,360.0,10.5219,provider-billed input + output tokens,19.6299,normalized input + visible output tokens,0.003607508571428571557411020408,0.007111209056603773853253171947,managed
view_b,high,1000000,short,low,managed,5,0.9333333333333333,0.8833333333333333,10,5887.0080,8801.5680,4.4640,32.400,72.00,3.1680,14.9760,2880.0,18.3969,provider-billed input + output tokens,27.5049,normalized input + visible output tokens,0.006307508571428571653839591837,0.009964039245283019243926009256,managed
view_a,not_applicable,1000000,short,low,private,5,0.8833333333333333,0.9333333333333333,10,2880.00,5794.5600,,,,,,,9.00,provider-billed input + output tokens,18.1080,normalized input + visible output tokens,0.003260377358490566160768956924,0.006208457142857143078873469388,managed
view_b,low,1000000,short,low,private,5,0.8833333333333333,0.9333333333333333,10,3047.0080,5961.5680,4.4640,32.400,72.00,3.1680,14.9760,40.00,9.5219,provider-billed input + output tokens,18.6299,normalized input + visible output tokens,0.003449443018867924658469547882,0.006387394285714285942406938776,managed
view_b,typical,1000000,short,low,private,5,0.8833333333333333,0.9333333333333333,10,3367.0080,6281.5680,4.4640,32.400,72.00,3.1680,14.9760,360.0,10.5219,provider-billed input + output tokens,19.6299,normalized input + visible output tokens,0.003811707169811320898554987540,0.006730251428571428811794693878,managed
view_b,high,1000000,short,low,private,5,0.8833333333333333,0.9333333333333333,10,5887.0080,8801.5680,4.4640,32.400,72.00,3.1680,14.9760,2880.0,18.3969,provider-billed input + output tokens,27.5049,normalized input + visible output tokens,0.006664537358490566289227824849,0.009430251428571428908223265306,managed
view_a,not_applicable,1000000,short,typical,managed,-5,0.8333333333333333,0.8833333333333333,2,2880.00,1158.9120,,,,,,,9.00,provider-billed input + output tokens,3.6216,normalized input + visible output tokens,0.003456000000000000138240000000,0.001311975849056603823093428266,private
view_b,low,1000000,short,typical,managed,-5,0.8333333333333333,0.8833333333333333,2,3047.0080,1325.9200,4.4640,32.400,72.00,3.1680,14.9760,40.00,9.5219,provider-billed input + output tokens,4.1435,normalized input + visible output tokens,0.003656409600000000146256384000,0.001501041509433962320794019224,private
view_b,typical,1000000,short,typical,managed,-5,0.8333333333333333,0.8833333333333333,2,3367.0080,1645.9200,4.4640,32.400,72.00,3.1680,14.9760,360.0,10.5219,provider-billed input + output tokens,5.1435,normalized input + visible output tokens,0.004040409600000000161616384000,0.001863305660377358560879458882,private
view_b,high,1000000,short,typical,managed,-5,0.8333333333333333,0.8833333333333333,2,5887.0080,4165.9200,4.4640,32.400,72.00,3.1680,14.9760,2880.0,18.3969,provider-billed input + output tokens,13.0185,normalized input + visible output tokens,0.007064409600000000282576384000,0.004716135849056603951552296191,private
view_a,not_applicable,1000000,short,typical,private,-5,0.8833333333333333,0.8333333333333333,2,2880.00,1158.9120,,,,,,,9.00,provider-billed input + output tokens,3.6216,normalized input + visible output tokens,0.003260377358490566160768956924,0.001390694400000000055627776000,private
view_b,low,1000000,short,typical,private,-5,0.8833333333333333,0.8333333333333333,2,3047.0080,1325.9200,4.4640,32.400,72.00,3.1680,14.9760,40.00,9.5219,provider-billed input + output tokens,4.1435,normalized input + visible output tokens,0.003449443018867924658469547882,0.001591104000000000063644160000,private
view_b,typical,1000000,short,typical,private,-5,0.8833333333333333,0.8333333333333333,2,3367.0080,1645.9200,4.4640,32.400,72.00,3.1680,14.9760,360.0,10.5219,provider-billed input + output tokens,5.1435,normalized input + visible output tokens,0.003811707169811320898554987540,0.001975104000000000079004160000,private
view_b,high,1000000,short,typical,private,-5,0.8833333333333333,0.8333333333333333,2,5887.0080,4165.9200,4.4640,32.400,72.00,3.1680,14.9760,2880.0,18.3969,provider-billed input + output tokens,13.0185,normalized input + visible output tokens,0.006664537358490566289227824849,0.004999104000000000199964160000,private
view_a,not_applicable,1000000,short,typical,measured,0,0.8833333333333333,0.8833333333333333,2,2880.00,1158.9120,,,,,,,9.00,provider-billed input + output tokens,3.6216,normalized input + visible output tokens,0.003260377358490566160768956924,0.001311975849056603823093428266,private
view_b,low,1000000,short,typical,measured,0,0.8833333333333333,0.8833333333333333,2,3047.0080,1325.9200,4.4640,32.400,72.00,3.1680,14.9760,40.00,9.5219,provider-billed input + output tokens,4.1435,normalized input + visible output tokens,0.003449443018867924658469547882,0.001501041509433962320794019224,private
view_b,typical,1000000,short,typical,measured,0,0.8833333333333333,0.8833333333333333,2,3367.0080,1645.9200,4.4640,32.400,72.00,3.1680,14.9760,360.0,10.5219,provider-billed input + output tokens,5.1435,normalized input + visible output tokens,0.003811707169811320898554987540,0.001863305660377358560879458882,private
view_b,high,1000000,short,typical,measured,0,0.8833333333333333,0.8833333333333333,2,5887.0080,4165.9200,4.4640,32.400,72.00,3.1680,14.9760,2880.0,18.3969,provider-billed input + output tokens,13.0185,normalized input + visible output tokens,0.006664537358490566289227824849,0.004716135849056603951552296191,private
view_a,not_applicable,1000000,short,typical,managed,5,0.9333333333333333,0.8833333333333333,2,2880.00,1158.9120,,,,,,,9.00,provider-billed input + output tokens,3.6216,normalized input + visible output tokens,0.003085714285714285824489795918,0.001311975849056603823093428266,private
view_b,low,1000000,short,typical,managed,5,0.9333333333333333,0.8833333333333333,2,3047.0080,1325.9200,4.4640,32.400,72.00,3.1680,14.9760,40.00,9.5219,provider-billed input + output tokens,4.1435,normalized input + visible output tokens,0.003264651428571428688023265306,0.001501041509433962320794019224,private
view_b,typical,1000000,short,typical,managed,5,0.9333333333333333,0.8833333333333333,2,3367.0080,1645.9200,4.4640,32.400,72.00,3.1680,14.9760,360.0,10.5219,provider-billed input + output tokens,5.1435,normalized input + visible output tokens,0.003607508571428571557411020408,0.001863305660377358560879458882,private
view_b,high,1000000,short,typical,managed,5,0.9333333333333333,0.8833333333333333,2,5887.0080,4165.9200,4.4640,32.400,72.00,3.1680,14.9760,2880.0,18.3969,provider-billed input + output tokens,13.0185,normalized input + visible output tokens,0.006307508571428571653839591837,0.004716135849056603951552296191,private
view_a,not_applicable,1000000,short,typical,private,5,0.8833333333333333,0.9333333333333333,2,2880.00,1158.9120,,,,,,,9.00,provider-billed input + output tokens,3.6216,normalized input + visible output tokens,0.003260377358490566160768956924,0.001241691428571428615774693878,private
view_b,low,1000000,short,typical,private,5,0.8833333333333333,0.9333333333333333,2,3047.0080,1325.9200,4.4640,32.400,72.00,3.1680,14.9760,40.00,9.5219,provider-billed input + output tokens,4.1435,normalized input + visible output tokens,0.003449443018867924658469547882,0.001420628571428571479308163265,private
view_b,typical,1000000,short,typical,private,5,0.8833333333333333,0.9333333333333333,2,3367.0080,1645.9200,4.4640,32.400,72.00,3.1680,14.9760,360.0,10.5219,provider-billed input + output tokens,5.1435,normalized input + visible output tokens,0.003811707169811320898554987540,0.001763485714285714348695918367,private
view_b,high,1000000,short,typical,private,5,0.8833333333333333,0.9333333333333333,2,5887.0080,4165.9200,4.4640,32.400,72.00,3.1680,14.9760,2880.0,18.3969,provider-billed input + output tokens,13.0185,normalized input + visible output tokens,0.006664537358490566289227824849,0.004463485714285714445124489796,private
view_a,not_applicable,1000000,short,high,managed,-5,0.8333333333333333,0.8833333333333333,1,2880.00,579.4560,,,,,,,9.00,provider-billed input + output tokens,1.8108,normalized input + visible output tokens,0.003456000000000000138240000000,0.0006559879245283019115467141331,private
view_b,low,1000000,short,high,managed,-5,0.8333333333333333,0.8833333333333333,1,3047.0080,746.4640,4.4640,32.400,72.00,3.1680,14.9760,40.00,9.5219,provider-billed input + output tokens,2.3327,normalized input + visible output tokens,0.003656409600000000146256384000,0.0008450535849056604092473050908,private
view_b,typical,1000000,short,high,managed,-5,0.8333333333333333,0.8833333333333333,1,3367.0080,1066.4640,4.4640,32.400,72.00,3.1680,14.9760,360.0,10.5219,provider-billed input + output tokens,3.3327,normalized input + visible output tokens,0.004040409600000000161616384000,0.001207317735849056649332744749,private
view_b,high,1000000,short,high,managed,-5,0.8333333333333333,0.8833333333333333,1,5887.0080,3586.4640,4.4640,32.400,72.00,3.1680,14.9760,2880.0,18.3969,provider-billed input + output tokens,11.2077,normalized input + visible output tokens,0.007064409600000000282576384000,0.004060147924528302040005582058,private
view_a,not_applicable,1000000,short,high,private,-5,0.8833333333333333,0.8333333333333333,1,2880.00,579.4560,,,,,,,9.00,provider-billed input + output tokens,1.8108,normalized input + visible output tokens,0.003260377358490566160768956924,0.0006953472000000000278138880000,private
view_b,low,1000000,short,high,private,-5,0.8833333333333333,0.8333333333333333,1,3047.0080,746.4640,4.4640,32.400,72.00,3.1680,14.9760,40.00,9.5219,provider-billed input + output tokens,2.3327,normalized input + visible output tokens,0.003449443018867924658469547882,0.0008957568000000000358302720000,private
view_b,typical,1000000,short,high,private,-5,0.8833333333333333,0.8333333333333333,1,3367.0080,1066.4640,4.4640,32.400,72.00,3.1680,14.9760,360.0,10.5219,provider-billed input + output tokens,3.3327,normalized input + visible output tokens,0.003811707169811320898554987540,0.001279756800000000051190272000,private
view_b,high,1000000,short,high,private,-5,0.8833333333333333,0.8333333333333333,1,5887.0080,3586.4640,4.4640,32.400,72.00,3.1680,14.9760,2880.0,18.3969,provider-billed input + output tokens,11.2077,normalized input + visible output tokens,0.006664537358490566289227824849,0.004303756800000000172150272000,private
view_a,not_applicable,1000000,short,high,measured,0,0.8833333333333333,0.8833333333333333,1,2880.00,579.4560,,,,,,,9.00,provider-billed input + output tokens,1.8108,normalized input + visible output tokens,0.003260377358490566160768956924,0.0006559879245283019115467141331,private
view_b,low,1000000,short,high,measured,0,0.8833333333333333,0.8833333333333333,1,3047.0080,746.4640,4.4640,32.400,72.00,3.1680,14.9760,40.00,9.5219,provider-billed input + output tokens,2.3327,normalized input + visible output tokens,0.003449443018867924658469547882,0.0008450535849056604092473050908,private
view_b,typical,1000000,short,high,measured,0,0.8833333333333333,0.8833333333333333,1,3367.0080,1066.4640,4.4640,32.400,72.00,3.1680,14.9760,360.0,10.5219,provider-billed input + output tokens,3.3327,normalized input + visible output tokens,0.003811707169811320898554987540,0.001207317735849056649332744749,private
view_b,high,1000000,short,high,measured,0,0.8833333333333333,0.8833333333333333,1,5887.0080,3586.4640,4.4640,32.400,72.00,3.1680,14.9760,2880.0,18.3969,provider-billed input + output tokens,11.2077,normalized input + visible output tokens,0.006664537358490566289227824849,0.004060147924528302040005582058,private
view_a,not_applicable,1000000,short,high,managed,5,0.9333333333333333,0.8833333333333333,1,2880.00,579.4560,,,,,,,9.00,provider-billed input + output tokens,1.8108,normalized input + visible output tokens,0.003085714285714285824489795918,0.0006559879245283019115467141331,private
view_b,low,1000000,short,high,managed,5,0.9333333333333333,0.8833333333333333,1,3047.0080,746.4640,4.4640,32.400,72.00,3.1680,14.9760,40.00,9.5219,provider-billed input + output tokens,2.3327,normalized input + visible output tokens,0.003264651428571428688023265306,0.0008450535849056604092473050908,private
view_b,typical,1000000,short,high,managed,5,0.9333333333333333,0.8833333333333333,1,3367.0080,1066.4640,4.4640,32.400,72.00,3.1680,14.9760,360.0,10.5219,provider-billed input + output tokens,3.3327,normalized input + visible output tokens,0.003607508571428571557411020408,0.001207317735849056649332744749,private
view_b,high,1000000,short,high,managed,5,0.9333333333333333,0.8833333333333333,1,5887.0080,3586.4640,4.4640,32.400,72.00,3.1680,14.9760,2880.0,18.3969,provider-billed input + output tokens,11.2077,normalized input + visible output tokens,0.006307508571428571653839591837,0.004060147924528302040005582058,private
view_a,not_applicable,1000000,short,high,private,5,0.8833333333333333,0.9333333333333333,1,2880.00,579.4560,,,,,,,9.00,provider-billed input + output tokens,1.8108,normalized input + visible output tokens,0.003260377358490566160768956924,0.0006208457142857143078873469388,private
view_b,low,1000000,short,high,private,5,0.8833333333333333,0.9333333333333333,1,3047.0080,746.4640,4.4640,32.400,72.00,3.1680,14.9760,40.00,9.5219,provider-billed input + output tokens,2.3327,normalized input + visible output tokens,0.003449443018867924658469547882,0.0007997828571428571714208163265,private
view_b,typical,1000000,short,high,private,5,0.8833333333333333,0.9333333333333333,1,3367.0080,1066.4640,4.4640,32.400,72.00,3.1680,14.9760,360.0,10.5219,provider-billed input + output tokens,3.3327,normalized input + visible output tokens,0.003811707169811320898554987540,0.001142640000000000040808571429,private
view_b,high,1000000,short,high,private,5,0.8833333333333333,0.9333333333333333,1,5887.0080,3586.4640,4.4640,32.400,72.00,3.1680,14.9760,2880.0,18.3969,provider-billed input + output tokens,11.2077,normalized input + visible output tokens,0.006664537358490566289227824849,0.003842640000000000137237142857,private
view_a,not_applicable,1000000,medium,low,managed,-5,0.8333333333333333,0.8833333333333333,10,11520.00,5794.5600,,,,,,,9.00,provider-billed input + output tokens,4.5270,normalized input + visible output tokens,0.01382400000000000055296000000,0.006559879245283019115467141331,private
view_b,low,1000000,medium,low,managed,-5,0.8333333333333333,0.8833333333333333,10,11687.0080,5961.5680,4.4640,32.400,72.00,3.1680,14.9760,40.00,9.130475,provider-billed input + output tokens,4.657475,normalized input + visible output tokens,0.01402440960000000056097638400,0.006748944905660377613167732289,private
view_b,typical,1000000,medium,low,managed,-5,0.8333333333333333,0.8833333333333333,10,12007.0080,6281.5680,4.4640,32.400,72.00,3.1680,14.9760,360.0,9.380475,provider-billed input + output tokens,4.907475,normalized input + visible output tokens,0.01440840960000000057633638400,0.007111209056603773853253171947,private
view_b,high,1000000,medium,low,managed,-5,0.8333333333333333,0.8833333333333333,10,14527.0080,8801.5680,4.4640,32.400,72.00,3.1680,14.9760,2880.0,11.349225,provider-billed input + output tokens,6.876225,normalized input + visible output tokens,0.01743240960000000069729638400,0.009964039245283019243926009256,private
view_a,not_applicable,1000000,medium,low,private,-5,0.8833333333333333,0.8333333333333333,10,11520.00,5794.5600,,,,,,,9.00,provider-billed input + output tokens,4.5270,normalized input + visible output tokens,0.01304150943396226464307582770,0.006953472000000000278138880000,private
view_b,low,1000000,medium,low,private,-5,0.8833333333333333,0.8333333333333333,10,11687.0080,5961.5680,4.4640,32.400,72.00,3.1680,14.9760,40.00,9.130475,provider-billed input + output tokens,4.657475,normalized input + visible output tokens,0.01323057509433962314077641865,0.007153881600000000286155264000,private
view_b,typical,1000000,medium,low,private,-5,0.8833333333333333,0.8333333333333333,10,12007.0080,6281.5680,4.4640,32.400,72.00,3.1680,14.9760,360.0,9.380475,provider-billed input + output tokens,4.907475,normalized input + visible output tokens,0.01359283924528301938086185831,0.007537881600000000301515264000,private
view_b,high,1000000,medium,low,private,-5,0.8833333333333333,0.8333333333333333,10,14527.0080,8801.5680,4.4640,32.400,72.00,3.1680,14.9760,2880.0,11.349225,provider-billed input + output tokens,6.876225,normalized input + visible output tokens,0.01644566943396226477153469562,0.01056188160000000042247526400,private
view_a,not_applicable,1000000,medium,low,measured,0,0.8833333333333333,0.8833333333333333,10,11520.00,5794.5600,,,,,,,9.00,provider-billed input + output tokens,4.5270,normalized input + visible output tokens,0.01304150943396226464307582770,0.006559879245283019115467141331,private
view_b,low,1000000,medium,low,measured,0,0.8833333333333333,0.8833333333333333,10,11687.0080,5961.5680,4.4640,32.400,72.00,3.1680,14.9760,40.00,9.130475,provider-billed input + output tokens,4.657475,normalized input + visible output tokens,0.01323057509433962314077641865,0.006748944905660377613167732289,private
view_b,typical,1000000,medium,low,measured,0,0.8833333333333333,0.8833333333333333,10,12007.0080,6281.5680,4.4640,32.400,72.00,3.1680,14.9760,360.0,9.380475,provider-billed input + output tokens,4.907475,normalized input + visible output tokens,0.01359283924528301938086185831,0.007111209056603773853253171947,private
view_b,high,1000000,medium,low,measured,0,0.8833333333333333,0.8833333333333333,10,14527.0080,8801.5680,4.4640,32.400,72.00,3.1680,14.9760,2880.0,11.349225,provider-billed input + output tokens,6.876225,normalized input + visible output tokens,0.01644566943396226477153469562,0.009964039245283019243926009256,private
view_a,not_applicable,1000000,medium,low,managed,5,0.9333333333333333,0.8833333333333333,10,11520.00,5794.5600,,,,,,,9.00,provider-billed input + output tokens,4.5270,normalized input + visible output tokens,0.01234285714285714329795918367,0.006559879245283019115467141331,private
view_b,low,1000000,medium,low,managed,5,0.9333333333333333,0.8833333333333333,10,11687.0080,5961.5680,4.4640,32.400,72.00,3.1680,14.9760,40.00,9.130475,provider-billed input + output tokens,4.657475,normalized input + visible output tokens,0.01252179428571428616149265306,0.006748944905660377613167732289,private
view_b,typical,1000000,medium,low,managed,5,0.9333333333333333,0.8833333333333333,10,12007.0080,6281.5680,4.4640,32.400,72.00,3.1680,14.9760,360.0,9.380475,provider-billed input + output tokens,4.907475,normalized input + visible output tokens,0.01286465142857142903088040816,0.007111209056603773853253171947,private
view_b,high,1000000,medium,low,managed,5,0.9333333333333333,0.8833333333333333,10,14527.0080,8801.5680,4.4640,32.400,72.00,3.1680,14.9760,2880.0,11.349225,provider-billed input + output tokens,6.876225,normalized input + visible output tokens,0.01556465142857142912730897959,0.009964039245283019243926009256,private
view_a,not_applicable,1000000,medium,low,private,5,0.8833333333333333,0.9333333333333333,10,11520.00,5794.5600,,,,,,,9.00,provider-billed input + output tokens,4.5270,normalized input + visible output tokens,0.01304150943396226464307582770,0.006208457142857143078873469388,private
view_b,low,1000000,medium,low,private,5,0.8833333333333333,0.9333333333333333,10,11687.0080,5961.5680,4.4640,32.400,72.00,3.1680,14.9760,40.00,9.130475,provider-billed input + output tokens,4.657475,normalized input + visible output tokens,0.01323057509433962314077641865,0.006387394285714285942406938776,private
view_b,typical,1000000,medium,low,private,5,0.8833333333333333,0.9333333333333333,10,12007.0080,6281.5680,4.4640,32.400,72.00,3.1680,14.9760,360.0,9.380475,provider-billed input + output tokens,4.907475,normalized input + visible output tokens,0.01359283924528301938086185831,0.006730251428571428811794693878,private
view_b,high,1000000,medium,low,private,5,0.8833333333333333,0.9333333333333333,10,14527.0080,8801.5680,4.4640,32.400,72.00,3.1680,14.9760,2880.0,11.349225,provider-billed input + output tokens,6.876225,normalized input + visible output tokens,0.01644566943396226477153469562,0.009430251428571428908223265306,private
view_a,not_applicable,1000000,medium,typical,managed,-5,0.8333333333333333,0.8833333333333333,2,11520.00,1158.9120,,,,,,,9.00,provider-billed input + output tokens,0.9054,normalized input + visible output tokens,0.01382400000000000055296000000,0.001311975849056603823093428266,private
view_b,low,1000000,medium,typical,managed,-5,0.8333333333333333,0.8833333333333333,2,11687.0080,1325.9200,4.4640,32.400,72.00,3.1680,14.9760,40.00,9.130475,provider-billed input + output tokens,1.035875,normalized input + visible output tokens,0.01402440960000000056097638400,0.001501041509433962320794019224,private
view_b,typical,1000000,medium,typical,managed,-5,0.8333333333333333,0.8833333333333333,2,12007.0080,1645.9200,4.4640,32.400,72.00,3.1680,14.9760,360.0,9.380475,provider-billed input + output tokens,1.285875,normalized input + visible output tokens,0.01440840960000000057633638400,0.001863305660377358560879458882,private
view_b,high,1000000,medium,typical,managed,-5,0.8333333333333333,0.8833333333333333,2,14527.0080,4165.9200,4.4640,32.400,72.00,3.1680,14.9760,2880.0,11.349225,provider-billed input + output tokens,3.254625,normalized input + visible output tokens,0.01743240960000000069729638400,0.004716135849056603951552296191,private
view_a,not_applicable,1000000,medium,typical,private,-5,0.8833333333333333,0.8333333333333333,2,11520.00,1158.9120,,,,,,,9.00,provider-billed input + output tokens,0.9054,normalized input + visible output tokens,0.01304150943396226464307582770,0.001390694400000000055627776000,private
view_b,low,1000000,medium,typical,private,-5,0.8833333333333333,0.8333333333333333,2,11687.0080,1325.9200,4.4640,32.400,72.00,3.1680,14.9760,40.00,9.130475,provider-billed input + output tokens,1.035875,normalized input + visible output tokens,0.01323057509433962314077641865,0.001591104000000000063644160000,private
view_b,typical,1000000,medium,typical,private,-5,0.8833333333333333,0.8333333333333333,2,12007.0080,1645.9200,4.4640,32.400,72.00,3.1680,14.9760,360.0,9.380475,provider-billed input + output tokens,1.285875,normalized input + visible output tokens,0.01359283924528301938086185831,0.001975104000000000079004160000,private
view_b,high,1000000,medium,typical,private,-5,0.8833333333333333,0.8333333333333333,2,14527.0080,4165.9200,4.4640,32.400,72.00,3.1680,14.9760,2880.0,11.349225,provider-billed input + output tokens,3.254625,normalized input + visible output tokens,0.01644566943396226477153469562,0.004999104000000000199964160000,private
view_a,not_applicable,1000000,medium,typical,measured,0,0.8833333333333333,0.8833333333333333,2,11520.00,1158.9120,,,,,,,9.00,provider-billed input + output tokens,0.9054,normalized input + visible output tokens,0.01304150943396226464307582770,0.001311975849056603823093428266,private
view_b,low,1000000,medium,typical,measured,0,0.8833333333333333,0.8833333333333333,2,11687.0080,1325.9200,4.4640,32.400,72.00,3.1680,14.9760,40.00,9.130475,provider-billed input + output tokens,1.035875,normalized input + visible output tokens,0.01323057509433962314077641865,0.001501041509433962320794019224,private
view_b,typical,1000000,medium,typical,measured,0,0.8833333333333333,0.8833333333333333,2,12007.0080,1645.9200,4.4640,32.400,72.00,3.1680,14.9760,360.0,9.380475,provider-billed input + output tokens,1.285875,normalized input + visible output tokens,0.01359283924528301938086185831,0.001863305660377358560879458882,private
view_b,high,1000000,medium,typical,measured,0,0.8833333333333333,0.8833333333333333,2,14527.0080,4165.9200,4.4640,32.400,72.00,3.1680,14.9760,2880.0,11.349225,provider-billed input + output tokens,3.254625,normalized input + visible output tokens,0.01644566943396226477153469562,0.004716135849056603951552296191,private
view_a,not_applicable,1000000,medium,typical,managed,5,0.9333333333333333,0.8833333333333333,2,11520.00,1158.9120,,,,,,,9.00,provider-billed input + output tokens,0.9054,normalized input + visible output tokens,0.01234285714285714329795918367,0.001311975849056603823093428266,private
view_b,low,1000000,medium,typical,managed,5,0.9333333333333333,0.8833333333333333,2,11687.0080,1325.9200,4.4640,32.400,72.00,3.1680,14.9760,40.00,9.130475,provider-billed input + output tokens,1.035875,normalized input + visible output tokens,0.01252179428571428616149265306,0.001501041509433962320794019224,private
view_b,typical,1000000,medium,typical,managed,5,0.9333333333333333,0.8833333333333333,2,12007.0080,1645.9200,4.4640,32.400,72.00,3.1680,14.9760,360.0,9.380475,provider-billed input + output tokens,1.285875,normalized input + visible output tokens,0.01286465142857142903088040816,0.001863305660377358560879458882,private
view_b,high,1000000,medium,typical,managed,5,0.9333333333333333,0.8833333333333333,2,14527.0080,4165.9200,4.4640,32.400,72.00,3.1680,14.9760,2880.0,11.349225,provider-billed input + output tokens,3.254625,normalized input + visible output tokens,0.01556465142857142912730897959,0.004716135849056603951552296191,private
view_a,not_applicable,1000000,medium,typical,private,5,0.8833333333333333,0.9333333333333333,2,11520.00,1158.9120,,,,,,,9.00,provider-billed input + output tokens,0.9054,normalized input + visible output tokens,0.01304150943396226464307582770,0.001241691428571428615774693878,private
view_b,low,1000000,medium,typical,private,5,0.8833333333333333,0.9333333333333333,2,11687.0080,1325.9200,4.4640,32.400,72.00,3.1680,14.9760,40.00,9.130475,provider-billed input + output tokens,1.035875,normalized input + visible output tokens,0.01323057509433962314077641865,0.001420628571428571479308163265,private
view_b,typical,1000000,medium,typical,private,5,0.8833333333333333,0.9333333333333333,2,12007.0080,1645.9200,4.4640,32.400,72.00,3.1680,14.9760,360.0,9.380475,provider-billed input + output tokens,1.285875,normalized input + visible output tokens,0.01359283924528301938086185831,0.001763485714285714348695918367,private
view_b,high,1000000,medium,typical,private,5,0.8833333333333333,0.9333333333333333,2,14527.0080,4165.9200,4.4640,32.400,72.00,3.1680,14.9760,2880.0,11.349225,provider-billed input + output tokens,3.254625,normalized input + visible output tokens,0.01644566943396226477153469562,0.004463485714285714445124489796,private
view_a,not_applicable,1000000,medium,high,managed,-5,0.8333333333333333,0.8833333333333333,1,11520.00,579.4560,,,,,,,9.00,provider-billed input + output tokens,0.4527,normalized input + visible output tokens,0.01382400000000000055296000000,0.0006559879245283019115467141331,private
view_b,low,1000000,medium,high,managed,-5,0.8333333333333333,0.8833333333333333,1,11687.0080,746.4640,4.4640,32.400,72.00,3.1680,14.9760,40.00,9.130475,provider-billed input + output tokens,0.583175,normalized input + visible output tokens,0.01402440960000000056097638400,0.0008450535849056604092473050908,private
view_b,typical,1000000,medium,high,managed,-5,0.8333333333333333,0.8833333333333333,1,12007.0080,1066.4640,4.4640,32.400,72.00,3.1680,14.9760,360.0,9.380475,provider-billed input + output tokens,0.833175,normalized input + visible output tokens,0.01440840960000000057633638400,0.001207317735849056649332744749,private
view_b,high,1000000,medium,high,managed,-5,0.8333333333333333,0.8833333333333333,1,14527.0080,3586.4640,4.4640,32.400,72.00,3.1680,14.9760,2880.0,11.349225,provider-billed input + output tokens,2.801925,normalized input + visible output tokens,0.01743240960000000069729638400,0.004060147924528302040005582058,private
view_a,not_applicable,1000000,medium,high,private,-5,0.8833333333333333,0.8333333333333333,1,11520.00,579.4560,,,,,,,9.00,provider-billed input + output tokens,0.4527,normalized input + visible output tokens,0.01304150943396226464307582770,0.0006953472000000000278138880000,private
view_b,low,1000000,medium,high,private,-5,0.8833333333333333,0.8333333333333333,1,11687.0080,746.4640,4.4640,32.400,72.00,3.1680,14.9760,40.00,9.130475,provider-billed input + output tokens,0.583175,normalized input + visible output tokens,0.01323057509433962314077641865,0.0008957568000000000358302720000,private
view_b,typical,1000000,medium,high,private,-5,0.8833333333333333,0.8333333333333333,1,12007.0080,1066.4640,4.4640,32.400,72.00,3.1680,14.9760,360.0,9.380475,provider-billed input + output tokens,0.833175,normalized input + visible output tokens,0.01359283924528301938086185831,0.001279756800000000051190272000,private
view_b,high,1000000,medium,high,private,-5,0.8833333333333333,0.8333333333333333,1,14527.0080,3586.4640,4.4640,32.400,72.00,3.1680,14.9760,2880.0,11.349225,provider-billed input + output tokens,2.801925,normalized input + visible output tokens,0.01644566943396226477153469562,0.004303756800000000172150272000,private
view_a,not_applicable,1000000,medium,high,measured,0,0.8833333333333333,0.8833333333333333,1,11520.00,579.4560,,,,,,,9.00,provider-billed input + output tokens,0.4527,normalized input + visible output tokens,0.01304150943396226464307582770,0.0006559879245283019115467141331,private
view_b,low,1000000,medium,high,measured,0,0.8833333333333333,0.8833333333333333,1,11687.0080,746.4640,4.4640,32.400,72.00,3.1680,14.9760,40.00,9.130475,provider-billed input + output tokens,0.583175,normalized input + visible output tokens,0.01323057509433962314077641865,0.0008450535849056604092473050908,private
view_b,typical,1000000,medium,high,measured,0,0.8833333333333333,0.8833333333333333,1,12007.0080,1066.4640,4.4640,32.400,72.00,3.1680,14.9760,360.0,9.380475,provider-billed input + output tokens,0.833175,normalized input + visible output tokens,0.01359283924528301938086185831,0.001207317735849056649332744749,private
view_b,high,1000000,medium,high,measured,0,0.8833333333333333,0.8833333333333333,1,14527.0080,3586.4640,4.4640,32.400,72.00,3.1680,14.9760,2880.0,11.349225,provider-billed input + output tokens,2.801925,normalized input + visible output tokens,0.01644566943396226477153469562,0.004060147924528302040005582058,private
view_a,not_applicable,1000000,medium,high,managed,5,0.9333333333333333,0.8833333333333333,1,11520.00,579.4560,,,,,,,9.00,provider-billed input + output tokens,0.4527,normalized input + visible output tokens,0.01234285714285714329795918367,0.0006559879245283019115467141331,private
view_b,low,1000000,medium,high,managed,5,0.9333333333333333,0.8833333333333333,1,11687.0080,746.4640,4.4640,32.400,72.00,3.1680,14.9760,40.00,9.130475,provider-billed input + output tokens,0.583175,normalized input + visible output tokens,0.01252179428571428616149265306,0.0008450535849056604092473050908,private
view_b,typical,1000000,medium,high,managed,5,0.9333333333333333,0.8833333333333333,1,12007.0080,1066.4640,4.4640,32.400,72.00,3.1680,14.9760,360.0,9.380475,provider-billed input + output tokens,0.833175,normalized input + visible output tokens,0.01286465142857142903088040816,0.001207317735849056649332744749,private
view_b,high,1000000,medium,high,managed,5,0.9333333333333333,0.8833333333333333,1,14527.0080,3586.4640,4.4640,32.400,72.00,3.1680,14.9760,2880.0,11.349225,provider-billed input + output tokens,2.801925,normalized input + visible output tokens,0.01556465142857142912730897959,0.004060147924528302040005582058,private
view_a,not_applicable,1000000,medium,high,private,5,0.8833333333333333,0.9333333333333333,1,11520.00,579.4560,,,,,,,9.00,provider-billed input + output tokens,0.4527,normalized input + visible output tokens,0.01304150943396226464307582770,0.0006208457142857143078873469388,private
view_b,low,1000000,medium,high,private,5,0.8833333333333333,0.9333333333333333,1,11687.0080,746.4640,4.4640,32.400,72.00,3.1680,14.9760,40.00,9.130475,provider-billed input + output tokens,0.583175,normalized input + visible output tokens,0.01323057509433962314077641865,0.0007997828571428571714208163265,private
view_b,typical,1000000,medium,high,private,5,0.8833333333333333,0.9333333333333333,1,12007.0080,1066.4640,4.4640,32.400,72.00,3.1680,14.9760,360.0,9.380475,provider-billed input + output tokens,0.833175,normalized input + visible output tokens,0.01359283924528301938086185831,0.001142640000000000040808571429,private
view_b,high,1000000,medium,high,private,5,0.8833333333333333,0.9333333333333333,1,14527.0080,3586.4640,4.4640,32.400,72.00,3.1680,14.9760,2880.0,11.349225,provider-billed input + output tokens,2.801925,normalized input + visible output tokens,0.01644566943396226477153469562,0.003842640000000000137237142857,private
