view,operations_sensitivity,monthly_requests,token_profile,utilization_tier,quality_sensitivity_path,quality_delta_points,managed_quality_rate,private_quality_rate,replicas,managed_total_usd,private_total_usd,gateway_runtime_usd,network_nat_usd,control_plane_usd,shared_storage_usd,observability_usd,operations_engineering_allocation_usd,managed_cost_per_1m_provider_billed_tokens_usd,managed_token_definition,private_cost_per_1m_normalized_tokens_usd,private_token_definition,managed_cost_per_correct_task_usd,private_cost_per_correct_task_usd,lower_cost_path
view_a,not_applicable,10000,short,low,managed,-5,0.8933333333333334,0.9433333333333334,1,28.80,579.4560,,,,,,,9.00,provider-billed input + output tokens,181.0800,normalized input + visible output tokens,0.003223880597014925132546224103,0.06142643109540635608293773177,managed
view_b,low,10000,short,low,managed,-5,0.8933333333333334,0.9433333333333334,1,195.8080,746.4640,4.4640,32.400,72.00,3.1680,14.9760,40.00,61.1900,provider-billed input + output tokens,233.2700,normalized input + visible output tokens,0.02191880597014925209561149476,0.07913045936395759158088626403,managed
view_b,typical,10000,short,low,managed,-5,0.8933333333333334,0.9433333333333334,1,515.8080,1066.4640,4.4640,32.400,72.00,3.1680,14.9760,360.0,161.1900,provider-billed input + output tokens,333.2700,normalized input + visible output tokens,0.05773970149253730912390287369,0.1130527208480565291128819189,managed
view_b,high,10000,short,low,managed,-5,0.8933333333333334,0.9433333333333334,1,3035.8080,3586.4640,4.4640,32.400,72.00,3.1680,14.9760,2880.0,948.6900,provider-billed input + output tokens,1120.7700,normalized input + visible output tokens,0.3398292537313432582216974827,0.3801905300353356621773477007,managed
view_a,not_applicable,10000,short,low,private,-5,0.9433333333333334,0.8933333333333334,1,28.80,579.4560,,,,,,,9.00,provider-billed input + output tokens,181.0800,normalized input + visible output tokens,0.003053003533568904377879608935,0.06486447761194029366683002896,managed
view_b,low,10000,short,low,private,-5,0.9433333333333334,0.8933333333333334,1,195.8080,746.4640,4.4640,32.400,72.00,3.1680,14.9760,40.00,61.1900,provider-billed input + output tokens,233.2700,normalized input + visible output tokens,0.02075703180212013987582814119,0.08355940298507462062989529962,managed
view_b,typical,10000,short,low,private,-5,0.9433333333333334,0.8933333333333334,1,515.8080,1066.4640,4.4640,32.400,72.00,3.1680,14.9760,360.0,161.1900,provider-billed input + output tokens,333.2700,normalized input + visible output tokens,0.05467929328621907740782379603,0.1193802985074626776581866785,managed
view_b,high,10000,short,low,private,-5,0.9433333333333334,0.8933333333333334,1,3035.8080,3586.4640,4.4640,32.400,72.00,3.1680,14.9760,2880.0,948.6900,provider-billed input + output tokens,1120.7700,normalized input + visible output tokens,0.3218171024734982104722895778,0.4014698507462686267559812876,managed
view_a,not_applicable,10000,short,low,measured,0,0.9433333333333334,0.9433333333333334,1,28.80,579.4560,,,,,,,9.00,provider-billed input + output tokens,181.0800,normalized input + visible output tokens,0.003053003533568904377879608935,0.06142643109540635608293773177,managed
view_b,low,10000,short,low,measured,0,0.9433333333333334,0.9433333333333334,1,195.8080,746.4640,4.4640,32.400,72.00,3.1680,14.9760,40.00,61.1900,provider-billed input + output tokens,233.2700,normalized input + visible output tokens,0.02075703180212013987582814119,0.07913045936395759158088626403,managed
view_b,typical,10000,short,low,measured,0,0.9433333333333334,0.9433333333333334,1,515.8080,1066.4640,4.4640,32.400,72.00,3.1680,14.9760,360.0,161.1900,provider-billed input + output tokens,333.2700,normalized input + visible output tokens,0.05467929328621907740782379603,0.1130527208480565291128819189,managed
view_b,high,10000,short,low,measured,0,0.9433333333333334,0.9433333333333334,1,3035.8080,3586.4640,4.4640,32.400,72.00,3.1680,14.9760,2880.0,948.6900,provider-billed input + output tokens,1120.7700,normalized input + visible output tokens,0.3218171024734982104722895778,0.3801905300353356621773477007,managed
view_a,not_applicable,10000,short,low,managed,5,0.9933333333333334,0.9433333333333334,1,28.80,579.4560,,,,,,,9.00,provider-billed input + output tokens,181.0800,normalized input + visible output tokens,0.002899328859060402489977928922,0.06142643109540635608293773177,managed
view_b,low,10000,short,low,managed,5,0.9933333333333334,0.9433333333333334,1,195.8080,746.4640,4.4640,32.400,72.00,3.1680,14.9760,40.00,61.1900,provider-billed input + output tokens,233.2700,normalized input + visible output tokens,0.01971221476510066981797216342,0.07913045936395759158088626403,managed
view_b,typical,10000,short,low,managed,5,0.9933333333333334,0.9433333333333334,1,515.8080,1066.4640,4.4640,32.400,72.00,3.1680,14.9760,360.0,161.1900,provider-billed input + output tokens,333.2700,normalized input + visible output tokens,0.05192697986577180859550470700,0.1130527208480565291128819189,managed
view_b,high,10000,short,low,managed,5,0.9933333333333334,0.9433333333333334,1,3035.8080,3586.4640,4.4640,32.400,72.00,3.1680,14.9760,2880.0,948.6900,provider-billed input + output tokens,1120.7700,normalized input + visible output tokens,0.3056182550335570264685734877,0.3801905300353356621773477007,managed
view_a,not_applicable,10000,short,low,private,5,0.9433333333333334,0.9933333333333334,1,28.80,579.4560,,,,,,,9.00,provider-billed input + output tokens,181.0800,normalized input + visible output tokens,0.003053003533568904377879608935,0.05833449664429529809835592991,managed
view_b,low,10000,short,low,private,5,0.9433333333333334,0.9933333333333334,1,195.8080,746.4640,4.4640,32.400,72.00,3.1680,14.9760,40.00,61.1900,provider-billed input + output tokens,233.2700,normalized input + visible output tokens,0.02075703180212013987582814119,0.07514738255033556542635016441,managed
view_b,typical,10000,short,low,private,5,0.9433333333333334,0.9933333333333334,1,515.8080,1066.4640,4.4640,32.400,72.00,3.1680,14.9760,360.0,161.1900,provider-billed input + output tokens,333.2700,normalized input + visible output tokens,0.05467929328621907740782379603,0.1073621476510067042038827080,managed
view_b,high,10000,short,low,private,5,0.9433333333333334,0.9933333333333334,1,3035.8080,3586.4640,4.4640,32.400,72.00,3.1680,14.9760,2880.0,948.6900,provider-billed input + output tokens,1120.7700,normalized input + visible output tokens,0.3218171024734982104722895778,0.3610534228187919220769514887,managed
view_a,not_applicable,10000,short,typical,managed,-5,0.8933333333333334,0.9433333333333334,1,28.80,579.4560,,,,,,,9.00,provider-billed input + output tokens,181.0800,normalized input + visible output tokens,0.003223880597014925132546224103,0.06142643109540635608293773177,managed
view_b,low,10000,short,typical,managed,-5,0.8933333333333334,0.9433333333333334,1,195.8080,746.4640,4.4640,32.400,72.00,3.1680,14.9760,40.00,61.1900,provider-billed input + output tokens,233.2700,normalized input + visible output tokens,0.02191880597014925209561149476,0.07913045936395759158088626403,managed
view_b,typical,10000,short,typical,managed,-5,0.8933333333333334,0.9433333333333334,1,515.8080,1066.4640,4.4640,32.400,72.00,3.1680,14.9760,360.0,161.1900,provider-billed input + output tokens,333.2700,normalized input + visible output tokens,0.05773970149253730912390287369,0.1130527208480565291128819189,managed
view_b,high,10000,short,typical,managed,-5,0.8933333333333334,0.9433333333333334,1,3035.8080,3586.4640,4.4640,32.400,72.00,3.1680,14.9760,2880.0,948.6900,provider-billed input + output tokens,1120.7700,normalized input + visible output tokens,0.3398292537313432582216974827,0.3801905300353356621773477007,managed
view_a,not_applicable,10000,short,typical,private,-5,0.9433333333333334,0.8933333333333334,1,28.80,579.4560,,,,,,,9.00,provider-billed input + output tokens,181.0800,normalized input + visible output tokens,0.003053003533568904377879608935,0.06486447761194029366683002896,managed
view_b,low,10000,short,typical,private,-5,0.9433333333333334,0.8933333333333334,1,195.8080,746.4640,4.4640,32.400,72.00,3.1680,14.9760,40.00,61.1900,provider-billed input + output tokens,233.2700,normalized input + visible output tokens,0.02075703180212013987582814119,0.08355940298507462062989529962,managed
view_b,typical,10000,short,typical,private,-5,0.9433333333333334,0.8933333333333334,1,515.8080,1066.4640,4.4640,32.400,72.00,3.1680,14.9760,360.0,161.1900,provider-billed input + output tokens,333.2700,normalized input + visible output tokens,0.05467929328621907740782379603,0.1193802985074626776581866785,managed
view_b,high,10000,short,typical,private,-5,0.9433333333333334,0.8933333333333334,1,3035.8080,3586.4640,4.4640,32.400,72.00,3.1680,14.9760,2880.0,948.6900,provider-billed input + output tokens,1120.7700,normalized input + visible output tokens,0.3218171024734982104722895778,0.4014698507462686267559812876,managed
view_a,not_applicable,10000,short,typical,measured,0,0.9433333333333334,0.9433333333333334,1,28.80,579.4560,,,,,,,9.00,provider-billed input + output tokens,181.0800,normalized input + visible output tokens,0.003053003533568904377879608935,0.06142643109540635608293773177,managed
view_b,low,10000,short,typical,measured,0,0.9433333333333334,0.9433333333333334,1,195.8080,746.4640,4.4640,32.400,72.00,3.1680,14.9760,40.00,61.1900,provider-billed input + output tokens,233.2700,normalized input + visible output tokens,0.02075703180212013987582814119,0.07913045936395759158088626403,managed
view_b,typical,10000,short,typical,measured,0,0.9433333333333334,0.9433333333333334,1,515.8080,1066.4640,4.4640,32.400,72.00,3.1680,14.9760,360.0,161.1900,provider-billed input + output tokens,333.2700,normalized input + visible output tokens,0.05467929328621907740782379603,0.1130527208480565291128819189,managed
view_b,high,10000,short,typical,measured,0,0.9433333333333334,0.9433333333333334,1,3035.8080,3586.4640,4.4640,32.400,72.00,3.1680,14.9760,2880.0,948.6900,provider-billed input + output tokens,1120.7700,normalized input + visible output tokens,0.3218171024734982104722895778,0.3801905300353356621773477007,managed
view_a,not_applicable,10000,short,typical,managed,5,0.9933333333333334,0.9433333333333334,1,28.80,579.4560,,,,,,,9.00,provider-billed input + output tokens,181.0800,normalized input + visible output tokens,0.002899328859060402489977928922,0.06142643109540635608293773177,managed
view_b,low,10000,short,typical,managed,5,0.9933333333333334,0.9433333333333334,1,195.8080,746.4640,4.4640,32.400,72.00,3.1680,14.9760,40.00,61.1900,provider-billed input + output tokens,233.2700,normalized input + visible output tokens,0.01971221476510066981797216342,0.07913045936395759158088626403,managed
view_b,typical,10000,short,typical,managed,5,0.9933333333333334,0.9433333333333334,1,515.8080,1066.4640,4.4640,32.400,72.00,3.1680,14.9760,360.0,161.1900,provider-billed input + output tokens,333.2700,normalized input + visible output tokens,0.05192697986577180859550470700,0.1130527208480565291128819189,managed
view_b,high,10000,short,typical,managed,5,0.9933333333333334,0.9433333333333334,1,3035.8080,3586.4640,4.4640,32.400,72.00,3.1680,14.9760,2880.0,948.6900,provider-billed input + output tokens,1120.7700,normalized input + visible output tokens,0.3056182550335570264685734877,0.3801905300353356621773477007,managed
view_a,not_applicable,10000,short,typical,private,5,0.9433333333333334,0.9933333333333334,1,28.80,579.4560,,,,,,,9.00,provider-billed input + output tokens,181.0800,normalized input + visible output tokens,0.003053003533568904377879608935,0.05833449664429529809835592991,managed
view_b,low,10000,short,typical,private,5,0.9433333333333334,0.9933333333333334,1,195.8080,746.4640,4.4640,32.400,72.00,3.1680,14.9760,40.00,61.1900,provider-billed input + output tokens,233.2700,normalized input + visible output tokens,0.02075703180212013987582814119,0.07514738255033556542635016441,managed
view_b,typical,10000,short,typical,private,5,0.9433333333333334,0.9933333333333334,1,515.8080,1066.4640,4.4640,32.400,72.00,3.1680,14.9760,360.0,161.1900,provider-billed input + output tokens,333.2700,normalized input + visible output tokens,0.05467929328621907740782379603,0.1073621476510067042038827080,managed
view_b,high,10000,short,typical,private,5,0.9433333333333334,0.9933333333333334,1,3035.8080,3586.4640,4.4640,32.400,72.00,3.1680,14.9760,2880.0,948.6900,provider-billed input + output tokens,1120.7700,normalized input + visible output tokens,0.3218171024734982104722895778,0.3610534228187919220769514887,managed
view_a,not_applicable,10000,short,high,managed,-5,0.8933333333333334,0.9433333333333334,1,28.80,579.4560,,,,,,,9.00,provider-billed input + output tokens,181.0800,normalized input + visible output tokens,0.003223880597014925132546224103,0.06142643109540635608293773177,managed
view_b,low,10000,short,high,managed,-5,0.8933333333333334,0.9433333333333334,1,195.8080,746.4640,4.4640,32.400,72.00,3.1680,14.9760,40.00,61.1900,provider-billed input + output tokens,233.2700,normalized input + visible output tokens,0.02191880597014925209561149476,0.07913045936395759158088626403,managed
view_b,typical,10000,short,high,managed,-5,0.8933333333333334,0.9433333333333334,1,515.8080,1066.4640,4.4640,32.400,72.00,3.1680,14.9760,360.0,161.1900,provider-billed input + output tokens,333.2700,normalized input + visible output tokens,0.05773970149253730912390287369,0.1130527208480565291128819189,managed
view_b,high,10000,short,high,managed,-5,0.8933333333333334,0.9433333333333334,1,3035.8080,3586.4640,4.4640,32.400,72.00,3.1680,14.9760,2880.0,948.6900,provider-billed input + output tokens,1120.7700,normalized input + visible output tokens,0.3398292537313432582216974827,0.3801905300353356621773477007,managed
view_a,not_applicable,10000,short,high,private,-5,0.9433333333333334,0.8933333333333334,1,28.80,579.4560,,,,,,,9.00,provider-billed input + output tokens,181.0800,normalized input + visible output tokens,0.003053003533568904377879608935,0.06486447761194029366683002896,managed
view_b,low,10000,short,high,private,-5,0.9433333333333334,0.8933333333333334,1,195.8080,746.4640,4.4640,32.400,72.00,3.1680,14.9760,40.00,61.1900,provider-billed input + output tokens,233.2700,normalized input + visible output tokens,0.02075703180212013987582814119,0.08355940298507462062989529962,managed
view_b,typical,10000,short,high,private,-5,0.9433333333333334,0.8933333333333334,1,515.8080,1066.4640,4.4640,32.400,72.00,3.1680,14.9760,360.0,161.1900,provider-billed input + output tokens,333.2700,normalized input + visible output tokens,0.05467929328621907740782379603,0.1193802985074626776581866785,managed
view_b,high,10000,short,high,private,-5,0.9433333333333334,0.8933333333333334,1,3035.8080,3586.4640,4.4640,32.400,72.00,3.1680,14.9760,2880.0,948.6900,provider-billed input + output tokens,1120.7700,normalized input + visible output tokens,0.3218171024734982104722895778,0.4014698507462686267559812876,managed
view_a,not_applicable,10000,short,high,measured,0,0.9433333333333334,0.9433333333333334,1,28.80,579.4560,,,,,,,9.00,provider-billed input + output tokens,181.0800,normalized input + visible output tokens,0.003053003533568904377879608935,0.06142643109540635608293773177,managed
view_b,low,10000,short,high,measured,0,0.9433333333333334,0.9433333333333334,1,195.8080,746.4640,4.4640,32.400,72.00,3.1680,14.9760,40.00,61.1900,provider-billed input + output tokens,233.2700,normalized input + visible output tokens,0.02075703180212013987582814119,0.07913045936395759158088626403,managed
view_b,typical,10000,short,high,measured,0,0.9433333333333334,0.9433333333333334,1,515.8080,1066.4640,4.4640,32.400,72.00,3.1680,14.9760,360.0,161.1900,provider-billed input + output tokens,333.2700,normalized input + visible output tokens,0.05467929328621907740782379603,0.1130527208480565291128819189,managed
view_b,high,10000,short,high,measured,0,0.9433333333333334,0.9433333333333334,1,3035.8080,3586.4640,4.4640,32.400,72.00,3.1680,14.9760,2880.0,948.6900,provider-billed input + output tokens,1120.7700,normalized input + visible output tokens,0.3218171024734982104722895778,0.3801905300353356621773477007,managed
view_a,not_applicable,10000,short,high,managed,5,0.9933333333333334,0.9433333333333334,1,28.80,579.4560,,,,,,,9.00,provider-billed input + output tokens,181.0800,normalized input + visible output tokens,0.002899328859060402489977928922,0.06142643109540635608293773177,managed
view_b,low,10000,short,high,managed,5,0.9933333333333334,0.9433333333333334,1,195.8080,746.4640,4.4640,32.400,72.00,3.1680,14.9760,40.00,61.1900,provider-billed input + output tokens,233.2700,normalized input + visible output tokens,0.01971221476510066981797216342,0.07913045936395759158088626403,managed
view_b,typical,10000,short,high,managed,5,0.9933333333333334,0.9433333333333334,1,515.8080,1066.4640,4.4640,32.400,72.00,3.1680,14.9760,360.0,161.1900,provider-billed input + output tokens,333.2700,normalized input + visible output tokens,0.05192697986577180859550470700,0.1130527208480565291128819189,managed
view_b,high,10000,short,high,managed,5,0.9933333333333334,0.9433333333333334,1,3035.8080,3586.4640,4.4640,32.400,72.00,3.1680,14.9760,2880.0,948.6900,provider-billed input + output tokens,1120.7700,normalized input + visible output tokens,0.3056182550335570264685734877,0.3801905300353356621773477007,managed
view_a,not_applicable,10000,short,high,private,5,0.9433333333333334,0.9933333333333334,1,28.80,579.4560,,,,,,,9.00,provider-billed input + output tokens,181.0800,normalized input + visible output tokens,0.003053003533568904377879608935,0.05833449664429529809835592991,managed
view_b,low,10000,short,high,private,5,0.9433333333333334,0.9933333333333334,1,195.8080,746.4640,4.4640,32.400,72.00,3.1680,14.9760,40.00,61.1900,provider-billed input + output tokens,233.2700,normalized input + visible output tokens,0.02075703180212013987582814119,0.07514738255033556542635016441,managed
view_b,typical,10000,short,high,private,5,0.9433333333333334,0.9933333333333334,1,515.8080,1066.4640,4.4640,32.400,72.00,3.1680,14.9760,360.0,161.1900,provider-billed input + output tokens,333.2700,normalized input + visible output tokens,0.05467929328621907740782379603,0.1073621476510067042038827080,managed
view_b,high,10000,short,high,private,5,0.9433333333333334,0.9933333333333334,1,3035.8080,3586.4640,4.4640,32.400,72.00,3.1680,14.9760,2880.0,948.6900,provider-billed input + output tokens,1120.7700,normalized input + visible output tokens,0.3218171024734982104722895778,0.3610534228187919220769514887,managed
view_a,not_applicable,10000,medium,low,managed,-5,0.8933333333333334,0.9433333333333334,1,115.20,579.4560,,,,,,,9.00,provider-billed input + output tokens,45.2700,normalized input + visible output tokens,0.01289552238805970053018489641,0.06142643109540635608293773177,managed
view_b,low,10000,medium,low,managed,-5,0.8933333333333334,0.9433333333333334,1,282.2080,746.4640,4.4640,32.400,72.00,3.1680,14.9760,40.00,22.0475,provider-billed input + output tokens,58.3175,normalized input + visible output tokens,0.03159044776119402749325016708,0.07913045936395759158088626403,managed
view_b,typical,10000,medium,low,managed,-5,0.8933333333333334,0.9433333333333334,1,602.2080,1066.4640,4.4640,32.400,72.00,3.1680,14.9760,360.0,47.0475,provider-billed input + output tokens,83.3175,normalized input + visible output tokens,0.06741134328358208452154154600,0.1130527208480565291128819189,managed
view_b,high,10000,medium,low,managed,-5,0.8933333333333334,0.9433333333333334,1,3122.2080,3586.4640,4.4640,32.400,72.00,3.1680,14.9760,2880.0,243.9225,provider-billed input + output tokens,280.1925,normalized input + visible output tokens,0.3495008955223880336193361550,0.3801905300353356621773477007,managed
view_a,not_applicable,10000,medium,low,private,-5,0.9433333333333334,0.8933333333333334,1,115.20,579.4560,,,,,,,9.00,provider-billed input + output tokens,45.2700,normalized input + visible output tokens,0.01221201413427561751151843574,0.06486447761194029366683002896,managed
view_b,low,10000,medium,low,private,-5,0.9433333333333334,0.8933333333333334,1,282.2080,746.4640,4.4640,32.400,72.00,3.1680,14.9760,40.00,22.0475,provider-billed input + output tokens,58.3175,normalized input + visible output tokens,0.02991604240282685300946696800,0.08355940298507462062989529962,managed
view_b,typical,10000,medium,low,private,-5,0.9433333333333334,0.8933333333333334,1,602.2080,1066.4640,4.4640,32.400,72.00,3.1680,14.9760,360.0,47.0475,provider-billed input + output tokens,83.3175,normalized input + visible output tokens,0.06383830388692579054146262283,0.1193802985074626776581866785,managed
view_b,high,10000,medium,low,private,-5,0.9433333333333334,0.8933333333333334,1,3122.2080,3586.4640,4.4640,32.400,72.00,3.1680,14.9760,2880.0,243.9225,provider-billed input + output tokens,280.1925,normalized input + visible output tokens,0.3309761130742049236059284046,0.4014698507462686267559812876,managed
view_a,not_applicable,10000,medium,low,measured,0,0.9433333333333334,0.9433333333333334,1,115.20,579.4560,,,,,,,9.00,provider-billed input + output tokens,45.2700,normalized input + visible output tokens,0.01221201413427561751151843574,0.06142643109540635608293773177,managed
view_b,low,10000,medium,low,measured,0,0.9433333333333334,0.9433333333333334,1,282.2080,746.4640,4.4640,32.400,72.00,3.1680,14.9760,40.00,22.0475,provider-billed input + output tokens,58.3175,normalized input + visible output tokens,0.02991604240282685300946696800,0.07913045936395759158088626403,managed
view_b,typical,10000,medium,low,measured,0,0.9433333333333334,0.9433333333333334,1,602.2080,1066.4640,4.4640,32.400,72.00,3.1680,14.9760,360.0,47.0475,provider-billed input + output tokens,83.3175,normalized input + visible output tokens,0.06383830388692579054146262283,0.1130527208480565291128819189,managed
view_b,high,10000,medium,low,measured,0,0.9433333333333334,0.9433333333333334,1,3122.2080,3586.4640,4.4640,32.400,72.00,3.1680,14.9760,2880.0,243.9225,provider-billed input + output tokens,280.1925,normalized input + visible output tokens,0.3309761130742049236059284046,0.3801905300353356621773477007,managed
view_a,not_applicable,10000,medium,low,managed,5,0.9933333333333334,0.9433333333333334,1,115.20,579.4560,,,,,,,9.00,provider-billed input + output tokens,45.2700,normalized input + visible output tokens,0.01159731543624160995991171569,0.06142643109540635608293773177,managed
view_b,low,10000,medium,low,managed,5,0.9933333333333334,0.9433333333333334,1,282.2080,746.4640,4.4640,32.400,72.00,3.1680,14.9760,40.00,22.0475,provider-billed input + output tokens,58.3175,normalized input + visible output tokens,0.02841020134228187728790595018,0.07913045936395759158088626403,managed
view_b,typical,10000,medium,low,managed,5,0.9933333333333334,0.9433333333333334,1,602.2080,1066.4640,4.4640,32.400,72.00,3.1680,14.9760,360.0,47.0475,provider-billed input + output tokens,83.3175,normalized input + visible output tokens,0.06062496644295301606543849376,0.1130527208480565291128819189,managed
view_b,high,10000,medium,low,managed,5,0.9933333333333334,0.9433333333333334,1,3122.2080,3586.4640,4.4640,32.400,72.00,3.1680,14.9760,2880.0,243.9225,provider-billed input + output tokens,280.1925,normalized input + visible output tokens,0.3143162416107382339385072744,0.3801905300353356621773477007,managed
view_a,not_applicable,10000,medium,low,private,5,0.9433333333333334,0.9933333333333334,1,115.20,579.4560,,,,,,,9.00,provider-billed input + output tokens,45.2700,normalized input + visible output tokens,0.01221201413427561751151843574,0.05833449664429529809835592991,managed
view_b,low,10000,medium,low,private,5,0.9433333333333334,0.9933333333333334,1,282.2080,746.4640,4.4640,32.400,72.00,3.1680,14.9760,40.00,22.0475,provider-billed input + output tokens,58.3175,normalized input + visible output tokens,0.02991604240282685300946696800,0.07514738255033556542635016441,managed
view_b,typical,10000,medium,low,private,5,0.9433333333333334,0.9933333333333334,1,602.2080,1066.4640,4.4640,32.400,72.00,3.1680,14.9760,360.0,47.0475,provider-billed input + output tokens,83.3175,normalized input + visible output tokens,0.06383830388692579054146262283,0.1073621476510067042038827080,managed
view_b,high,10000,medium,low,private,5,0.9433333333333334,0.9933333333333334,1,3122.2080,3586.4640,4.4640,32.400,72.00,3.1680,14.9760,2880.0,243.9225,provider-billed input + output tokens,280.1925,normalized input + visible output tokens,0.3309761130742049236059284046,0.3610534228187919220769514887,managed
view_a,not_applicable,10000,medium,typical,managed,-5,0.8933333333333334,0.9433333333333334,1,115.20,579.4560,,,,,,,9.00,provider-billed input + output tokens,45.2700,normalized input + visible output tokens,0.01289552238805970053018489641,0.06142643109540635608293773177,managed
view_b,low,10000,medium,typical,managed,-5,0.8933333333333334,0.9433333333333334,1,282.2080,746.4640,4.4640,32.400,72.00,3.1680,14.9760,40.00,22.0475,provider-billed input + output tokens,58.3175,normalized input + visible output tokens,0.03159044776119402749325016708,0.07913045936395759158088626403,managed
view_b,typical,10000,medium,typical,managed,-5,0.8933333333333334,0.9433333333333334,1,602.2080,1066.4640,4.4640,32.400,72.00,3.1680,14.9760,360.0,47.0475,provider-billed input + output tokens,83.3175,normalized input + visible output tokens,0.06741134328358208452154154600,0.1130527208480565291128819189,managed
view_b,high,10000,medium,typical,managed,-5,0.8933333333333334,0.9433333333333334,1,3122.2080,3586.4640,4.4640,32.400,72.00,3.1680,14.9760,2880.0,243.9225,provider-billed input + output tokens,280.1925,normalized input + visible output tokens,0.3495008955223880336193361550,0.3801905300353356621773477007,managed
view_a,not_applicable,10000,medium,typical,private,-5,0.9433333333333334,0.8933333333333334,1,115.20,579.4560,,,,,,,9.00,provider-billed input + output tokens,45.2700,normalized input + visible output tokens,0.01221201413427561751151843574,0.06486447761194029366683002896,managed
view_b,low,10000,medium,typical,private,-5,0.9433333333333334,0.8933333333333334,1,282.2080,746.4640,4.4640,32.400,72.00,3.1680,14.9760,40.00,22.0475,provider-billed input + output tokens,58.3175,normalized input + visible output tokens,0.02991604240282685300946696800,0.08355940298507462062989529962,managed
view_b,typical,10000,medium,typical,private,-5,0.9433333333333334,0.8933333333333334,1,602.2080,1066.4640,4.4640,32.400,72.00,3.1680,14.9760,360.0,47.0475,provider-billed input + output tokens,83.3175,normalized input + visible output tokens,0.06383830388692579054146262283,0.1193802985074626776581866785,managed
view_b,high,10000,medium,typical,private,-5,0.9433333333333334,0.8933333333333334,1,3122.2080,3586.4640,4.4640,32.400,72.00,3.1680,14.9760,2880.0,243.9225,provider-billed input + output tokens,280.1925,normalized input + visible output tokens,0.3309761130742049236059284046,0.4014698507462686267559812876,managed
view_a,not_applicable,10000,medium,typical,measured,0,0.9433333333333334,0.9433333333333334,1,115.20,579.4560,,,,,,,9.00,provider-billed input + output tokens,45.2700,normalized input + visible output tokens,0.01221201413427561751151843574,0.06142643109540635608293773177,managed
view_b,low,10000,medium,typical,measured,0,0.9433333333333334,0.9433333333333334,1,282.2080,746.4640,4.4640,32.400,72.00,3.1680,14.9760,40.00,22.0475,provider-billed input + output tokens,58.3175,normalized input + visible output tokens,0.02991604240282685300946696800,0.07913045936395759158088626403,managed
view_b,typical,10000,medium,typical,measured,0,0.9433333333333334,0.9433333333333334,1,602.2080,1066.4640,4.4640,32.400,72.00,3.1680,14.9760,360.0,47.0475,provider-billed input + output tokens,83.3175,normalized input + visible output tokens,0.06383830388692579054146262283,0.1130527208480565291128819189,managed
view_b,high,10000,medium,typical,measured,0,0.9433333333333334,0.9433333333333334,1,3122.2080,3586.4640,4.4640,32.400,72.00,3.1680,14.9760,2880.0,243.9225,provider-billed input + output tokens,280.1925,normalized input + visible output tokens,0.3309761130742049236059284046,0.3801905300353356621773477007,managed
view_a,not_applicable,10000,medium,typical,managed,5,0.9933333333333334,0.9433333333333334,1,115.20,579.4560,,,,,,,9.00,provider-billed input + output tokens,45.2700,normalized input + visible output tokens,0.01159731543624160995991171569,0.06142643109540635608293773177,managed
view_b,low,10000,medium,typical,managed,5,0.9933333333333334,0.9433333333333334,1,282.2080,746.4640,4.4640,32.400,72.00,3.1680,14.9760,40.00,22.0475,provider-billed input + output tokens,58.3175,normalized input + visible output tokens,0.02841020134228187728790595018,0.07913045936395759158088626403,managed
view_b,typical,10000,medium,typical,managed,5,0.9933333333333334,0.9433333333333334,1,602.2080,1066.4640,4.4640,32.400,72.00,3.1680,14.9760,360.0,47.0475,provider-billed input + output tokens,83.3175,normalized input + visible output tokens,0.06062496644295301606543849376,0.1130527208480565291128819189,managed
view_b,high,10000,medium,typical,managed,5,0.9933333333333334,0.9433333333333334,1,3122.2080,3586.4640,4.4640,32.400,72.00,3.1680,14.9760,2880.0,243.9225,provider-billed input + output tokens,280.1925,normalized input + visible output tokens,0.3143162416107382339385072744,0.3801905300353356621773477007,managed
view_a,not_applicable,10000,medium,typical,private,5,0.9433333333333334,0.9933333333333334,1,115.20,579.4560,,,,,,,9.00,provider-billed input + output tokens,45.2700,normalized input + visible output tokens,0.01221201413427561751151843574,0.05833449664429529809835592991,managed
view_b,low,10000,medium,typical,private,5,0.9433333333333334,0.9933333333333334,1,282.2080,746.4640,4.4640,32.400,72.00,3.1680,14.9760,40.00,22.0475,provider-billed input + output tokens,58.3175,normalized input + visible output tokens,0.02991604240282685300946696800,0.07514738255033556542635016441,managed
view_b,typical,10000,medium,typical,private,5,0.9433333333333334,0.9933333333333334,1,602.2080,1066.4640,4.4640,32.400,72.00,3.1680,14.9760,360.0,47.0475,provider-billed input + output tokens,83.3175,normalized input + visible output tokens,0.06383830388692579054146262283,0.1073621476510067042038827080,managed
view_b,high,10000,medium,typical,private,5,0.9433333333333334,0.9933333333333334,1,3122.2080,3586.4640,4.4640,32.400,72.00,3.1680,14.9760,2880.0,243.9225,provider-billed input + output tokens,280.1925,normalized input + visible output tokens,0.3309761130742049236059284046,0.3610534228187919220769514887,managed
view_a,not_applicable,10000,medium,high,managed,-5,0.8933333333333334,0.9433333333333334,1,115.20,579.4560,,,,,,,9.00,provider-billed input + output tokens,45.2700,normalized input + visible output tokens,0.01289552238805970053018489641,0.06142643109540635608293773177,managed
view_b,low,10000,medium,high,managed,-5,0.8933333333333334,0.9433333333333334,1,282.2080,746.4640,4.4640,32.400,72.00,3.1680,14.9760,40.00,22.0475,provider-billed input + output tokens,58.3175,normalized input + visible output tokens,0.03159044776119402749325016708,0.07913045936395759158088626403,managed
view_b,typical,10000,medium,high,managed,-5,0.8933333333333334,0.9433333333333334,1,602.2080,1066.4640,4.4640,32.400,72.00,3.1680,14.9760,360.0,47.0475,provider-billed input + output tokens,83.3175,normalized input + visible output tokens,0.06741134328358208452154154600,0.1130527208480565291128819189,managed
view_b,high,10000,medium,high,managed,-5,0.8933333333333334,0.9433333333333334,1,3122.2080,3586.4640,4.4640,32.400,72.00,3.1680,14.9760,2880.0,243.9225,provider-billed input + output tokens,280.1925,normalized input + visible output tokens,0.3495008955223880336193361550,0.3801905300353356621773477007,managed
view_a,not_applicable,10000,medium,high,private,-5,0.9433333333333334,0.8933333333333334,1,115.20,579.4560,,,,,,,9.00,provider-billed input + output tokens,45.2700,normalized input + visible output tokens,0.01221201413427561751151843574,0.06486447761194029366683002896,managed
view_b,low,10000,medium,high,private,-5,0.9433333333333334,0.8933333333333334,1,282.2080,746.4640,4.4640,32.400,72.00,3.1680,14.9760,40.00,22.0475,provider-billed input + output tokens,58.3175,normalized input + visible output tokens,0.02991604240282685300946696800,0.08355940298507462062989529962,managed
view_b,typical,10000,medium,high,private,-5,0.9433333333333334,0.8933333333333334,1,602.2080,1066.4640,4.4640,32.400,72.00,3.1680,14.9760,360.0,47.0475,provider-billed input + output tokens,83.3175,normalized input + visible output tokens,0.06383830388692579054146262283,0.1193802985074626776581866785,managed
view_b,high,10000,medium,high,private,-5,0.9433333333333334,0.8933333333333334,1,3122.2080,3586.4640,4.4640,32.400,72.00,3.1680,14.9760,2880.0,243.9225,provider-billed input + output tokens,280.1925,normalized input + visible output tokens,0.3309761130742049236059284046,0.4014698507462686267559812876,managed
view_a,not_applicable,10000,medium,high,measured,0,0.9433333333333334,0.9433333333333334,1,115.20,579.4560,,,,,,,9.00,provider-billed input + output tokens,45.2700,normalized input + visible output tokens,0.01221201413427561751151843574,0.06142643109540635608293773177,managed
view_b,low,10000,medium,high,measured,0,0.9433333333333334,0.9433333333333334,1,282.2080,746.4640,4.4640,32.400,72.00,3.1680,14.9760,40.00,22.0475,provider-billed input + output tokens,58.3175,normalized input + visible output tokens,0.02991604240282685300946696800,0.07913045936395759158088626403,managed
view_b,typical,10000,medium,high,measured,0,0.9433333333333334,0.9433333333333334,1,602.2080,1066.4640,4.4640,32.400,72.00,3.1680,14.9760,360.0,47.0475,provider-billed input + output tokens,83.3175,normalized input + visible output tokens,0.06383830388692579054146262283,0.1130527208480565291128819189,managed
view_b,high,10000,medium,high,measured,0,0.9433333333333334,0.9433333333333334,1,3122.2080,3586.4640,4.4640,32.400,72.00,3.1680,14.9760,2880.0,243.9225,provider-billed input + output tokens,280.1925,normalized input + visible output tokens,0.3309761130742049236059284046,0.3801905300353356621773477007,managed
view_a,not_applicable,10000,medium,high,managed,5,0.9933333333333334,0.9433333333333334,1,115.20,579.4560,,,,,,,9.00,provider-billed input + output tokens,45.2700,normalized input + visible output tokens,0.01159731543624160995991171569,0.06142643109540635608293773177,managed
view_b,low,10000,medium,high,managed,5,0.9933333333333334,0.9433333333333334,1,282.2080,746.4640,4.4640,32.400,72.00,3.1680,14.9760,40.00,22.0475,provider-billed input + output tokens,58.3175,normalized input + visible output tokens,0.02841020134228187728790595018,0.07913045936395759158088626403,managed
view_b,typical,10000,medium,high,managed,5,0.9933333333333334,0.9433333333333334,1,602.2080,1066.4640,4.4640,32.400,72.00,3.1680,14.9760,360.0,47.0475,provider-billed input + output tokens,83.3175,normalized input + visible output tokens,0.06062496644295301606543849376,0.1130527208480565291128819189,managed
view_b,high,10000,medium,high,managed,5,0.9933333333333334,0.9433333333333334,1,3122.2080,3586.4640,4.4640,32.400,72.00,3.1680,14.9760,2880.0,243.9225,provider-billed input + output tokens,280.1925,normalized input + visible output tokens,0.3143162416107382339385072744,0.3801905300353356621773477007,managed
view_a,not_applicable,10000,medium,high,private,5,0.9433333333333334,0.9933333333333334,1,115.20,579.4560,,,,,,,9.00,provider-billed input + output tokens,45.2700,normalized input + visible output tokens,0.01221201413427561751151843574,0.05833449664429529809835592991,managed
view_b,low,10000,medium,high,private,5,0.9433333333333334,0.9933333333333334,1,282.2080,746.4640,4.4640,32.400,72.00,3.1680,14.9760,40.00,22.0475,provider-billed input + output tokens,58.3175,normalized input + visible output tokens,0.02991604240282685300946696800,0.07514738255033556542635016441,managed
view_b,typical,10000,medium,high,private,5,0.9433333333333334,0.9933333333333334,1,602.2080,1066.4640,4.4640,32.400,72.00,3.1680,14.9760,360.0,47.0475,provider-billed input + output tokens,83.3175,normalized input + visible output tokens,0.06383830388692579054146262283,0.1073621476510067042038827080,managed
view_b,high,10000,medium,high,private,5,0.9433333333333334,0.9933333333333334,1,3122.2080,3586.4640,4.4640,32.400,72.00,3.1680,14.9760,2880.0,243.9225,provider-billed input + output tokens,280.1925,normalized input + visible output tokens,0.3309761130742049236059284046,0.3610534228187919220769514887,managed
view_a,not_applicable,50000,short,low,managed,-5,0.8933333333333334,0.9433333333333334,1,144.00,579.4560,,,,,,,9.00,provider-billed input + output tokens,36.2160,normalized input + visible output tokens,0.003223880597014925132546224103,0.01228528621908127121658754635,managed
view_b,low,50000,short,low,managed,-5,0.8933333333333334,0.9433333333333334,1,311.0080,746.4640,4.4640,32.400,72.00,3.1680,14.9760,40.00,19.4380,provider-billed input + output tokens,46.6540,normalized input + visible output tokens,0.006962865671641790525159278236,0.01582609187279151831617725281,managed
view_b,typical,50000,short,low,managed,-5,0.8933333333333334,0.9433333333333334,1,631.0080,1066.4640,4.4640,32.400,72.00,3.1680,14.9760,360.0,39.4380,provider-billed input + output tokens,66.6540,normalized input + visible output tokens,0.01412704477611940193081755402,0.02261054416961130582257638377,managed
view_b,high,50000,short,low,managed,-5,0.8933333333333334,0.9433333333333334,1,3151.0080,3586.4640,4.4640,32.400,72.00,3.1680,14.9760,2880.0,196.9380,provider-billed input + output tokens,224.1540,normalized input + visible output tokens,0.07054495522388059175037647583,0.07603810600706713243546954014,managed
view_a,not_applicable,50000,short,low,private,-5,0.9433333333333334,0.8933333333333334,1,144.00,579.4560,,,,,,,9.00,provider-billed input + output tokens,36.2160,normalized input + visible output tokens,0.003053003533568904377879608935,0.01297289552238805873336600579,managed
view_b,low,50000,short,low,private,-5,0.9433333333333334,0.8933333333333334,1,311.0080,746.4640,4.4640,32.400,72.00,3.1680,14.9760,40.00,19.4380,provider-billed input + output tokens,46.6540,normalized input + visible output tokens,0.006593809187279151477469315387,0.01671188059701492412597905992,managed
view_b,typical,50000,short,low,private,-5,0.9433333333333334,0.8933333333333334,1,631.0080,1066.4640,4.4640,32.400,72.00,3.1680,14.9760,360.0,39.4380,provider-billed input + output tokens,66.6540,normalized input + visible output tokens,0.01337826148409893898386844635,0.02387605970149253553163733571,managed
view_b,high,50000,short,low,private,-5,0.9433333333333334,0.8933333333333334,1,3151.0080,3586.4640,4.4640,32.400,72.00,3.1680,14.9760,2880.0,196.9380,provider-billed input + output tokens,224.1540,normalized input + visible output tokens,0.06680582332155476559676160272,0.08029397014925372535119625752,managed
view_a,not_applicable,50000,short,low,measured,0,0.9433333333333334,0.9433333333333334,1,144.00,579.4560,,,,,,,9.00,provider-billed input + output tokens,36.2160,normalized input + visible output tokens,0.003053003533568904377879608935,0.01228528621908127121658754635,managed
view_b,low,50000,short,low,measured,0,0.9433333333333334,0.9433333333333334,1,311.0080,746.4640,4.4640,32.400,72.00,3.1680,14.9760,40.00,19.4380,provider-billed input + output tokens,46.6540,normalized input + visible output tokens,0.006593809187279151477469315387,0.01582609187279151831617725281,managed
view_b,typical,50000,short,low,measured,0,0.9433333333333334,0.9433333333333334,1,631.0080,1066.4640,4.4640,32.400,72.00,3.1680,14.9760,360.0,39.4380,provider-billed input + output tokens,66.6540,normalized input + visible output tokens,0.01337826148409893898386844635,0.02261054416961130582257638377,managed
view_b,high,50000,short,low,measured,0,0.9433333333333334,0.9433333333333334,1,3151.0080,3586.4640,4.4640,32.400,72.00,3.1680,14.9760,2880.0,196.9380,provider-billed input + output tokens,224.1540,normalized input + visible output tokens,0.06680582332155476559676160272,0.07603810600706713243546954014,managed
view_a,not_applicable,50000,short,low,managed,5,0.9933333333333334,0.9433333333333334,1,144.00,579.4560,,,,,,,9.00,provider-billed input + output tokens,36.2160,normalized input + visible output tokens,0.002899328859060402489977928922,0.01228528621908127121658754635,managed
view_b,low,50000,short,low,managed,5,0.9933333333333334,0.9433333333333334,1,311.0080,746.4640,4.4640,32.400,72.00,3.1680,14.9760,40.00,19.4380,provider-billed input + output tokens,46.6540,normalized input + visible output tokens,0.006261906040268455955576775821,0.01582609187279151831617725281,managed
view_b,typical,50000,short,low,managed,5,0.9933333333333334,0.9433333333333334,1,631.0080,1066.4640,4.4640,32.400,72.00,3.1680,14.9760,360.0,39.4380,provider-billed input + output tokens,66.6540,normalized input + visible output tokens,0.01270485906040268371108328454,0.02261054416961130582257638377,managed
view_b,high,50000,short,low,managed,5,0.9933333333333334,0.9433333333333334,1,3151.0080,3586.4640,4.4640,32.400,72.00,3.1680,14.9760,2880.0,196.9380,provider-billed input + output tokens,224.1540,normalized input + visible output tokens,0.06344311409395972728569704067,0.07603810600706713243546954014,managed
view_a,not_applicable,50000,short,low,private,5,0.9433333333333334,0.9933333333333334,1,144.00,579.4560,,,,,,,9.00,provider-billed input + output tokens,36.2160,normalized input + visible output tokens,0.003053003533568904377879608935,0.01166689932885905961967118598,managed
view_b,low,50000,short,low,private,5,0.9433333333333334,0.9933333333333334,1,311.0080,746.4640,4.4640,32.400,72.00,3.1680,14.9760,40.00,19.4380,provider-billed input + output tokens,46.6540,normalized input + visible output tokens,0.006593809187279151477469315387,0.01502947651006711308527003288,managed
view_b,typical,50000,short,low,private,5,0.9433333333333334,0.9933333333333334,1,631.0080,1066.4640,4.4640,32.400,72.00,3.1680,14.9760,360.0,39.4380,provider-billed input + output tokens,66.6540,normalized input + visible output tokens,0.01337826148409893898386844635,0.02147242953020134084077654160,managed
view_b,high,50000,short,low,private,5,0.9433333333333334,0.9933333333333334,1,3151.0080,3586.4640,4.4640,32.400,72.00,3.1680,14.9760,2880.0,196.9380,provider-billed input + output tokens,224.1540,normalized input + visible output tokens,0.06680582332155476559676160272,0.07221068456375838441539029773,managed
view_a,not_applicable,50000,short,typical,managed,-5,0.8933333333333334,0.9433333333333334,1,144.00,579.4560,,,,,,,9.00,provider-billed input + output tokens,36.2160,normalized input + visible output tokens,0.003223880597014925132546224103,0.01228528621908127121658754635,managed
view_b,low,50000,short,typical,managed,-5,0.8933333333333334,0.9433333333333334,1,311.0080,746.4640,4.4640,32.400,72.00,3.1680,14.9760,40.00,19.4380,provider-billed input + output tokens,46.6540,normalized input + visible output tokens,0.006962865671641790525159278236,0.01582609187279151831617725281,managed
view_b,typical,50000,short,typical,managed,-5,0.8933333333333334,0.9433333333333334,1,631.0080,1066.4640,4.4640,32.400,72.00,3.1680,14.9760,360.0,39.4380,provider-billed input + output tokens,66.6540,normalized input + visible output tokens,0.01412704477611940193081755402,0.02261054416961130582257638377,managed
view_b,high,50000,short,typical,managed,-5,0.8933333333333334,0.9433333333333334,1,3151.0080,3586.4640,4.4640,32.400,72.00,3.1680,14.9760,2880.0,196.9380,provider-billed input + output tokens,224.1540,normalized input + visible output tokens,0.07054495522388059175037647583,0.07603810600706713243546954014,managed
view_a,not_applicable,50000,short,typical,private,-5,0.9433333333333334,0.8933333333333334,1,144.00,579.4560,,,,,,,9.00,provider-billed input + output tokens,36.2160,normalized input + visible output tokens,0.003053003533568904377879608935,0.01297289552238805873336600579,managed
view_b,low,50000,short,typical,private,-5,0.9433333333333334,0.8933333333333334,1,311.0080,746.4640,4.4640,32.400,72.00,3.1680,14.9760,40.00,19.4380,provider-billed input + output tokens,46.6540,normalized input + visible output tokens,0.006593809187279151477469315387,0.01671188059701492412597905992,managed
view_b,typical,50000,short,typical,private,-5,0.9433333333333334,0.8933333333333334,1,631.0080,1066.4640,4.4640,32.400,72.00,3.1680,14.9760,360.0,39.4380,provider-billed input + output tokens,66.6540,normalized input + visible output tokens,0.01337826148409893898386844635,0.02387605970149253553163733571,managed
view_b,high,50000,short,typical,private,-5,0.9433333333333334,0.8933333333333334,1,3151.0080,3586.4640,4.4640,32.400,72.00,3.1680,14.9760,2880.0,196.9380,provider-billed input + output tokens,224.1540,normalized input + visible output tokens,0.06680582332155476559676160272,0.08029397014925372535119625752,managed
view_a,not_applicable,50000,short,typical,measured,0,0.9433333333333334,0.9433333333333334,1,144.00,579.4560,,,,,,,9.00,provider-billed input + output tokens,36.2160,normalized input + visible output tokens,0.003053003533568904377879608935,0.01228528621908127121658754635,managed
view_b,low,50000,short,typical,measured,0,0.9433333333333334,0.9433333333333334,1,311.0080,746.4640,4.4640,32.400,72.00,3.1680,14.9760,40.00,19.4380,provider-billed input + output tokens,46.6540,normalized input + visible output tokens,0.006593809187279151477469315387,0.01582609187279151831617725281,managed
view_b,typical,50000,short,typical,measured,0,0.9433333333333334,0.9433333333333334,1,631.0080,1066.4640,4.4640,32.400,72.00,3.1680,14.9760,360.0,39.4380,provider-billed input + output tokens,66.6540,normalized input + visible output tokens,0.01337826148409893898386844635,0.02261054416961130582257638377,managed
view_b,high,50000,short,typical,measured,0,0.9433333333333334,0.9433333333333334,1,3151.0080,3586.4640,4.4640,32.400,72.00,3.1680,14.9760,2880.0,196.9380,provider-billed input + output tokens,224.1540,normalized input + visible output tokens,0.06680582332155476559676160272,0.07603810600706713243546954014,managed
view_a,not_applicable,50000,short,typical,managed,5,0.9933333333333334,0.9433333333333334,1,144.00,579.4560,,,,,,,9.00,provider-billed input + output tokens,36.2160,normalized input + visible output tokens,0.002899328859060402489977928922,0.01228528621908127121658754635,managed
view_b,low,50000,short,typical,managed,5,0.9933333333333334,0.9433333333333334,1,311.0080,746.4640,4.4640,32.400,72.00,3.1680,14.9760,40.00,19.4380,provider-billed input + output tokens,46.6540,normalized input + visible output tokens,0.006261906040268455955576775821,0.01582609187279151831617725281,managed
view_b,typical,50000,short,typical,managed,5,0.9933333333333334,0.9433333333333334,1,631.0080,1066.4640,4.4640,32.400,72.00,3.1680,14.9760,360.0,39.4380,provider-billed input + output tokens,66.6540,normalized input + visible output tokens,0.01270485906040268371108328454,0.02261054416961130582257638377,managed
view_b,high,50000,short,typical,managed,5,0.9933333333333334,0.9433333333333334,1,3151.0080,3586.4640,4.4640,32.400,72.00,3.1680,14.9760,2880.0,196.9380,provider-billed input + output tokens,224.1540,normalized input + visible output tokens,0.06344311409395972728569704067,0.07603810600706713243546954014,managed
view_a,not_applicable,50000,short,typical,private,5,0.9433333333333334,0.9933333333333334,1,144.00,579.4560,,,,,,,9.00,provider-billed input + output tokens,36.2160,normalized input + visible output tokens,0.003053003533568904377879608935,0.01166689932885905961967118598,managed
view_b,low,50000,short,typical,private,5,0.9433333333333334,0.9933333333333334,1,311.0080,746.4640,4.4640,32.400,72.00,3.1680,14.9760,40.00,19.4380,provider-billed input + output tokens,46.6540,normalized input + visible output tokens,0.006593809187279151477469315387,0.01502947651006711308527003288,managed
view_b,typical,50000,short,typical,private,5,0.9433333333333334,0.9933333333333334,1,631.0080,1066.4640,4.4640,32.400,72.00,3.1680,14.9760,360.0,39.4380,provider-billed input + output tokens,66.6540,normalized input + visible output tokens,0.01337826148409893898386844635,0.02147242953020134084077654160,managed
view_b,high,50000,short,typical,private,5,0.9433333333333334,0.9933333333333334,1,3151.0080,3586.4640,4.4640,32.400,72.00,3.1680,14.9760,2880.0,196.9380,provider-billed input + output tokens,224.1540,normalized input + visible output tokens,0.06680582332155476559676160272,0.07221068456375838441539029773,managed
view_a,not_applicable,50000,short,high,managed,-5,0.8933333333333334,0.9433333333333334,1,144.00,579.4560,,,,,,,9.00,provider-billed input + output tokens,36.2160,normalized input + visible output tokens,0.003223880597014925132546224103,0.01228528621908127121658754635,managed
view_b,low,50000,short,high,managed,-5,0.8933333333333334,0.9433333333333334,1,311.0080,746.4640,4.4640,32.400,72.00,3.1680,14.9760,40.00,19.4380,provider-billed input + output tokens,46.6540,normalized input + visible output tokens,0.006962865671641790525159278236,0.01582609187279151831617725281,managed
view_b,typical,50000,short,high,managed,-5,0.8933333333333334,0.9433333333333334,1,631.0080,1066.4640,4.4640,32.400,72.00,3.1680,14.9760,360.0,39.4380,provider-billed input + output tokens,66.6540,normalized input + visible output tokens,0.01412704477611940193081755402,0.02261054416961130582257638377,managed
view_b,high,50000,short,high,managed,-5,0.8933333333333334,0.9433333333333334,1,3151.0080,3586.4640,4.4640,32.400,72.00,3.1680,14.9760,2880.0,196.9380,provider-billed input + output tokens,224.1540,normalized input + visible output tokens,0.07054495522388059175037647583,0.07603810600706713243546954014,managed
view_a,not_applicable,50000,short,high,private,-5,0.9433333333333334,0.8933333333333334,1,144.00,579.4560,,,,,,,9.00,provider-billed input + output tokens,36.2160,normalized input + visible output tokens,0.003053003533568904377879608935,0.01297289552238805873336600579,managed
view_b,low,50000,short,high,private,-5,0.9433333333333334,0.8933333333333334,1,311.0080,746.4640,4.4640,32.400,72.00,3.1680,14.9760,40.00,19.4380,provider-billed input + output tokens,46.6540,normalized input + visible output tokens,0.006593809187279151477469315387,0.01671188059701492412597905992,managed
view_b,typical,50000,short,high,private,-5,0.9433333333333334,0.8933333333333334,1,631.0080,1066.4640,4.4640,32.400,72.00,3.1680,14.9760,360.0,39.4380,provider-billed input + output tokens,66.6540,normalized input + visible output tokens,0.01337826148409893898386844635,0.02387605970149253553163733571,managed
view_b,high,50000,short,high,private,-5,0.9433333333333334,0.8933333333333334,1,3151.0080,3586.4640,4.4640,32.400,72.00,3.1680,14.9760,2880.0,196.9380,provider-billed input + output tokens,224.1540,normalized input + visible output tokens,0.06680582332155476559676160272,0.08029397014925372535119625752,managed
view_a,not_applicable,50000,short,high,measured,0,0.9433333333333334,0.9433333333333334,1,144.00,579.4560,,,,,,,9.00,provider-billed input + output tokens,36.2160,normalized input + visible output tokens,0.003053003533568904377879608935,0.01228528621908127121658754635,managed
view_b,low,50000,short,high,measured,0,0.9433333333333334,0.9433333333333334,1,311.0080,746.4640,4.4640,32.400,72.00,3.1680,14.9760,40.00,19.4380,provider-billed input + output tokens,46.6540,normalized input + visible output tokens,0.006593809187279151477469315387,0.01582609187279151831617725281,managed
view_b,typical,50000,short,high,measured,0,0.9433333333333334,0.9433333333333334,1,631.0080,1066.4640,4.4640,32.400,72.00,3.1680,14.9760,360.0,39.4380,provider-billed input + output tokens,66.6540,normalized input + visible output tokens,0.01337826148409893898386844635,0.02261054416961130582257638377,managed
view_b,high,50000,short,high,measured,0,0.9433333333333334,0.9433333333333334,1,3151.0080,3586.4640,4.4640,32.400,72.00,3.1680,14.9760,2880.0,196.9380,provider-billed input + output tokens,224.1540,normalized input + visible output tokens,0.06680582332155476559676160272,0.07603810600706713243546954014,managed
view_a,not_applicable,50000,short,high,managed,5,0.9933333333333334,0.9433333333333334,1,144.00,579.4560,,,,,,,9.00,provider-billed input + output tokens,36.2160,normalized input + visible output tokens,0.002899328859060402489977928922,0.01228528621908127121658754635,managed
view_b,low,50000,short,high,managed,5,0.9933333333333334,0.9433333333333334,1,311.0080,746.4640,4.4640,32.400,72.00,3.1680,14.9760,40.00,19.4380,provider-billed input + output tokens,46.6540,normalized input + visible output tokens,0.006261906040268455955576775821,0.01582609187279151831617725281,managed
view_b,typical,50000,short,high,managed,5,0.9933333333333334,0.9433333333333334,1,631.0080,1066.4640,4.4640,32.400,72.00,3.1680,14.9760,360.0,39.4380,provider-billed input + output tokens,66.6540,normalized input + visible output tokens,0.01270485906040268371108328454,0.02261054416961130582257638377,managed
view_b,high,50000,short,high,managed,5,0.9933333333333334,0.9433333333333334,1,3151.0080,3586.4640,4.4640,32.400,72.00,3.1680,14.9760,2880.0,196.9380,provider-billed input + output tokens,224.1540,normalized input + visible output tokens,0.06344311409395972728569704067,0.07603810600706713243546954014,managed
view_a,not_applicable,50000,short,high,private,5,0.9433333333333334,0.9933333333333334,1,144.00,579.4560,,,,,,,9.00,provider-billed input + output tokens,36.2160,normalized input + visible output tokens,0.003053003533568904377879608935,0.01166689932885905961967118598,managed
view_b,low,50000,short,high,private,5,0.9433333333333334,0.9933333333333334,1,311.0080,746.4640,4.4640,32.400,72.00,3.1680,14.9760,40.00,19.4380,provider-billed input + output tokens,46.6540,normalized input + visible output tokens,0.006593809187279151477469315387,0.01502947651006711308527003288,managed
view_b,typical,50000,short,high,private,5,0.9433333333333334,0.9933333333333334,1,631.0080,1066.4640,4.4640,32.400,72.00,3.1680,14.9760,360.0,39.4380,provider-billed input + output tokens,66.6540,normalized input + visible output tokens,0.01337826148409893898386844635,0.02147242953020134084077654160,managed
view_b,high,50000,short,high,private,5,0.9433333333333334,0.9933333333333334,1,3151.0080,3586.4640,4.4640,32.400,72.00,3.1680,14.9760,2880.0,196.9380,provider-billed input + output tokens,224.1540,normalized input + visible output tokens,0.06680582332155476559676160272,0.07221068456375838441539029773,managed
view_a,not_applicable,50000,medium,low,managed,-5,0.8933333333333334,0.9433333333333334,1,576.00,579.4560,,,,,,,9.00,provider-billed input + output tokens,9.0540,normalized input + visible output tokens,0.01289552238805970053018489641,0.01228528621908127121658754635,private
view_b,low,50000,medium,low,managed,-5,0.8933333333333334,0.9433333333333334,1,743.0080,746.4640,4.4640,32.400,72.00,3.1680,14.9760,40.00,11.6095,provider-billed input + output tokens,11.6635,normalized input + visible output tokens,0.01663450746268656592279795055,0.01582609187279151831617725281,private
view_b,typical,50000,medium,low,managed,-5,0.8933333333333334,0.9433333333333334,1,1063.0080,1066.4640,4.4640,32.400,72.00,3.1680,14.9760,360.0,16.6095,provider-billed input + output tokens,16.6635,normalized input + visible output tokens,0.02379868656716417732845622633,0.02261054416961130582257638377,private
view_b,high,50000,medium,low,managed,-5,0.8933333333333334,0.9433333333333334,1,3583.0080,3586.4640,4.4640,32.400,72.00,3.1680,14.9760,2880.0,55.9845,provider-billed input + output tokens,56.0385,normalized input + visible output tokens,0.08021659701492536714801514814,0.07603810600706713243546954014,private
view_a,not_applicable,50000,medium,low,private,-5,0.9433333333333334,0.8933333333333334,1,576.00,579.4560,,,,,,,9.00,provider-billed input + output tokens,9.0540,normalized input + visible output tokens,0.01221201413427561751151843574,0.01297289552238805873336600579,managed
view_b,low,50000,medium,low,private,-5,0.9433333333333334,0.8933333333333334,1,743.0080,746.4640,4.4640,32.400,72.00,3.1680,14.9760,40.00,11.6095,provider-billed input + output tokens,11.6635,normalized input + visible output tokens,0.01575281978798586461110814219,0.01671188059701492412597905992,managed
view_b,typical,50000,medium,low,private,-5,0.9433333333333334,0.8933333333333334,1,1063.0080,1066.4640,4.4640,32.400,72.00,3.1680,14.9760,360.0,16.6095,provider-billed input + output tokens,16.6635,normalized input + visible output tokens,0.02253727208480565211750727316,0.02387605970149253553163733571,managed
view_b,high,50000,medium,low,private,-5,0.9433333333333334,0.8933333333333334,1,3583.0080,3586.4640,4.4640,32.400,72.00,3.1680,14.9760,2880.0,55.9845,provider-billed input + output tokens,56.0385,normalized input + visible output tokens,0.07596483392226147873040042952,0.08029397014925372535119625752,managed
view_a,not_applicable,50000,medium,low,measured,0,0.9433333333333334,0.9433333333333334,1,576.00,579.4560,,,,,,,9.00,provider-billed input + output tokens,9.0540,normalized input + visible output tokens,0.01221201413427561751151843574,0.01228528621908127121658754635,managed
view_b,low,50000,medium,low,measured,0,0.9433333333333334,0.9433333333333334,1,743.0080,746.4640,4.4640,32.400,72.00,3.1680,14.9760,40.00,11.6095,provider-billed input + output tokens,11.6635,normalized input + visible output tokens,0.01575281978798586461110814219,0.01582609187279151831617725281,managed
view_b,typical,50000,medium,low,measured,0,0.9433333333333334,0.9433333333333334,1,1063.0080,1066.4640,4.4640,32.400,72.00,3.1680,14.9760,360.0,16.6095,provider-billed input + output tokens,16.6635,normalized input + visible output tokens,0.02253727208480565211750727316,0.02261054416961130582257638377,managed
view_b,high,50000,medium,low,measured,0,0.9433333333333334,0.9433333333333334,1,3583.0080,3586.4640,4.4640,32.400,72.00,3.1680,14.9760,2880.0,55.9845,provider-billed input + output tokens,56.0385,normalized input + visible output tokens,0.07596483392226147873040042952,0.07603810600706713243546954014,managed
view_a,not_applicable,50000,medium,low,managed,5,0.9933333333333334,0.9433333333333334,1,576.00,579.4560,,,,,,,9.00,provider-billed input + output tokens,9.0540,normalized input + visible output tokens,0.01159731543624160995991171569,0.01228528621908127121658754635,managed
view_b,low,50000,medium,low,managed,5,0.9933333333333334,0.9433333333333334,1,743.0080,746.4640,4.4640,32.400,72.00,3.1680,14.9760,40.00,11.6095,provider-billed input + output tokens,11.6635,normalized input + visible output tokens,0.01495989261744966342551056259,0.01582609187279151831617725281,managed
view_b,typical,50000,medium,low,managed,5,0.9933333333333334,0.9433333333333334,1,1063.0080,1066.4640,4.4640,32.400,72.00,3.1680,14.9760,360.0,16.6095,provider-billed input + output tokens,16.6635,normalized input + visible output tokens,0.02140284563758389118101707130,0.02261054416961130582257638377,managed
view_b,high,50000,medium,low,managed,5,0.9933333333333334,0.9433333333333334,1,3583.0080,3586.4640,4.4640,32.400,72.00,3.1680,14.9760,2880.0,55.9845,provider-billed input + output tokens,56.0385,normalized input + visible output tokens,0.07214110067114093475563082744,0.07603810600706713243546954014,managed
view_a,not_applicable,50000,medium,low,private,5,0.9433333333333334,0.9933333333333334,1,576.00,579.4560,,,,,,,9.00,provider-billed input + output tokens,9.0540,normalized input + visible output tokens,0.01221201413427561751151843574,0.01166689932885905961967118598,private
view_b,low,50000,medium,low,private,5,0.9433333333333334,0.9933333333333334,1,743.0080,746.4640,4.4640,32.400,72.00,3.1680,14.9760,40.00,11.6095,provider-billed input + output tokens,11.6635,normalized input + visible output tokens,0.01575281978798586461110814219,0.01502947651006711308527003288,private
view_b,typical,50000,medium,low,private,5,0.9433333333333334,0.9933333333333334,1,1063.0080,1066.4640,4.4640,32.400,72.00,3.1680,14.9760,360.0,16.6095,provider-billed input + output tokens,16.6635,normalized input + visible output tokens,0.02253727208480565211750727316,0.02147242953020134084077654160,private
view_b,high,50000,medium,low,private,5,0.9433333333333334,0.9933333333333334,1,3583.0080,3586.4640,4.4640,32.400,72.00,3.1680,14.9760,2880.0,55.9845,provider-billed input + output tokens,56.0385,normalized input + visible output tokens,0.07596483392226147873040042952,0.07221068456375838441539029773,private
view_a,not_applicable,50000,medium,typical,managed,-5,0.8933333333333334,0.9433333333333334,1,576.00,579.4560,,,,,,,9.00,provider-billed input + output tokens,9.0540,normalized input + visible output tokens,0.01289552238805970053018489641,0.01228528621908127121658754635,private
view_b,low,50000,medium,typical,managed,-5,0.8933333333333334,0.9433333333333334,1,743.0080,746.4640,4.4640,32.400,72.00,3.1680,14.9760,40.00,11.6095,provider-billed input + output tokens,11.6635,normalized input + visible output tokens,0.01663450746268656592279795055,0.01582609187279151831617725281,private
view_b,typical,50000,medium,typical,managed,-5,0.8933333333333334,0.9433333333333334,1,1063.0080,1066.4640,4.4640,32.400,72.00,3.1680,14.9760,360.0,16.6095,provider-billed input + output tokens,16.6635,normalized input + visible output tokens,0.02379868656716417732845622633,0.02261054416961130582257638377,private
view_b,high,50000,medium,typical,managed,-5,0.8933333333333334,0.9433333333333334,1,3583.0080,3586.4640,4.4640,32.400,72.00,3.1680,14.9760,2880.0,55.9845,provider-billed input + output tokens,56.0385,normalized input + visible output tokens,0.08021659701492536714801514814,0.07603810600706713243546954014,private
view_a,not_applicable,50000,medium,typical,private,-5,0.9433333333333334,0.8933333333333334,1,576.00,579.4560,,,,,,,9.00,provider-billed input + output tokens,9.0540,normalized input + visible output tokens,0.01221201413427561751151843574,0.01297289552238805873336600579,managed
view_b,low,50000,medium,typical,private,-5,0.9433333333333334,0.8933333333333334,1,743.0080,746.4640,4.4640,32.400,72.00,3.1680,14.9760,40.00,11.6095,provider-billed input + output tokens,11.6635,normalized input + visible output tokens,0.01575281978798586461110814219,0.01671188059701492412597905992,managed
view_b,typical,50000,medium,typical,private,-5,0.9433333333333334,0.8933333333333334,1,1063.0080,1066.4640,4.4640,32.400,72.00,3.1680,14.9760,360.0,16.6095,provider-billed input + output tokens,16.6635,normalized input + visible output tokens,0.02253727208480565211750727316,0.02387605970149253553163733571,managed
view_b,high,50000,medium,typical,private,-5,0.9433333333333334,0.8933333333333334,1,3583.0080,3586.4640,4.4640,32.400,72.00,3.1680,14.9760,2880.0,55.9845,provider-billed input + output tokens,56.0385,normalized input + visible output tokens,0.07596483392226147873040042952,0.08029397014925372535119625752,managed
view_a,not_applicable,50000,medium,typical,measured,0,0.9433333333333334,0.9433333333333334,1,576.00,579.4560,,,,,,,9.00,provider-billed input + output tokens,9.0540,normalized input + visible output tokens,0.01221201413427561751151843574,0.01228528621908127121658754635,managed
view_b,low,50000,medium,typical,measured,0,0.9433333333333334,0.9433333333333334,1,743.0080,746.4640,4.4640,32.400,72.00,3.1680,14.9760,40.00,11.6095,provider-billed input + output tokens,11.6635,normalized input + visible output tokens,0.01575281978798586461110814219,0.01582609187279151831617725281,managed
view_b,typical,50000,medium,typical,measured,0,0.9433333333333334,0.9433333333333334,1,1063.0080,1066.4640,4.4640,32.400,72.00,3.1680,14.9760,360.0,16.6095,provider-billed input + output tokens,16.6635,normalized input + visible output tokens,0.02253727208480565211750727316,0.02261054416961130582257638377,managed
view_b,high,50000,medium,typical,measured,0,0.9433333333333334,0.9433333333333334,1,3583.0080,3586.4640,4.4640,32.400,72.00,3.1680,14.9760,2880.0,55.9845,provider-billed input + output tokens,56.0385,normalized input + visible output tokens,0.07596483392226147873040042952,0.07603810600706713243546954014,managed
view_a,not_applicable,50000,medium,typical,managed,5,0.9933333333333334,0.9433333333333334,1,576.00,579.4560,,,,,,,9.00,provider-billed input + output tokens,9.0540,normalized input + visible output tokens,0.01159731543624160995991171569,0.01228528621908127121658754635,managed
view_b,low,50000,medium,typical,managed,5,0.9933333333333334,0.9433333333333334,1,743.0080,746.4640,4.4640,32.400,72.00,3.1680,14.9760,40.00,11.6095,provider-billed input + output tokens,11.6635,normalized input + visible output tokens,0.01495989261744966342551056259,0.01582609187279151831617725281,managed
view_b,typical,50000,medium,typical,managed,5,0.9933333333333334,0.9433333333333334,1,1063.0080,1066.4640,4.4640,32.400,72.00,3.1680,14.9760,360.0,16.6095,provider-billed input + output tokens,16.6635,normalized input + visible output tokens,0.02140284563758389118101707130,0.02261054416961130582257638377,managed
view_b,high,50000,medium,typical,managed,5,0.9933333333333334,0.9433333333333334,1,3583.0080,3586.4640,4.4640,32.400,72.00,3.1680,14.9760,2880.0,55.9845,provider-billed input + output tokens,56.0385,normalized input + visible output tokens,0.07214110067114093475563082744,0.07603810600706713243546954014,managed
view_a,not_applicable,50000,medium,typical,private,5,0.9433333333333334,0.9933333333333334,1,576.00,579.4560,,,,,,,9.00,provider-billed input + output tokens,9.0540,normalized input + visible output tokens,0.01221201413427561751151843574,0.01166689932885905961967118598,private
view_b,low,50000,medium,typical,private,5,0.9433333333333334,0.9933333333333334,1,743.0080,746.4640,4.4640,32.400,72.00,3.1680,14.9760,40.00,11.6095,provider-billed input + output tokens,11.6635,normalized input + visible output tokens,0.01575281978798586461110814219,0.01502947651006711308527003288,private
view_b,typical,50000,medium,typical,private,5,0.9433333333333334,0.9933333333333334,1,1063.0080,1066.4640,4.4640,32.400,72.00,3.1680,14.9760,360.0,16.6095,provider-billed input + output tokens,16.6635,normalized input + visible output tokens,0.02253727208480565211750727316,0.02147242953020134084077654160,private
view_b,high,50000,medium,typical,private,5,0.9433333333333334,0.9933333333333334,1,3583.0080,3586.4640,4.4640,32.400,72.00,3.1680,14.9760,2880.0,55.9845,provider-billed input + output tokens,56.0385,normalized input + visible output tokens,0.07596483392226147873040042952,0.07221068456375838441539029773,private
view_a,not_applicable,50000,medium,high,managed,-5,0.8933333333333334,0.9433333333333334,1,576.00,579.4560,,,,,,,9.00,provider-billed input + output tokens,9.0540,normalized input + visible output tokens,0.01289552238805970053018489641,0.01228528621908127121658754635,private
view_b,low,50000,medium,high,managed,-5,0.8933333333333334,0.9433333333333334,1,743.0080,746.4640,4.4640,32.400,72.00,3.1680,14.9760,40.00,11.6095,provider-billed input + output tokens,11.6635,normalized input + visible output tokens,0.01663450746268656592279795055,0.01582609187279151831617725281,private
view_b,typical,50000,medium,high,managed,-5,0.8933333333333334,0.9433333333333334,1,1063.0080,1066.4640,4.4640,32.400,72.00,3.1680,14.9760,360.0,16.6095,provider-billed input + output tokens,16.6635,normalized input + visible output tokens,0.02379868656716417732845622633,0.02261054416961130582257638377,private
view_b,high,50000,medium,high,managed,-5,0.8933333333333334,0.9433333333333334,1,3583.0080,3586.4640,4.4640,32.400,72.00,3.1680,14.9760,2880.0,55.9845,provider-billed input + output tokens,56.0385,normalized input + visible output tokens,0.08021659701492536714801514814,0.07603810600706713243546954014,private
view_a,not_applicable,50000,medium,high,private,-5,0.9433333333333334,0.8933333333333334,1,576.00,579.4560,,,,,,,9.00,provider-billed input + output tokens,9.0540,normalized input + visible output tokens,0.01221201413427561751151843574,0.01297289552238805873336600579,managed
view_b,low,50000,medium,high,private,-5,0.9433333333333334,0.8933333333333334,1,743.0080,746.4640,4.4640,32.400,72.00,3.1680,14.9760,40.00,11.6095,provider-billed input + output tokens,11.6635,normalized input + visible output tokens,0.01575281978798586461110814219,0.01671188059701492412597905992,managed
view_b,typical,50000,medium,high,private,-5,0.9433333333333334,0.8933333333333334,1,1063.0080,1066.4640,4.4640,32.400,72.00,3.1680,14.9760,360.0,16.6095,provider-billed input + output tokens,16.6635,normalized input + visible output tokens,0.02253727208480565211750727316,0.02387605970149253553163733571,managed
view_b,high,50000,medium,high,private,-5,0.9433333333333334,0.8933333333333334,1,3583.0080,3586.4640,4.4640,32.400,72.00,3.1680,14.9760,2880.0,55.9845,provider-billed input + output tokens,56.0385,normalized input + visible output tokens,0.07596483392226147873040042952,0.08029397014925372535119625752,managed
view_a,not_applicable,50000,medium,high,measured,0,0.9433333333333334,0.9433333333333334,1,576.00,579.4560,,,,,,,9.00,provider-billed input + output tokens,9.0540,normalized input + visible output tokens,0.01221201413427561751151843574,0.01228528621908127121658754635,managed
view_b,low,50000,medium,high,measured,0,0.9433333333333334,0.9433333333333334,1,743.0080,746.4640,4.4640,32.400,72.00,3.1680,14.9760,40.00,11.6095,provider-billed input + output tokens,11.6635,normalized input + visible output tokens,0.01575281978798586461110814219,0.01582609187279151831617725281,managed
view_b,typical,50000,medium,high,measured,0,0.9433333333333334,0.9433333333333334,1,1063.0080,1066.4640,4.4640,32.400,72.00,3.1680,14.9760,360.0,16.6095,provider-billed input + output tokens,16.6635,normalized input + visible output tokens,0.02253727208480565211750727316,0.02261054416961130582257638377,managed
view_b,high,50000,medium,high,measured,0,0.9433333333333334,0.9433333333333334,1,3583.0080,3586.4640,4.4640,32.400,72.00,3.1680,14.9760,2880.0,55.9845,provider-billed input + output tokens,56.0385,normalized input + visible output tokens,0.07596483392226147873040042952,0.07603810600706713243546954014,managed
view_a,not_applicable,50000,medium,high,managed,5,0.9933333333333334,0.9433333333333334,1,576.00,579.4560,,,,,,,9.00,provider-billed input + output tokens,9.0540,normalized input + visible output tokens,0.01159731543624160995991171569,0.01228528621908127121658754635,managed
view_b,low,50000,medium,high,managed,5,0.9933333333333334,0.9433333333333334,1,743.0080,746.4640,4.4640,32.400,72.00,3.1680,14.9760,40.00,11.6095,provider-billed input + output tokens,11.6635,normalized input + visible output tokens,0.01495989261744966342551056259,0.01582609187279151831617725281,managed
view_b,typical,50000,medium,high,managed,5,0.9933333333333334,0.9433333333333334,1,1063.0080,1066.4640,4.4640,32.400,72.00,3.1680,14.9760,360.0,16.6095,provider-billed input + output tokens,16.6635,normalized input + visible output tokens,0.02140284563758389118101707130,0.02261054416961130582257638377,managed
view_b,high,50000,medium,high,managed,5,0.9933333333333334,0.9433333333333334,1,3583.0080,3586.4640,4.4640,32.400,72.00,3.1680,14.9760,2880.0,55.9845,provider-billed input + output tokens,56.0385,normalized input + visible output tokens,0.07214110067114093475563082744,0.07603810600706713243546954014,managed
view_a,not_applicable,50000,medium,high,private,5,0.9433333333333334,0.9933333333333334,1,576.00,579.4560,,,,,,,9.00,provider-billed input + output tokens,9.0540,normalized input + visible output tokens,0.01221201413427561751151843574,0.01166689932885905961967118598,private
view_b,low,50000,medium,high,private,5,0.9433333333333334,0.9933333333333334,1,743.0080,746.4640,4.4640,32.400,72.00,3.1680,14.9760,40.00,11.6095,provider-billed input + output tokens,11.6635,normalized input + visible output tokens,0.01575281978798586461110814219,0.01502947651006711308527003288,private
view_b,typical,50000,medium,high,private,5,0.9433333333333334,0.9933333333333334,1,1063.0080,1066.4640,4.4640,32.400,72.00,3.1680,14.9760,360.0,16.6095,provider-billed input + output tokens,16.6635,normalized input + visible output tokens,0.02253727208480565211750727316,0.02147242953020134084077654160,private
view_b,high,50000,medium,high,private,5,0.9433333333333334,0.9933333333333334,1,3583.0080,3586.4640,4.4640,32.400,72.00,3.1680,14.9760,2880.0,55.9845,provider-billed input + output tokens,56.0385,normalized input + visible output tokens,0.07596483392226147873040042952,0.07221068456375838441539029773,private
view_a,not_applicable,100000,short,low,managed,-5,0.8933333333333334,0.9433333333333334,1,288.00,579.4560,,,,,,,9.00,provider-billed input + output tokens,18.1080,normalized input + visible output tokens,0.003223880597014925132546224103,0.006142643109540635608293773177,managed
view_b,low,100000,short,low,managed,-5,0.8933333333333334,0.9433333333333334,1,455.0080,746.4640,4.4640,32.400,72.00,3.1680,14.9760,40.00,14.2190,provider-billed input + output tokens,23.3270,normalized input + visible output tokens,0.005093373134328357828852751170,0.007913045936395759158088626403,managed
view_b,typical,100000,short,low,managed,-5,0.8933333333333334,0.9433333333333334,1,775.0080,1066.4640,4.4640,32.400,72.00,3.1680,14.9760,360.0,24.2190,provider-billed input + output tokens,33.3270,normalized input + visible output tokens,0.008675462686567163531681889062,0.01130527208480565291128819189,managed
view_b,high,100000,short,low,managed,-5,0.8933333333333334,0.9433333333333334,1,3295.0080,3586.4640,4.4640,32.400,72.00,3.1680,14.9760,2880.0,102.9690,provider-billed input + output tokens,112.0770,normalized input + visible output tokens,0.03688441791044775844146134997,0.03801905300353356621773477007,managed
view_a,not_applicable,100000,short,low,private,-5,0.9433333333333334,0.8933333333333334,1,288.00,579.4560,,,,,,,9.00,provider-billed input + output tokens,18.1080,normalized input + visible output tokens,0.003053003533568904377879608935,0.006486447761194029366683002896,managed
view_b,low,100000,short,low,private,-5,0.9433333333333334,0.8933333333333334,1,455.0080,746.4640,4.4640,32.400,72.00,3.1680,14.9760,40.00,14.2190,provider-billed input + output tokens,23.3270,normalized input + visible output tokens,0.004823406360424027927674462161,0.008355940298507462062989529962,managed
view_b,typical,100000,short,low,private,-5,0.9433333333333334,0.8933333333333334,1,775.0080,1066.4640,4.4640,32.400,72.00,3.1680,14.9760,360.0,24.2190,provider-billed input + output tokens,33.3270,normalized input + visible output tokens,0.008215632508833921680874027644,0.01193802985074626776581866785,managed
view_b,high,100000,short,low,private,-5,0.9433333333333334,0.8933333333333334,1,3295.0080,3586.4640,4.4640,32.400,72.00,3.1680,14.9760,2880.0,102.9690,provider-billed input + output tokens,112.0770,normalized input + visible output tokens,0.03492941342756183498732060583,0.04014698507462686267559812876,managed
view_a,not_applicable,100000,short,low,measured,0,0.9433333333333334,0.9433333333333334,1,288.00,579.4560,,,,,,,9.00,provider-billed input + output tokens,18.1080,normalized input + visible output tokens,0.003053003533568904377879608935,0.006142643109540635608293773177,managed
view_b,low,100000,short,low,measured,0,0.9433333333333334,0.9433333333333334,1,455.0080,746.4640,4.4640,32.400,72.00,3.1680,14.9760,40.00,14.2190,provider-billed input + output tokens,23.3270,normalized input + visible output tokens,0.004823406360424027927674462161,0.007913045936395759158088626403,managed
view_b,typical,100000,short,low,measured,0,0.9433333333333334,0.9433333333333334,1,775.0080,1066.4640,4.4640,32.400,72.00,3.1680,14.9760,360.0,24.2190,provider-billed input + output tokens,33.3270,normalized input + visible output tokens,0.008215632508833921680874027644,0.01130527208480565291128819189,managed
view_b,high,100000,short,low,measured,0,0.9433333333333334,0.9433333333333334,1,3295.0080,3586.4640,4.4640,32.400,72.00,3.1680,14.9760,2880.0,102.9690,provider-billed input + output tokens,112.0770,normalized input + visible output tokens,0.03492941342756183498732060583,0.03801905300353356621773477007,managed
view_a,not_applicable,100000,short,low,managed,5,0.9933333333333334,0.9433333333333334,1,288.00,579.4560,,,,,,,9.00,provider-billed input + output tokens,18.1080,normalized input + visible output tokens,0.002899328859060402489977928922,0.006142643109540635608293773177,managed
view_b,low,100000,short,low,managed,5,0.9933333333333334,0.9433333333333334,1,455.0080,746.4640,4.4640,32.400,72.00,3.1680,14.9760,40.00,14.2190,provider-billed input + output tokens,23.3270,normalized input + visible output tokens,0.004580617449664429222777352372,0.007913045936395759158088626403,managed
view_b,typical,100000,short,low,managed,5,0.9933333333333334,0.9433333333333334,1,775.0080,1066.4640,4.4640,32.400,72.00,3.1680,14.9760,360.0,24.2190,provider-billed input + output tokens,33.3270,normalized input + visible output tokens,0.007802093959731543100530606729,0.01130527208480565291128819189,managed
view_b,high,100000,short,low,managed,5,0.9933333333333334,0.9433333333333334,1,3295.0080,3586.4640,4.4640,32.400,72.00,3.1680,14.9760,2880.0,102.9690,provider-billed input + output tokens,112.0770,normalized input + visible output tokens,0.03317122147651006488783748480,0.03801905300353356621773477007,managed
view_a,not_applicable,100000,short,low,private,5,0.9433333333333334,0.9933333333333334,1,288.00,579.4560,,,,,,,9.00,provider-billed input + output tokens,18.1080,normalized input + visible output tokens,0.003053003533568904377879608935,0.005833449664429529809835592991,managed
view_b,low,100000,short,low,private,5,0.9433333333333334,0.9933333333333334,1,455.0080,746.4640,4.4640,32.400,72.00,3.1680,14.9760,40.00,14.2190,provider-billed input + output tokens,23.3270,normalized input + visible output tokens,0.004823406360424027927674462161,0.007514738255033556542635016441,managed
view_b,typical,100000,short,low,private,5,0.9433333333333334,0.9933333333333334,1,775.0080,1066.4640,4.4640,32.400,72.00,3.1680,14.9760,360.0,24.2190,provider-billed input + output tokens,33.3270,normalized input + visible output tokens,0.008215632508833921680874027644,0.01073621476510067042038827080,managed
view_b,high,100000,short,low,private,5,0.9433333333333334,0.9933333333333334,1,3295.0080,3586.4640,4.4640,32.400,72.00,3.1680,14.9760,2880.0,102.9690,provider-billed input + output tokens,112.0770,normalized input + visible output tokens,0.03492941342756183498732060583,0.03610534228187919220769514887,managed
view_a,not_applicable,100000,short,typical,managed,-5,0.8933333333333334,0.9433333333333334,1,288.00,579.4560,,,,,,,9.00,provider-billed input + output tokens,18.1080,normalized input + visible output tokens,0.003223880597014925132546224103,0.006142643109540635608293773177,managed
view_b,low,100000,short,typical,managed,-5,0.8933333333333334,0.9433333333333334,1,455.0080,746.4640,4.4640,32.400,72.00,3.1680,14.9760,40.00,14.2190,provider-billed input + output tokens,23.3270,normalized input + visible output tokens,0.005093373134328357828852751170,0.007913045936395759158088626403,managed
view_b,typical,100000,short,typical,managed,-5,0.8933333333333334,0.9433333333333334,1,775.0080,1066.4640,4.4640,32.400,72.00,3.1680,14.9760,360.0,24.2190,provider-billed input + output tokens,33.3270,normalized input + visible output tokens,0.008675462686567163531681889062,0.01130527208480565291128819189,managed
view_b,high,100000,short,typical,managed,-5,0.8933333333333334,0.9433333333333334,1,3295.0080,3586.4640,4.4640,32.400,72.00,3.1680,14.9760,2880.0,102.9690,provider-billed input + output tokens,112.0770,normalized input + visible output tokens,0.03688441791044775844146134997,0.03801905300353356621773477007,managed
view_a,not_applicable,100000,short,typical,private,-5,0.9433333333333334,0.8933333333333334,1,288.00,579.4560,,,,,,,9.00,provider-billed input + output tokens,18.1080,normalized input + visible output tokens,0.003053003533568904377879608935,0.006486447761194029366683002896,managed
view_b,low,100000,short,typical,private,-5,0.9433333333333334,0.8933333333333334,1,455.0080,746.4640,4.4640,32.400,72.00,3.1680,14.9760,40.00,14.2190,provider-billed input + output tokens,23.3270,normalized input + visible output tokens,0.004823406360424027927674462161,0.008355940298507462062989529962,managed
view_b,typical,100000,short,typical,private,-5,0.9433333333333334,0.8933333333333334,1,775.0080,1066.4640,4.4640,32.400,72.00,3.1680,14.9760,360.0,24.2190,provider-billed input + output tokens,33.3270,normalized input + visible output tokens,0.008215632508833921680874027644,0.01193802985074626776581866785,managed
view_b,high,100000,short,typical,private,-5,0.9433333333333334,0.8933333333333334,1,3295.0080,3586.4640,4.4640,32.400,72.00,3.1680,14.9760,2880.0,102.9690,provider-billed input + output tokens,112.0770,normalized input + visible output tokens,0.03492941342756183498732060583,0.04014698507462686267559812876,managed
view_a,not_applicable,100000,short,typical,measured,0,0.9433333333333334,0.9433333333333334,1,288.00,579.4560,,,,,,,9.00,provider-billed input + output tokens,18.1080,normalized input + visible output tokens,0.003053003533568904377879608935,0.006142643109540635608293773177,managed
view_b,low,100000,short,typical,measured,0,0.9433333333333334,0.9433333333333334,1,455.0080,746.4640,4.4640,32.400,72.00,3.1680,14.9760,40.00,14.2190,provider-billed input + output tokens,23.3270,normalized input + visible output tokens,0.004823406360424027927674462161,0.007913045936395759158088626403,managed
view_b,typical,100000,short,typical,measured,0,0.9433333333333334,0.9433333333333334,1,775.0080,1066.4640,4.4640,32.400,72.00,3.1680,14.9760,360.0,24.2190,provider-billed input + output tokens,33.3270,normalized input + visible output tokens,0.008215632508833921680874027644,0.01130527208480565291128819189,managed
view_b,high,100000,short,typical,measured,0,0.9433333333333334,0.9433333333333334,1,3295.0080,3586.4640,4.4640,32.400,72.00,3.1680,14.9760,2880.0,102.9690,provider-billed input + output tokens,112.0770,normalized input + visible output tokens,0.03492941342756183498732060583,0.03801905300353356621773477007,managed
view_a,not_applicable,100000,short,typical,managed,5,0.9933333333333334,0.9433333333333334,1,288.00,579.4560,,,,,,,9.00,provider-billed input + output tokens,18.1080,normalized input + visible output tokens,0.002899328859060402489977928922,0.006142643109540635608293773177,managed
view_b,low,100000,short,typical,managed,5,0.9933333333333334,0.9433333333333334,1,455.0080,746.4640,4.4640,32.400,72.00,3.1680,14.9760,40.00,14.2190,provider-billed input + output tokens,23.3270,normalized input + visible output tokens,0.004580617449664429222777352372,0.007913045936395759158088626403,managed
view_b,typical,100000,short,typical,managed,5,0.9933333333333334,0.9433333333333334,1,775.0080,1066.4640,4.4640,32.400,72.00,3.1680,14.9760,360.0,24.2190,provider-billed input + output tokens,33.3270,normalized input + visible output tokens,0.007802093959731543100530606729,0.01130527208480565291128819189,managed
view_b,high,100000,short,typical,managed,5,0.9933333333333334,0.9433333333333334,1,3295.0080,3586.4640,4.4640,32.400,72.00,3.1680,14.9760,2880.0,102.9690,provider-billed input + output tokens,112.0770,normalized input + visible output tokens,0.03317122147651006488783748480,0.03801905300353356621773477007,managed
view_a,not_applicable,100000,short,typical,private,5,0.9433333333333334,0.9933333333333334,1,288.00,579.4560,,,,,,,9.00,provider-billed input + output tokens,18.1080,normalized input + visible output tokens,0.003053003533568904377879608935,0.005833449664429529809835592991,managed
view_b,low,100000,short,typical,private,5,0.9433333333333334,0.9933333333333334,1,455.0080,746.4640,4.4640,32.400,72.00,3.1680,14.9760,40.00,14.2190,provider-billed input + output tokens,23.3270,normalized input + visible output tokens,0.004823406360424027927674462161,0.007514738255033556542635016441,managed
view_b,typical,100000,short,typical,private,5,0.9433333333333334,0.9933333333333334,1,775.0080,1066.4640,4.4640,32.400,72.00,3.1680,14.9760,360.0,24.2190,provider-billed input + output tokens,33.3270,normalized input + visible output tokens,0.008215632508833921680874027644,0.01073621476510067042038827080,managed
view_b,high,100000,short,typical,private,5,0.9433333333333334,0.9933333333333334,1,3295.0080,3586.4640,4.4640,32.400,72.00,3.1680,14.9760,2880.0,102.9690,provider-billed input + output tokens,112.0770,normalized input + visible output tokens,0.03492941342756183498732060583,0.03610534228187919220769514887,managed
view_a,not_applicable,100000,short,high,managed,-5,0.8933333333333334,0.9433333333333334,1,288.00,579.4560,,,,,,,9.00,provider-billed input + output tokens,18.1080,normalized input + visible output tokens,0.003223880597014925132546224103,0.006142643109540635608293773177,managed
view_b,low,100000,short,high,managed,-5,0.8933333333333334,0.9433333333333334,1,455.0080,746.4640,4.4640,32.400,72.00,3.1680,14.9760,40.00,14.2190,provider-billed input + output tokens,23.3270,normalized input + visible output tokens,0.005093373134328357828852751170,0.007913045936395759158088626403,managed
view_b,typical,100000,short,high,managed,-5,0.8933333333333334,0.9433333333333334,1,775.0080,1066.4640,4.4640,32.400,72.00,3.1680,14.9760,360.0,24.2190,provider-billed input + output tokens,33.3270,normalized input + visible output tokens,0.008675462686567163531681889062,0.01130527208480565291128819189,managed
view_b,high,100000,short,high,managed,-5,0.8933333333333334,0.9433333333333334,1,3295.0080,3586.4640,4.4640,32.400,72.00,3.1680,14.9760,2880.0,102.9690,provider-billed input + output tokens,112.0770,normalized input + visible output tokens,0.03688441791044775844146134997,0.03801905300353356621773477007,managed
view_a,not_applicable,100000,short,high,private,-5,0.9433333333333334,0.8933333333333334,1,288.00,579.4560,,,,,,,9.00,provider-billed input + output tokens,18.1080,normalized input + visible output tokens,0.003053003533568904377879608935,0.006486447761194029366683002896,managed
view_b,low,100000,short,high,private,-5,0.9433333333333334,0.8933333333333334,1,455.0080,746.4640,4.4640,32.400,72.00,3.1680,14.9760,40.00,14.2190,provider-billed input + output tokens,23.3270,normalized input + visible output tokens,0.004823406360424027927674462161,0.008355940298507462062989529962,managed
view_b,typical,100000,short,high,private,-5,0.9433333333333334,0.8933333333333334,1,775.0080,1066.4640,4.4640,32.400,72.00,3.1680,14.9760,360.0,24.2190,provider-billed input + output tokens,33.3270,normalized input + visible output tokens,0.008215632508833921680874027644,0.01193802985074626776581866785,managed
view_b,high,100000,short,high,private,-5,0.9433333333333334,0.8933333333333334,1,3295.0080,3586.4640,4.4640,32.400,72.00,3.1680,14.9760,2880.0,102.9690,provider-billed input + output tokens,112.0770,normalized input + visible output tokens,0.03492941342756183498732060583,0.04014698507462686267559812876,managed
view_a,not_applicable,100000,short,high,measured,0,0.9433333333333334,0.9433333333333334,1,288.00,579.4560,,,,,,,9.00,provider-billed input + output tokens,18.1080,normalized input + visible output tokens,0.003053003533568904377879608935,0.006142643109540635608293773177,managed
view_b,low,100000,short,high,measured,0,0.9433333333333334,0.9433333333333334,1,455.0080,746.4640,4.4640,32.400,72.00,3.1680,14.9760,40.00,14.2190,provider-billed input + output tokens,23.3270,normalized input + visible output tokens,0.004823406360424027927674462161,0.007913045936395759158088626403,managed
view_b,typical,100000,short,high,measured,0,0.9433333333333334,0.9433333333333334,1,775.0080,1066.4640,4.4640,32.400,72.00,3.1680,14.9760,360.0,24.2190,provider-billed input + output tokens,33.3270,normalized input + visible output tokens,0.008215632508833921680874027644,0.01130527208480565291128819189,managed
view_b,high,100000,short,high,measured,0,0.9433333333333334,0.9433333333333334,1,3295.0080,3586.4640,4.4640,32.400,72.00,3.1680,14.9760,2880.0,102.9690,provider-billed input + output tokens,112.0770,normalized input + visible output tokens,0.03492941342756183498732060583,0.03801905300353356621773477007,managed
view_a,not_applicable,100000,short,high,managed,5,0.9933333333333334,0.9433333333333334,1,288.00,579.4560,,,,,,,9.00,provider-billed input + output tokens,18.1080,normalized input + visible output tokens,0.002899328859060402489977928922,0.006142643109540635608293773177,managed
view_b,low,100000,short,high,managed,5,0.9933333333333334,0.9433333333333334,1,455.0080,746.4640,4.4640,32.400,72.00,3.1680,14.9760,40.00,14.2190,provider-billed input + output tokens,23.3270,normalized input + visible output tokens,0.004580617449664429222777352372,0.007913045936395759158088626403,managed
view_b,typical,100000,short,high,managed,5,0.9933333333333334,0.9433333333333334,1,775.0080,1066.4640,4.4640,32.400,72.00,3.1680,14.9760,360.0,24.2190,provider-billed input + output tokens,33.3270,normalized input + visible output tokens,0.007802093959731543100530606729,0.01130527208480565291128819189,managed
view_b,high,100000,short,high,managed,5,0.9933333333333334,0.9433333333333334,1,3295.0080,3586.4640,4.4640,32.400,72.00,3.1680,14.9760,2880.0,102.9690,provider-billed input + output tokens,112.0770,normalized input + visible output tokens,0.03317122147651006488783748480,0.03801905300353356621773477007,managed
view_a,not_applicable,100000,short,high,private,5,0.9433333333333334,0.9933333333333334,1,288.00,579.4560,,,,,,,9.00,provider-billed input + output tokens,18.1080,normalized input + visible output tokens,0.003053003533568904377879608935,0.005833449664429529809835592991,managed
view_b,low,100000,short,high,private,5,0.9433333333333334,0.9933333333333334,1,455.0080,746.4640,4.4640,32.400,72.00,3.1680,14.9760,40.00,14.2190,provider-billed input + output tokens,23.3270,normalized input + visible output tokens,0.004823406360424027927674462161,0.007514738255033556542635016441,managed
view_b,typical,100000,short,high,private,5,0.9433333333333334,0.9933333333333334,1,775.0080,1066.4640,4.4640,32.400,72.00,3.1680,14.9760,360.0,24.2190,provider-billed input + output tokens,33.3270,normalized input + visible output tokens,0.008215632508833921680874027644,0.01073621476510067042038827080,managed
view_b,high,100000,short,high,private,5,0.9433333333333334,0.9933333333333334,1,3295.0080,3586.4640,4.4640,32.400,72.00,3.1680,14.9760,2880.0,102.9690,provider-billed input + output tokens,112.0770,normalized input + visible output tokens,0.03492941342756183498732060583,0.03610534228187919220769514887,managed
view_a,not_applicable,100000,medium,low,managed,-5,0.8933333333333334,0.9433333333333334,1,1152.00,579.4560,,,,,,,9.00,provider-billed input + output tokens,4.5270,normalized input + visible output tokens,0.01289552238805970053018489641,0.006142643109540635608293773177,private
view_b,low,100000,medium,low,managed,-5,0.8933333333333334,0.9433333333333334,1,1319.0080,746.4640,4.4640,32.400,72.00,3.1680,14.9760,40.00,10.30475,provider-billed input + output tokens,5.83175,normalized input + visible output tokens,0.01476501492537313322649142348,0.007913045936395759158088626403,private
view_b,typical,100000,medium,low,managed,-5,0.8933333333333334,0.9433333333333334,1,1639.0080,1066.4640,4.4640,32.400,72.00,3.1680,14.9760,360.0,12.80475,provider-billed input + output tokens,8.33175,normalized input + visible output tokens,0.01834710447761193892932056137,0.01130527208480565291128819189,private
view_b,high,100000,medium,low,managed,-5,0.8933333333333334,0.9433333333333334,1,4159.0080,3586.4640,4.4640,32.400,72.00,3.1680,14.9760,2880.0,32.49225,provider-billed input + output tokens,28.01925,normalized input + visible output tokens,0.04655605970149253383910002228,0.03801905300353356621773477007,private
view_a,not_applicable,100000,medium,low,private,-5,0.9433333333333334,0.8933333333333334,1,1152.00,579.4560,,,,,,,9.00,provider-billed input + output tokens,4.5270,normalized input + visible output tokens,0.01221201413427561751151843574,0.006486447761194029366683002896,private
view_b,low,100000,medium,low,private,-5,0.9433333333333334,0.8933333333333334,1,1319.0080,746.4640,4.4640,32.400,72.00,3.1680,14.9760,40.00,10.30475,provider-billed input + output tokens,5.83175,normalized input + visible output tokens,0.01398241696113074106131328897,0.008355940298507462062989529962,private
view_b,typical,100000,medium,low,private,-5,0.9433333333333334,0.8933333333333334,1,1639.0080,1066.4640,4.4640,32.400,72.00,3.1680,14.9760,360.0,12.80475,provider-billed input + output tokens,8.33175,normalized input + visible output tokens,0.01737464310954063481451285445,0.01193802985074626776581866785,private
view_b,high,100000,medium,low,private,-5,0.9433333333333334,0.8933333333333334,1,4159.0080,3586.4640,4.4640,32.400,72.00,3.1680,14.9760,2880.0,32.49225,provider-billed input + output tokens,28.01925,normalized input + visible output tokens,0.04408842402826854812095943263,0.04014698507462686267559812876,private
view_a,not_applicable,100000,medium,low,measured,0,0.9433333333333334,0.9433333333333334,1,1152.00,579.4560,,,,,,,9.00,provider-billed input + output tokens,4.5270,normalized input + visible output tokens,0.01221201413427561751151843574,0.006142643109540635608293773177,private
view_b,low,100000,medium,low,measured,0,0.9433333333333334,0.9433333333333334,1,1319.0080,746.4640,4.4640,32.400,72.00,3.1680,14.9760,40.00,10.30475,provider-billed input + output tokens,5.83175,normalized input + visible output tokens,0.01398241696113074106131328897,0.007913045936395759158088626403,private
view_b,typical,100000,medium,low,measured,0,0.9433333333333334,0.9433333333333334,1,1639.0080,1066.4640,4.4640,32.400,72.00,3.1680,14.9760,360.0,12.80475,provider-billed input + output tokens,8.33175,normalized input + visible output tokens,0.01737464310954063481451285445,0.01130527208480565291128819189,private
view_b,high,100000,medium,low,measured,0,0.9433333333333334,0.9433333333333334,1,4159.0080,3586.4640,4.4640,32.400,72.00,3.1680,14.9760,2880.0,32.49225,provider-billed input + output tokens,28.01925,normalized input + visible output tokens,0.04408842402826854812095943263,0.03801905300353356621773477007,private
view_a,not_applicable,100000,medium,low,managed,5,0.9933333333333334,0.9433333333333334,1,1152.00,579.4560,,,,,,,9.00,provider-billed input + output tokens,4.5270,normalized input + visible output tokens,0.01159731543624160995991171569,0.006142643109540635608293773177,private
view_b,low,100000,medium,low,managed,5,0.9933333333333334,0.9433333333333334,1,1319.0080,746.4640,4.4640,32.400,72.00,3.1680,14.9760,40.00,10.30475,provider-billed input + output tokens,5.83175,normalized input + visible output tokens,0.01327860402684563669271113914,0.007913045936395759158088626403,private
view_b,typical,100000,medium,low,managed,5,0.9933333333333334,0.9433333333333334,1,1639.0080,1066.4640,4.4640,32.400,72.00,3.1680,14.9760,360.0,12.80475,provider-billed input + output tokens,8.33175,normalized input + visible output tokens,0.01650008053691275057046439350,0.01130527208480565291128819189,private
view_b,high,100000,medium,low,managed,5,0.9933333333333334,0.9433333333333334,1,4159.0080,3586.4640,4.4640,32.400,72.00,3.1680,14.9760,2880.0,32.49225,provider-billed input + output tokens,28.01925,normalized input + visible output tokens,0.04186920805369127235777127156,0.03801905300353356621773477007,private
view_a,not_applicable,100000,medium,low,private,5,0.9433333333333334,0.9933333333333334,1,1152.00,579.4560,,,,,,,9.00,provider-billed input + output tokens,4.5270,normalized input + visible output tokens,0.01221201413427561751151843574,0.005833449664429529809835592991,private
view_b,low,100000,medium,low,private,5,0.9433333333333334,0.9933333333333334,1,1319.0080,746.4640,4.4640,32.400,72.00,3.1680,14.9760,40.00,10.30475,provider-billed input + output tokens,5.83175,normalized input + visible output tokens,0.01398241696113074106131328897,0.007514738255033556542635016441,private
view_b,typical,100000,medium,low,private,5,0.9433333333333334,0.9933333333333334,1,1639.0080,1066.4640,4.4640,32.400,72.00,3.1680,14.9760,360.0,12.80475,provider-billed input + output tokens,8.33175,normalized input + visible output tokens,0.01737464310954063481451285445,0.01073621476510067042038827080,private
view_b,high,100000,medium,low,private,5,0.9433333333333334,0.9933333333333334,1,4159.0080,3586.4640,4.4640,32.400,72.00,3.1680,14.9760,2880.0,32.49225,provider-billed input + output tokens,28.01925,normalized input + visible output tokens,0.04408842402826854812095943263,0.03610534228187919220769514887,private
view_a,not_applicable,100000,medium,typical,managed,-5,0.8933333333333334,0.9433333333333334,1,1152.00,579.4560,,,,,,,9.00,provider-billed input + output tokens,4.5270,normalized input + visible output tokens,0.01289552238805970053018489641,0.006142643109540635608293773177,private
view_b,low,100000,medium,typical,managed,-5,0.8933333333333334,0.9433333333333334,1,1319.0080,746.4640,4.4640,32.400,72.00,3.1680,14.9760,40.00,10.30475,provider-billed input + output tokens,5.83175,normalized input + visible output tokens,0.01476501492537313322649142348,0.007913045936395759158088626403,private
view_b,typical,100000,medium,typical,managed,-5,0.8933333333333334,0.9433333333333334,1,1639.0080,1066.4640,4.4640,32.400,72.00,3.1680,14.9760,360.0,12.80475,provider-billed input + output tokens,8.33175,normalized input + visible output tokens,0.01834710447761193892932056137,0.01130527208480565291128819189,private
view_b,high,100000,medium,typical,managed,-5,0.8933333333333334,0.9433333333333334,1,4159.0080,3586.4640,4.4640,32.400,72.00,3.1680,14.9760,2880.0,32.49225,provider-billed input + output tokens,28.01925,normalized input + visible output tokens,0.04655605970149253383910002228,0.03801905300353356621773477007,private
view_a,not_applicable,100000,medium,typical,private,-5,0.9433333333333334,0.8933333333333334,1,1152.00,579.4560,,,,,,,9.00,provider-billed input + output tokens,4.5270,normalized input + visible output tokens,0.01221201413427561751151843574,0.006486447761194029366683002896,private
view_b,low,100000,medium,typical,private,-5,0.9433333333333334,0.8933333333333334,1,1319.0080,746.4640,4.4640,32.400,72.00,3.1680,14.9760,40.00,10.30475,provider-billed input + output tokens,5.83175,normalized input + visible output tokens,0.01398241696113074106131328897,0.008355940298507462062989529962,private
view_b,typical,100000,medium,typical,private,-5,0.9433333333333334,0.8933333333333334,1,1639.0080,1066.4640,4.4640,32.400,72.00,3.1680,14.9760,360.0,12.80475,provider-billed input + output tokens,8.33175,normalized input + visible output tokens,0.01737464310954063481451285445,0.01193802985074626776581866785,private
view_b,high,100000,medium,typical,private,-5,0.9433333333333334,0.8933333333333334,1,4159.0080,3586.4640,4.4640,32.400,72.00,3.1680,14.9760,2880.0,32.49225,provider-billed input + output tokens,28.01925,normalized input + visible output tokens,0.04408842402826854812095943263,0.04014698507462686267559812876,private
view_a,not_applicable,100000,medium,typical,measured,0,0.9433333333333334,0.9433333333333334,1,1152.00,579.4560,,,,,,,9.00,provider-billed input + output tokens,4.5270,normalized input + visible output tokens,0.01221201413427561751151843574,0.006142643109540635608293773177,private
view_b,low,100000,medium,typical,measured,0,0.9433333333333334,0.9433333333333334,1,1319.0080,746.4640,4.4640,32.400,72.00,3.1680,14.9760,40.00,10.30475,provider-billed input + output tokens,5.83175,normalized input + visible output tokens,0.01398241696113074106131328897,0.007913045936395759158088626403,private
view_b,typical,100000,medium,typical,measured,0,0.9433333333333334,0.9433333333333334,1,1639.0080,1066.4640,4.4640,32.400,72.00,3.1680,14.9760,360.0,12.80475,provider-billed input + output tokens,8.33175,normalized input + visible output tokens,0.01737464310954063481451285445,0.01130527208480565291128819189,private
view_b,high,100000,medium,typical,measured,0,0.9433333333333334,0.9433333333333334,1,4159.0080,3586.4640,4.4640,32.400,72.00,3.1680,14.9760,2880.0,32.49225,provider-billed input + output tokens,28.01925,normalized input + visible output tokens,0.04408842402826854812095943263,0.03801905300353356621773477007,private
view_a,not_applicable,100000,medium,typical,managed,5,0.9933333333333334,0.9433333333333334,1,1152.00,579.4560,,,,,,,9.00,provider-billed input + output tokens,4.5270,normalized input + visible output tokens,0.01159731543624160995991171569,0.006142643109540635608293773177,private
view_b,low,100000,medium,typical,managed,5,0.9933333333333334,0.9433333333333334,1,1319.0080,746.4640,4.4640,32.400,72.00,3.1680,14.9760,40.00,10.30475,provider-billed input + output tokens,5.83175,normalized input + visible output tokens,0.01327860402684563669271113914,0.007913045936395759158088626403,private
view_b,typical,100000,medium,typical,managed,5,0.9933333333333334,0.9433333333333334,1,1639.0080,1066.4640,4.4640,32.400,72.00,3.1680,14.9760,360.0,12.80475,provider-billed input + output tokens,8.33175,normalized input + visible output tokens,0.01650008053691275057046439350,0.01130527208480565291128819189,private
view_b,high,100000,medium,typical,managed,5,0.9933333333333334,0.9433333333333334,1,4159.0080,3586.4640,4.4640,32.400,72.00,3.1680,14.9760,2880.0,32.49225,provider-billed input + output tokens,28.01925,normalized input + visible output tokens,0.04186920805369127235777127156,0.03801905300353356621773477007,private
view_a,not_applicable,100000,medium,typical,private,5,0.9433333333333334,0.9933333333333334,1,1152.00,579.4560,,,,,,,9.00,provider-billed input + output tokens,4.5270,normalized input + visible output tokens,0.01221201413427561751151843574,0.005833449664429529809835592991,private
view_b,low,100000,medium,typical,private,5,0.9433333333333334,0.9933333333333334,1,1319.0080,746.4640,4.4640,32.400,72.00,3.1680,14.9760,40.00,10.30475,provider-billed input + output tokens,5.83175,normalized input + visible output tokens,0.01398241696113074106131328897,0.007514738255033556542635016441,private
view_b,typical,100000,medium,typical,private,5,0.9433333333333334,0.9933333333333334,1,1639.0080,1066.4640,4.4640,32.400,72.00,3.1680,14.9760,360.0,12.80475,provider-billed input + output tokens,8.33175,normalized input + visible output tokens,0.01737464310954063481451285445,0.01073621476510067042038827080,private
view_b,high,100000,medium,typical,private,5,0.9433333333333334,0.9933333333333334,1,4159.0080,3586.4640,4.4640,32.400,72.00,3.1680,14.9760,2880.0,32.49225,provider-billed input + output tokens,28.01925,normalized input + visible output tokens,0.04408842402826854812095943263,0.03610534228187919220769514887,private
view_a,not_applicable,100000,medium,high,managed,-5,0.8933333333333334,0.9433333333333334,1,1152.00,579.4560,,,,,,,9.00,provider-billed input + output tokens,4.5270,normalized input + visible output tokens,0.01289552238805970053018489641,0.006142643109540635608293773177,private
view_b,low,100000,medium,high,managed,-5,0.8933333333333334,0.9433333333333334,1,1319.0080,746.4640,4.4640,32.400,72.00,3.1680,14.9760,40.00,10.30475,provider-billed input + output tokens,5.83175,normalized input + visible output tokens,0.01476501492537313322649142348,0.007913045936395759158088626403,private
view_b,typical,100000,medium,high,managed,-5,0.8933333333333334,0.9433333333333334,1,1639.0080,1066.4640,4.4640,32.400,72.00,3.1680,14.9760,360.0,12.80475,provider-billed input + output tokens,8.33175,normalized input + visible output tokens,0.01834710447761193892932056137,0.01130527208480565291128819189,private
view_b,high,100000,medium,high,managed,-5,0.8933333333333334,0.9433333333333334,1,4159.0080,3586.4640,4.4640,32.400,72.00,3.1680,14.9760,2880.0,32.49225,provider-billed input + output tokens,28.01925,normalized input + visible output tokens,0.04655605970149253383910002228,0.03801905300353356621773477007,private
view_a,not_applicable,100000,medium,high,private,-5,0.9433333333333334,0.8933333333333334,1,1152.00,579.4560,,,,,,,9.00,provider-billed input + output tokens,4.5270,normalized input + visible output tokens,0.01221201413427561751151843574,0.006486447761194029366683002896,private
view_b,low,100000,medium,high,private,-5,0.9433333333333334,0.8933333333333334,1,1319.0080,746.4640,4.4640,32.400,72.00,3.1680,14.9760,40.00,10.30475,provider-billed input + output tokens,5.83175,normalized input + visible output tokens,0.01398241696113074106131328897,0.008355940298507462062989529962,private
view_b,typical,100000,medium,high,private,-5,0.9433333333333334,0.8933333333333334,1,1639.0080,1066.4640,4.4640,32.400,72.00,3.1680,14.9760,360.0,12.80475,provider-billed input + output tokens,8.33175,normalized input + visible output tokens,0.01737464310954063481451285445,0.01193802985074626776581866785,private
view_b,high,100000,medium,high,private,-5,0.9433333333333334,0.8933333333333334,1,4159.0080,3586.4640,4.4640,32.400,72.00,3.1680,14.9760,2880.0,32.49225,provider-billed input + output tokens,28.01925,normalized input + visible output tokens,0.04408842402826854812095943263,0.04014698507462686267559812876,private
view_a,not_applicable,100000,medium,high,measured,0,0.9433333333333334,0.9433333333333334,1,1152.00,579.4560,,,,,,,9.00,provider-billed input + output tokens,4.5270,normalized input + visible output tokens,0.01221201413427561751151843574,0.006142643109540635608293773177,private
view_b,low,100000,medium,high,measured,0,0.9433333333333334,0.9433333333333334,1,1319.0080,746.4640,4.4640,32.400,72.00,3.1680,14.9760,40.00,10.30475,provider-billed input + output tokens,5.83175,normalized input + visible output tokens,0.01398241696113074106131328897,0.007913045936395759158088626403,private
view_b,typical,100000,medium,high,measured,0,0.9433333333333334,0.9433333333333334,1,1639.0080,1066.4640,4.4640,32.400,72.00,3.1680,14.9760,360.0,12.80475,provider-billed input + output tokens,8.33175,normalized input + visible output tokens,0.01737464310954063481451285445,0.01130527208480565291128819189,private
view_b,high,100000,medium,high,measured,0,0.9433333333333334,0.9433333333333334,1,4159.0080,3586.4640,4.4640,32.400,72.00,3.1680,14.9760,2880.0,32.49225,provider-billed input + output tokens,28.01925,normalized input + visible output tokens,0.04408842402826854812095943263,0.03801905300353356621773477007,private
view_a,not_applicable,100000,medium,high,managed,5,0.9933333333333334,0.9433333333333334,1,1152.00,579.4560,,,,,,,9.00,provider-billed input + output tokens,4.5270,normalized input + visible output tokens,0.01159731543624160995991171569,0.006142643109540635608293773177,private
view_b,low,100000,medium,high,managed,5,0.9933333333333334,0.9433333333333334,1,1319.0080,746.4640,4.4640,32.400,72.00,3.1680,14.9760,40.00,10.30475,provider-billed input + output tokens,5.83175,normalized input + visible output tokens,0.01327860402684563669271113914,0.007913045936395759158088626403,private
view_b,typical,100000,medium,high,managed,5,0.9933333333333334,0.9433333333333334,1,1639.0080,1066.4640,4.4640,32.400,72.00,3.1680,14.9760,360.0,12.80475,provider-billed input + output tokens,8.33175,normalized input + visible output tokens,0.01650008053691275057046439350,0.01130527208480565291128819189,private
view_b,high,100000,medium,high,managed,5,0.9933333333333334,0.9433333333333334,1,4159.0080,3586.4640,4.4640,32.400,72.00,3.1680,14.9760,2880.0,32.49225,provider-billed input + output tokens,28.01925,normalized input + visible output tokens,0.04186920805369127235777127156,0.03801905300353356621773477007,private
view_a,not_applicable,100000,medium,high,private,5,0.9433333333333334,0.9933333333333334,1,1152.00,579.4560,,,,,,,9.00,provider-billed input + output tokens,4.5270,normalized input + visible output tokens,0.01221201413427561751151843574,0.005833449664429529809835592991,private
view_b,low,100000,medium,high,private,5,0.9433333333333334,0.9933333333333334,1,1319.0080,746.4640,4.4640,32.400,72.00,3.1680,14.9760,40.00,10.30475,provider-billed input + output tokens,5.83175,normalized input + visible output tokens,0.01398241696113074106131328897,0.007514738255033556542635016441,private
view_b,typical,100000,medium,high,private,5,0.9433333333333334,0.9933333333333334,1,1639.0080,1066.4640,4.4640,32.400,72.00,3.1680,14.9760,360.0,12.80475,provider-billed input + output tokens,8.33175,normalized input + visible output tokens,0.01737464310954063481451285445,0.01073621476510067042038827080,private
view_b,high,100000,medium,high,private,5,0.9433333333333334,0.9933333333333334,1,4159.0080,3586.4640,4.4640,32.400,72.00,3.1680,14.9760,2880.0,32.49225,provider-billed input + output tokens,28.01925,normalized input + visible output tokens,0.04408842402826854812095943263,0.03610534228187919220769514887,private
view_a,not_applicable,500000,short,low,managed,-5,0.8933333333333334,0.9433333333333334,5,1440.00,2897.2800,,,,,,,9.00,provider-billed input + output tokens,18.1080,normalized input + visible output tokens,0.003223880597014925132546224103,0.006142643109540635608293773177,managed
view_b,low,500000,short,low,managed,-5,0.8933333333333334,0.9433333333333334,5,1607.0080,3064.2880,4.4640,32.400,72.00,3.1680,14.9760,40.00,10.0438,provider-billed input + output tokens,19.1518,normalized input + visible output tokens,0.003597779104477611671807529517,0.006496723674911660318252743822,managed
view_b,typical,500000,short,low,managed,-5,0.8933333333333334,0.9433333333333334,5,1927.0080,3384.2880,4.4640,32.400,72.00,3.1680,14.9760,360.0,12.0438,provider-billed input + output tokens,21.1518,normalized input + visible output tokens,0.004314197014925372812373357095,0.007175168904593639068892656919,managed
view_b,high,500000,short,low,managed,-5,0.8933333333333334,0.9433333333333334,5,4447.0080,5904.2880,4.4640,32.400,72.00,3.1680,14.9760,2880.0,27.7938,provider-billed input + output tokens,36.9018,normalized input + visible output tokens,0.009955988059701491794329249276,0.01251792508833922173018197256,managed
view_a,not_applicable,500000,short,low,private,-5,0.9433333333333334,0.8933333333333334,5,1440.00,2897.2800,,,,,,,9.00,provider-billed input + output tokens,18.1080,normalized input + visible output tokens,0.003053003533568904377879608935,0.006486447761194029366683002896,managed
view_b,low,500000,short,low,private,-5,0.9433333333333334,0.8933333333333334,5,1607.0080,3064.2880,4.4640,32.400,72.00,3.1680,14.9760,40.00,10.0438,provider-billed input + output tokens,19.1518,normalized input + visible output tokens,0.003407084098939929087838579580,0.006860346268656715905944308309,managed
view_b,typical,500000,short,low,private,-5,0.9433333333333334,0.8933333333333334,5,1927.0080,3384.2880,4.4640,32.400,72.00,3.1680,14.9760,360.0,12.0438,provider-billed input + output tokens,21.1518,normalized input + visible output tokens,0.004085529328621907838478492677,0.007576764179104477046510135888,managed
view_b,high,500000,short,low,private,-5,0.9433333333333334,0.8933333333333334,5,4447.0080,5904.2880,4.4640,32.400,72.00,3.1680,14.9760,2880.0,27.7938,provider-billed input + output tokens,36.9018,normalized input + visible output tokens,0.009428285512367490499767808313,0.01321855522388059602846602807,managed
view_a,not_applicable,500000,short,low,measured,0,0.9433333333333334,0.9433333333333334,5,1440.00,2897.2800,,,,,,,9.00,provider-billed input + output tokens,18.1080,normalized input + visible output tokens,0.003053003533568904377879608935,0.006142643109540635608293773177,managed
view_b,low,500000,short,low,measured,0,0.9433333333333334,0.9433333333333334,5,1607.0080,3064.2880,4.4640,32.400,72.00,3.1680,14.9760,40.00,10.0438,provider-billed input + output tokens,19.1518,normalized input + visible output tokens,0.003407084098939929087838579580,0.006496723674911660318252743822,managed
view_b,typical,500000,short,low,measured,0,0.9433333333333334,0.9433333333333334,5,1927.0080,3384.2880,4.4640,32.400,72.00,3.1680,14.9760,360.0,12.0438,provider-billed input + output tokens,21.1518,normalized input + visible output tokens,0.004085529328621907838478492677,0.007175168904593639068892656919,managed
view_b,high,500000,short,low,measured,0,0.9433333333333334,0.9433333333333334,5,4447.0080,5904.2880,4.4640,32.400,72.00,3.1680,14.9760,2880.0,27.7938,provider-billed input + output tokens,36.9018,normalized input + visible output tokens,0.009428285512367490499767808313,0.01251792508833922173018197256,managed
view_a,not_applicable,500000,short,low,managed,5,0.9933333333333334,0.9433333333333334,5,1440.00,2897.2800,,,,,,,9.00,provider-billed input + output tokens,18.1080,normalized input + visible output tokens,0.002899328859060402489977928922,0.006142643109540635608293773177,managed
view_b,low,500000,short,low,managed,5,0.9933333333333334,0.9433333333333334,5,1607.0080,3064.2880,4.4640,32.400,72.00,3.1680,14.9760,40.00,10.0438,provider-billed input + output tokens,19.1518,normalized input + visible output tokens,0.003235586577181207836537813612,0.006496723674911660318252743822,managed
view_b,typical,500000,short,low,managed,5,0.9933333333333334,0.9433333333333334,5,1927.0080,3384.2880,4.4640,32.400,72.00,3.1680,14.9760,360.0,12.0438,provider-billed input + output tokens,21.1518,normalized input + visible output tokens,0.003879881879194630612088464484,0.007175168904593639068892656919,managed
view_b,high,500000,short,low,managed,5,0.9933333333333334,0.9433333333333334,5,4447.0080,5904.2880,4.4640,32.400,72.00,3.1680,14.9760,2880.0,27.7938,provider-billed input + output tokens,36.9018,normalized input + visible output tokens,0.008953707382550334969549840097,0.01251792508833922173018197256,managed
view_a,not_applicable,500000,short,low,private,5,0.9433333333333334,0.9933333333333334,5,1440.00,2897.2800,,,,,,,9.00,provider-billed input + output tokens,18.1080,normalized input + visible output tokens,0.003053003533568904377879608935,0.005833449664429529809835592991,managed
view_b,low,500000,short,low,private,5,0.9433333333333334,0.9933333333333334,5,1607.0080,3064.2880,4.4640,32.400,72.00,3.1680,14.9760,40.00,10.0438,provider-billed input + output tokens,19.1518,normalized input + visible output tokens,0.003407084098939929087838579580,0.006169707382550335156395477681,managed
view_b,typical,500000,short,low,private,5,0.9433333333333334,0.9933333333333334,5,1927.0080,3384.2880,4.4640,32.400,72.00,3.1680,14.9760,360.0,12.0438,provider-billed input + output tokens,21.1518,normalized input + visible output tokens,0.004085529328621907838478492677,0.006814002684563757931946128553,managed
view_b,high,500000,short,low,private,5,0.9433333333333334,0.9933333333333334,5,4447.0080,5904.2880,4.4640,32.400,72.00,3.1680,14.9760,2880.0,27.7938,provider-billed input + output tokens,36.9018,normalized input + visible output tokens,0.009428285512367490499767808313,0.01188782818791946228940750417,managed
view_a,not_applicable,500000,short,typical,managed,-5,0.8933333333333334,0.9433333333333334,1,1440.00,579.4560,,,,,,,9.00,provider-billed input + output tokens,3.6216,normalized input + visible output tokens,0.003223880597014925132546224103,0.001228528621908127121658754635,private
view_b,low,500000,short,typical,managed,-5,0.8933333333333334,0.9433333333333334,1,1607.0080,746.4640,4.4640,32.400,72.00,3.1680,14.9760,40.00,10.0438,provider-billed input + output tokens,4.6654,normalized input + visible output tokens,0.003597779104477611671807529517,0.001582609187279151831617725281,private
view_b,typical,500000,short,typical,managed,-5,0.8933333333333334,0.9433333333333334,1,1927.0080,1066.4640,4.4640,32.400,72.00,3.1680,14.9760,360.0,12.0438,provider-billed input + output tokens,6.6654,normalized input + visible output tokens,0.004314197014925372812373357095,0.002261054416961130582257638377,private
view_b,high,500000,short,typical,managed,-5,0.8933333333333334,0.9433333333333334,1,4447.0080,3586.4640,4.4640,32.400,72.00,3.1680,14.9760,2880.0,27.7938,provider-billed input + output tokens,22.4154,normalized input + visible output tokens,0.009955988059701491794329249276,0.007603810600706713243546954014,private
view_a,not_applicable,500000,short,typical,private,-5,0.9433333333333334,0.8933333333333334,1,1440.00,579.4560,,,,,,,9.00,provider-billed input + output tokens,3.6216,normalized input + visible output tokens,0.003053003533568904377879608935,0.001297289552238805873336600579,private
view_b,low,500000,short,typical,private,-5,0.9433333333333334,0.8933333333333334,1,1607.0080,746.4640,4.4640,32.400,72.00,3.1680,14.9760,40.00,10.0438,provider-billed input + output tokens,4.6654,normalized input + visible output tokens,0.003407084098939929087838579580,0.001671188059701492412597905992,private
view_b,typical,500000,short,typical,private,-5,0.9433333333333334,0.8933333333333334,1,1927.0080,1066.4640,4.4640,32.400,72.00,3.1680,14.9760,360.0,12.0438,provider-billed input + output tokens,6.6654,normalized input + visible output tokens,0.004085529328621907838478492677,0.002387605970149253553163733571,private
view_b,high,500000,short,typical,private,-5,0.9433333333333334,0.8933333333333334,1,4447.0080,3586.4640,4.4640,32.400,72.00,3.1680,14.9760,2880.0,27.7938,provider-billed input + output tokens,22.4154,normalized input + visible output tokens,0.009428285512367490499767808313,0.008029397014925372535119625752,private
view_a,not_applicable,500000,short,typical,measured,0,0.9433333333333334,0.9433333333333334,1,1440.00,579.4560,,,,,,,9.00,provider-billed input + output tokens,3.6216,normalized input + visible output tokens,0.003053003533568904377879608935,0.001228528621908127121658754635,private
view_b,low,500000,short,typical,measured,0,0.9433333333333334,0.9433333333333334,1,1607.0080,746.4640,4.4640,32.400,72.00,3.1680,14.9760,40.00,10.0438,provider-billed input + output tokens,4.6654,normalized input + visible output tokens,0.003407084098939929087838579580,0.001582609187279151831617725281,private
view_b,typical,500000,short,typical,measured,0,0.9433333333333334,0.9433333333333334,1,1927.0080,1066.4640,4.4640,32.400,72.00,3.1680,14.9760,360.0,12.0438,provider-billed input + output tokens,6.6654,normalized input + visible output tokens,0.004085529328621907838478492677,0.002261054416961130582257638377,private
view_b,high,500000,short,typical,measured,0,0.9433333333333334,0.9433333333333334,1,4447.0080,3586.4640,4.4640,32.400,72.00,3.1680,14.9760,2880.0,27.7938,provider-billed input + output tokens,22.4154,normalized input + visible output tokens,0.009428285512367490499767808313,0.007603810600706713243546954014,private
view_a,not_applicable,500000,short,typical,managed,5,0.9933333333333334,0.9433333333333334,1,1440.00,579.4560,,,,,,,9.00,provider-billed input + output tokens,3.6216,normalized input + visible output tokens,0.002899328859060402489977928922,0.001228528621908127121658754635,private
view_b,low,500000,short,typical,managed,5,0.9933333333333334,0.9433333333333334,1,1607.0080,746.4640,4.4640,32.400,72.00,3.1680,14.9760,40.00,10.0438,provider-billed input + output tokens,4.6654,normalized input + visible output tokens,0.003235586577181207836537813612,0.001582609187279151831617725281,private
view_b,typical,500000,short,typical,managed,5,0.9933333333333334,0.9433333333333334,1,1927.0080,1066.4640,4.4640,32.400,72.00,3.1680,14.9760,360.0,12.0438,provider-billed input + output tokens,6.6654,normalized input + visible output tokens,0.003879881879194630612088464484,0.002261054416961130582257638377,private
view_b,high,500000,short,typical,managed,5,0.9933333333333334,0.9433333333333334,1,4447.0080,3586.4640,4.4640,32.400,72.00,3.1680,14.9760,2880.0,27.7938,provider-billed input + output tokens,22.4154,normalized input + visible output tokens,0.008953707382550334969549840097,0.007603810600706713243546954014,private
view_a,not_applicable,500000,short,typical,private,5,0.9433333333333334,0.9933333333333334,1,1440.00,579.4560,,,,,,,9.00,provider-billed input + output tokens,3.6216,normalized input + visible output tokens,0.003053003533568904377879608935,0.001166689932885905961967118598,private
view_b,low,500000,short,typical,private,5,0.9433333333333334,0.9933333333333334,1,1607.0080,746.4640,4.4640,32.400,72.00,3.1680,14.9760,40.00,10.0438,provider-billed input + output tokens,4.6654,normalized input + visible output tokens,0.003407084098939929087838579580,0.001502947651006711308527003288,private
view_b,typical,500000,short,typical,private,5,0.9433333333333334,0.9933333333333334,1,1927.0080,1066.4640,4.4640,32.400,72.00,3.1680,14.9760,360.0,12.0438,provider-billed input + output tokens,6.6654,normalized input + visible output tokens,0.004085529328621907838478492677,0.002147242953020134084077654160,private
view_b,high,500000,short,typical,private,5,0.9433333333333334,0.9933333333333334,1,4447.0080,3586.4640,4.4640,32.400,72.00,3.1680,14.9760,2880.0,27.7938,provider-billed input + output tokens,22.4154,normalized input + visible output tokens,0.009428285512367490499767808313,0.007221068456375838441539029773,private
view_a,not_applicable,500000,short,high,managed,-5,0.8933333333333334,0.9433333333333334,1,1440.00,579.4560,,,,,,,9.00,provider-billed input + output tokens,3.6216,normalized input + visible output tokens,0.003223880597014925132546224103,0.001228528621908127121658754635,private
view_b,low,500000,short,high,managed,-5,0.8933333333333334,0.9433333333333334,1,1607.0080,746.4640,4.4640,32.400,72.00,3.1680,14.9760,40.00,10.0438,provider-billed input + output tokens,4.6654,normalized input + visible output tokens,0.003597779104477611671807529517,0.001582609187279151831617725281,private
view_b,typical,500000,short,high,managed,-5,0.8933333333333334,0.9433333333333334,1,1927.0080,1066.4640,4.4640,32.400,72.00,3.1680,14.9760,360.0,12.0438,provider-billed input + output tokens,6.6654,normalized input + visible output tokens,0.004314197014925372812373357095,0.002261054416961130582257638377,private
view_b,high,500000,short,high,managed,-5,0.8933333333333334,0.9433333333333334,1,4447.0080,3586.4640,4.4640,32.400,72.00,3.1680,14.9760,2880.0,27.7938,provider-billed input + output tokens,22.4154,normalized input + visible output tokens,0.009955988059701491794329249276,0.007603810600706713243546954014,private
view_a,not_applicable,500000,short,high,private,-5,0.9433333333333334,0.8933333333333334,1,1440.00,579.4560,,,,,,,9.00,provider-billed input + output tokens,3.6216,normalized input + visible output tokens,0.003053003533568904377879608935,0.001297289552238805873336600579,private
view_b,low,500000,short,high,private,-5,0.9433333333333334,0.8933333333333334,1,1607.0080,746.4640,4.4640,32.400,72.00,3.1680,14.9760,40.00,10.0438,provider-billed input + output tokens,4.6654,normalized input + visible output tokens,0.003407084098939929087838579580,0.001671188059701492412597905992,private
view_b,typical,500000,short,high,private,-5,0.9433333333333334,0.8933333333333334,1,1927.0080,1066.4640,4.4640,32.400,72.00,3.1680,14.9760,360.0,12.0438,provider-billed input + output tokens,6.6654,normalized input + visible output tokens,0.004085529328621907838478492677,0.002387605970149253553163733571,private
view_b,high,500000,short,high,private,-5,0.9433333333333334,0.8933333333333334,1,4447.0080,3586.4640,4.4640,32.400,72.00,3.1680,14.9760,2880.0,27.7938,provider-billed input + output tokens,22.4154,normalized input + visible output tokens,0.009428285512367490499767808313,0.008029397014925372535119625752,private
view_a,not_applicable,500000,short,high,measured,0,0.9433333333333334,0.9433333333333334,1,1440.00,579.4560,,,,,,,9.00,provider-billed input + output tokens,3.6216,normalized input + visible output tokens,0.003053003533568904377879608935,0.001228528621908127121658754635,private
view_b,low,500000,short,high,measured,0,0.9433333333333334,0.9433333333333334,1,1607.0080,746.4640,4.4640,32.400,72.00,3.1680,14.9760,40.00,10.0438,provider-billed input + output tokens,4.6654,normalized input + visible output tokens,0.003407084098939929087838579580,0.001582609187279151831617725281,private
view_b,typical,500000,short,high,measured,0,0.9433333333333334,0.9433333333333334,1,1927.0080,1066.4640,4.4640,32.400,72.00,3.1680,14.9760,360.0,12.0438,provider-billed input + output tokens,6.6654,normalized input + visible output tokens,0.004085529328621907838478492677,0.002261054416961130582257638377,private
view_b,high,500000,short,high,measured,0,0.9433333333333334,0.9433333333333334,1,4447.0080,3586.4640,4.4640,32.400,72.00,3.1680,14.9760,2880.0,27.7938,provider-billed input + output tokens,22.4154,normalized input + visible output tokens,0.009428285512367490499767808313,0.007603810600706713243546954014,private
view_a,not_applicable,500000,short,high,managed,5,0.9933333333333334,0.9433333333333334,1,1440.00,579.4560,,,,,,,9.00,provider-billed input + output tokens,3.6216,normalized input + visible output tokens,0.002899328859060402489977928922,0.001228528621908127121658754635,private
view_b,low,500000,short,high,managed,5,0.9933333333333334,0.9433333333333334,1,1607.0080,746.4640,4.4640,32.400,72.00,3.1680,14.9760,40.00,10.0438,provider-billed input + output tokens,4.6654,normalized input + visible output tokens,0.003235586577181207836537813612,0.001582609187279151831617725281,private
view_b,typical,500000,short,high,managed,5,0.9933333333333334,0.9433333333333334,1,1927.0080,1066.4640,4.4640,32.400,72.00,3.1680,14.9760,360.0,12.0438,provider-billed input + output tokens,6.6654,normalized input + visible output tokens,0.003879881879194630612088464484,0.002261054416961130582257638377,private
view_b,high,500000,short,high,managed,5,0.9933333333333334,0.9433333333333334,1,4447.0080,3586.4640,4.4640,32.400,72.00,3.1680,14.9760,2880.0,27.7938,provider-billed input + output tokens,22.4154,normalized input + visible output tokens,0.008953707382550334969549840097,0.007603810600706713243546954014,private
view_a,not_applicable,500000,short,high,private,5,0.9433333333333334,0.9933333333333334,1,1440.00,579.4560,,,,,,,9.00,provider-billed input + output tokens,3.6216,normalized input + visible output tokens,0.003053003533568904377879608935,0.001166689932885905961967118598,private
view_b,low,500000,short,high,private,5,0.9433333333333334,0.9933333333333334,1,1607.0080,746.4640,4.4640,32.400,72.00,3.1680,14.9760,40.00,10.0438,provider-billed input + output tokens,4.6654,normalized input + visible output tokens,0.003407084098939929087838579580,0.001502947651006711308527003288,private
view_b,typical,500000,short,high,private,5,0.9433333333333334,0.9933333333333334,1,1927.0080,1066.4640,4.4640,32.400,72.00,3.1680,14.9760,360.0,12.0438,provider-billed input + output tokens,6.6654,normalized input + visible output tokens,0.004085529328621907838478492677,0.002147242953020134084077654160,private
view_b,high,500000,short,high,private,5,0.9433333333333334,0.9933333333333334,1,4447.0080,3586.4640,4.4640,32.400,72.00,3.1680,14.9760,2880.0,27.7938,provider-billed input + output tokens,22.4154,normalized input + visible output tokens,0.009428285512367490499767808313,0.007221068456375838441539029773,private
view_a,not_applicable,500000,medium,low,managed,-5,0.8933333333333334,0.9433333333333334,5,5760.00,2897.2800,,,,,,,9.00,provider-billed input + output tokens,4.5270,normalized input + visible output tokens,0.01289552238805970053018489641,0.006142643109540635608293773177,private
view_b,low,500000,medium,low,managed,-5,0.8933333333333334,0.9433333333333334,5,5927.0080,3064.2880,4.4640,32.400,72.00,3.1680,14.9760,40.00,9.26095,provider-billed input + output tokens,4.78795,normalized input + visible output tokens,0.01326942089552238706944620183,0.006496723674911660318252743822,private
view_b,typical,500000,medium,low,managed,-5,0.8933333333333334,0.9433333333333334,5,6247.0080,3384.2880,4.4640,32.400,72.00,3.1680,14.9760,360.0,9.76095,provider-billed input + output tokens,5.28795,normalized input + visible output tokens,0.01398583880597014821001202941,0.007175168904593639068892656919,private
view_b,high,500000,medium,low,managed,-5,0.8933333333333334,0.9433333333333334,5,8767.0080,5904.2880,4.4640,32.400,72.00,3.1680,14.9760,2880.0,13.69845,provider-billed input + output tokens,9.22545,normalized input + visible output tokens,0.01962762985074626719196792159,0.01251792508833922173018197256,private
view_a,not_applicable,500000,medium,low,private,-5,0.9433333333333334,0.8933333333333334,5,5760.00,2897.2800,,,,,,,9.00,provider-billed input + output tokens,4.5270,normalized input + visible output tokens,0.01221201413427561751151843574,0.006486447761194029366683002896,private
view_b,low,500000,medium,low,private,-5,0.9433333333333334,0.8933333333333334,5,5927.0080,3064.2880,4.4640,32.400,72.00,3.1680,14.9760,40.00,9.26095,provider-billed input + output tokens,4.78795,normalized input + visible output tokens,0.01256609469964664222147740639,0.006860346268656715905944308309,private
view_b,typical,500000,medium,low,private,-5,0.9433333333333334,0.8933333333333334,5,6247.0080,3384.2880,4.4640,32.400,72.00,3.1680,14.9760,360.0,9.76095,provider-billed input + output tokens,5.28795,normalized input + visible output tokens,0.01324453992932862097211731948,0.007576764179104477046510135888,private
view_b,high,500000,medium,low,private,-5,0.9433333333333334,0.8933333333333334,5,8767.0080,5904.2880,4.4640,32.400,72.00,3.1680,14.9760,2880.0,13.69845,provider-billed input + output tokens,9.22545,normalized input + visible output tokens,0.01858729611307420363340663512,0.01321855522388059602846602807,private
view_a,not_applicable,500000,medium,low,measured,0,0.9433333333333334,0.9433333333333334,5,5760.00,2897.2800,,,,,,,9.00,provider-billed input + output tokens,4.5270,normalized input + visible output tokens,0.01221201413427561751151843574,0.006142643109540635608293773177,private
view_b,low,500000,medium,low,measured,0,0.9433333333333334,0.9433333333333334,5,5927.0080,3064.2880,4.4640,32.400,72.00,3.1680,14.9760,40.00,9.26095,provider-billed input + output tokens,4.78795,normalized input + visible output tokens,0.01256609469964664222147740639,0.006496723674911660318252743822,private
view_b,typical,500000,medium,low,measured,0,0.9433333333333334,0.9433333333333334,5,6247.0080,3384.2880,4.4640,32.400,72.00,3.1680,14.9760,360.0,9.76095,provider-billed input + output tokens,5.28795,normalized input + visible output tokens,0.01324453992932862097211731948,0.007175168904593639068892656919,private
view_b,high,500000,medium,low,measured,0,0.9433333333333334,0.9433333333333334,5,8767.0080,5904.2880,4.4640,32.400,72.00,3.1680,14.9760,2880.0,13.69845,provider-billed input + output tokens,9.22545,normalized input + visible output tokens,0.01858729611307420363340663512,0.01251792508833922173018197256,private
view_a,not_applicable,500000,medium,low,managed,5,0.9933333333333334,0.9433333333333334,5,5760.00,2897.2800,,,,,,,9.00,provider-billed input + output tokens,4.5270,normalized input + visible output tokens,0.01159731543624160995991171569,0.006142643109540635608293773177,private
view_b,low,500000,medium,low,managed,5,0.9933333333333334,0.9433333333333334,5,5927.0080,3064.2880,4.4640,32.400,72.00,3.1680,14.9760,40.00,9.26095,provider-billed input + output tokens,4.78795,normalized input + visible output tokens,0.01193357315436241530647160038,0.006496723674911660318252743822,private
view_b,typical,500000,medium,low,managed,5,0.9933333333333334,0.9433333333333334,5,6247.0080,3384.2880,4.4640,32.400,72.00,3.1680,14.9760,360.0,9.76095,provider-billed input + output tokens,5.28795,normalized input + visible output tokens,0.01257786845637583808202225125,0.007175168904593639068892656919,private
view_b,high,500000,medium,low,managed,5,0.9933333333333334,0.9433333333333334,5,8767.0080,5904.2880,4.4640,32.400,72.00,3.1680,14.9760,2880.0,13.69845,provider-billed input + output tokens,9.22545,normalized input + visible output tokens,0.01765169395973154243948362686,0.01251792508833922173018197256,private
view_a,not_applicable,500000,medium,low,private,5,0.9433333333333334,0.9933333333333334,5,5760.00,2897.2800,,,,,,,9.00,provider-billed input + output tokens,4.5270,normalized input + visible output tokens,0.01221201413427561751151843574,0.005833449664429529809835592991,private
view_b,low,500000,medium,low,private,5,0.9433333333333334,0.9933333333333334,5,5927.0080,3064.2880,4.4640,32.400,72.00,3.1680,14.9760,40.00,9.26095,provider-billed input + output tokens,4.78795,normalized input + visible output tokens,0.01256609469964664222147740639,0.006169707382550335156395477681,private
view_b,typical,500000,medium,low,private,5,0.9433333333333334,0.9933333333333334,5,6247.0080,3384.2880,4.4640,32.400,72.00,3.1680,14.9760,360.0,9.76095,provider-billed input + output tokens,5.28795,normalized input + visible output tokens,0.01324453992932862097211731948,0.006814002684563757931946128553,private
view_b,high,500000,medium,low,private,5,0.9433333333333334,0.9933333333333334,5,8767.0080,5904.2880,4.4640,32.400,72.00,3.1680,14.9760,2880.0,13.69845,provider-billed input + output tokens,9.22545,normalized input + visible output tokens,0.01858729611307420363340663512,0.01188782818791946228940750417,private
view_a,not_applicable,500000,medium,typical,managed,-5,0.8933333333333334,0.9433333333333334,1,5760.00,579.4560,,,,,,,9.00,provider-billed input + output tokens,0.9054,normalized input + visible output tokens,0.01289552238805970053018489641,0.001228528621908127121658754635,private
view_b,low,500000,medium,typical,managed,-5,0.8933333333333334,0.9433333333333334,1,5927.0080,746.4640,4.4640,32.400,72.00,3.1680,14.9760,40.00,9.26095,provider-billed input + output tokens,1.16635,normalized input + visible output tokens,0.01326942089552238706944620183,0.001582609187279151831617725281,private
view_b,typical,500000,medium,typical,managed,-5,0.8933333333333334,0.9433333333333334,1,6247.0080,1066.4640,4.4640,32.400,72.00,3.1680,14.9760,360.0,9.76095,provider-billed input + output tokens,1.66635,normalized input + visible output tokens,0.01398583880597014821001202941,0.002261054416961130582257638377,private
view_b,high,500000,medium,typical,managed,-5,0.8933333333333334,0.9433333333333334,1,8767.0080,3586.4640,4.4640,32.400,72.00,3.1680,14.9760,2880.0,13.69845,provider-billed input + output tokens,5.60385,normalized input + visible output tokens,0.01962762985074626719196792159,0.007603810600706713243546954014,private
view_a,not_applicable,500000,medium,typical,private,-5,0.9433333333333334,0.8933333333333334,1,5760.00,579.4560,,,,,,,9.00,provider-billed input + output tokens,0.9054,normalized input + visible output tokens,0.01221201413427561751151843574,0.001297289552238805873336600579,private
view_b,low,500000,medium,typical,private,-5,0.9433333333333334,0.8933333333333334,1,5927.0080,746.4640,4.4640,32.400,72.00,3.1680,14.9760,40.00,9.26095,provider-billed input + output tokens,1.16635,normalized input + visible output tokens,0.01256609469964664222147740639,0.001671188059701492412597905992,private
view_b,typical,500000,medium,typical,private,-5,0.9433333333333334,0.8933333333333334,1,6247.0080,1066.4640,4.4640,32.400,72.00,3.1680,14.9760,360.0,9.76095,provider-billed input + output tokens,1.66635,normalized input + visible output tokens,0.01324453992932862097211731948,0.002387605970149253553163733571,private
view_b,high,500000,medium,typical,private,-5,0.9433333333333334,0.8933333333333334,1,8767.0080,3586.4640,4.4640,32.400,72.00,3.1680,14.9760,2880.0,13.69845,provider-billed input + output tokens,5.60385,normalized input + visible output tokens,0.01858729611307420363340663512,0.008029397014925372535119625752,private
view_a,not_applicable,500000,medium,typical,measured,0,0.9433333333333334,0.9433333333333334,1,5760.00,579.4560,,,,,,,9.00,provider-billed input + output tokens,0.9054,normalized input + visible output tokens,0.01221201413427561751151843574,0.001228528621908127121658754635,private
view_b,low,500000,medium,typical,measured,0,0.9433333333333334,0.9433333333333334,1,5927.0080,746.4640,4.4640,32.400,72.00,3.1680,14.9760,40.00,9.26095,provider-billed input + output tokens,1.16635,normalized input + visible output tokens,0.01256609469964664222147740639,0.001582609187279151831617725281,private
view_b,typical,500000,medium,typical,measured,0,0.9433333333333334,0.9433333333333334,1,6247.0080,1066.4640,4.4640,32.400,72.00,3.1680,14.9760,360.0,9.76095,provider-billed input + output tokens,1.66635,normalized input + visible output tokens,0.01324453992932862097211731948,0.002261054416961130582257638377,private
view_b,high,500000,medium,typical,measured,0,0.9433333333333334,0.9433333333333334,1,8767.0080,3586.4640,4.4640,32.400,72.00,3.1680,14.9760,2880.0,13.69845,provider-billed input + output tokens,5.60385,normalized input + visible output tokens,0.01858729611307420363340663512,0.007603810600706713243546954014,private
view_a,not_applicable,500000,medium,typical,managed,5,0.9933333333333334,0.9433333333333334,1,5760.00,579.4560,,,,,,,9.00,provider-billed input + output tokens,0.9054,normalized input + visible output tokens,0.01159731543624160995991171569,0.001228528621908127121658754635,private
view_b,low,500000,medium,typical,managed,5,0.9933333333333334,0.9433333333333334,1,5927.0080,746.4640,4.4640,32.400,72.00,3.1680,14.9760,40.00,9.26095,provider-billed input + output tokens,1.16635,normalized input + visible output tokens,0.01193357315436241530647160038,0.001582609187279151831617725281,private
view_b,typical,500000,medium,typical,managed,5,0.9933333333333334,0.9433333333333334,1,6247.0080,1066.4640,4.4640,32.400,72.00,3.1680,14.9760,360.0,9.76095,provider-billed input + output tokens,1.66635,normalized input + visible output tokens,0.01257786845637583808202225125,0.002261054416961130582257638377,private
view_b,high,500000,medium,typical,managed,5,0.9933333333333334,0.9433333333333334,1,8767.0080,3586.4640,4.4640,32.400,72.00,3.1680,14.9760,2880.0,13.69845,provider-billed input + output tokens,5.60385,normalized input + visible output tokens,0.01765169395973154243948362686,0.007603810600706713243546954014,private
view_a,not_applicable,500000,medium,typical,private,5,0.9433333333333334,0.9933333333333334,1,5760.00,579.4560,,,,,,,9.00,provider-billed input + output tokens,0.9054,normalized input + visible output tokens,0.01221201413427561751151843574,0.001166689932885905961967118598,private
view_b,low,500000,medium,typical,private,5,0.9433333333333334,0.9933333333333334,1,5927.0080,746.4640,4.4640,32.400,72.00,3.1680,14.9760,40.00,9.26095,provider-billed input + output tokens,1.16635,normalized input + visible output tokens,0.01256609469964664222147740639,0.001502947651006711308527003288,private
view_b,typical,500000,medium,typical,private,5,0.9433333333333334,0.9933333333333334,1,6247.0080,1066.4640,4.4640,32.400,72.00,3.1680,14.9760,360.0,9.76095,provider-billed input + output tokens,1.66635,normalized input + visible output tokens,0.01324453992932862097211731948,0.002147242953020134084077654160,private
view_b,high,500000,medium,typical,private,5,0.9433333333333334,0.9933333333333334,1,8767.0080,3586.4640,4.4640,32.400,72.00,3.1680,14.9760,2880.0,13.69845,provider-billed input + output tokens,5.60385,normalized input + visible output tokens,0.01858729611307420363340663512,0.007221068456375838441539029773,private
view_a,not_applicable,500000,medium,high,managed,-5,0.8933333333333334,0.9433333333333334,1,5760.00,579.4560,,,,,,,9.00,provider-billed input + output tokens,0.9054,normalized input + visible output tokens,0.01289552238805970053018489641,0.001228528621908127121658754635,private
view_b,low,500000,medium,high,managed,-5,0.8933333333333334,0.9433333333333334,1,5927.0080,746.4640,4.4640,32.400,72.00,3.1680,14.9760,40.00,9.26095,provider-billed input + output tokens,1.16635,normalized input + visible output tokens,0.01326942089552238706944620183,0.001582609187279151831617725281,private
view_b,typical,500000,medium,high,managed,-5,0.8933333333333334,0.9433333333333334,1,6247.0080,1066.4640,4.4640,32.400,72.00,3.1680,14.9760,360.0,9.76095,provider-billed input + output tokens,1.66635,normalized input + visible output tokens,0.01398583880597014821001202941,0.002261054416961130582257638377,private
view_b,high,500000,medium,high,managed,-5,0.8933333333333334,0.9433333333333334,1,8767.0080,3586.4640,4.4640,32.400,72.00,3.1680,14.9760,2880.0,13.69845,provider-billed input + output tokens,5.60385,normalized input + visible output tokens,0.01962762985074626719196792159,0.007603810600706713243546954014,private
view_a,not_applicable,500000,medium,high,private,-5,0.9433333333333334,0.8933333333333334,1,5760.00,579.4560,,,,,,,9.00,provider-billed input + output tokens,0.9054,normalized input + visible output tokens,0.01221201413427561751151843574,0.001297289552238805873336600579,private
view_b,low,500000,medium,high,private,-5,0.9433333333333334,0.8933333333333334,1,5927.0080,746.4640,4.4640,32.400,72.00,3.1680,14.9760,40.00,9.26095,provider-billed input + output tokens,1.16635,normalized input + visible output tokens,0.01256609469964664222147740639,0.001671188059701492412597905992,private
view_b,typical,500000,medium,high,private,-5,0.9433333333333334,0.8933333333333334,1,6247.0080,1066.4640,4.4640,32.400,72.00,3.1680,14.9760,360.0,9.76095,provider-billed input + output tokens,1.66635,normalized input + visible output tokens,0.01324453992932862097211731948,0.002387605970149253553163733571,private
view_b,high,500000,medium,high,private,-5,0.9433333333333334,0.8933333333333334,1,8767.0080,3586.4640,4.4640,32.400,72.00,3.1680,14.9760,2880.0,13.69845,provider-billed input + output tokens,5.60385,normalized input + visible output tokens,0.01858729611307420363340663512,0.008029397014925372535119625752,private
view_a,not_applicable,500000,medium,high,measured,0,0.9433333333333334,0.9433333333333334,1,5760.00,579.4560,,,,,,,9.00,provider-billed input + output tokens,0.9054,normalized input + visible output tokens,0.01221201413427561751151843574,0.001228528621908127121658754635,private
view_b,low,500000,medium,high,measured,0,0.9433333333333334,0.9433333333333334,1,5927.0080,746.4640,4.4640,32.400,72.00,3.1680,14.9760,40.00,9.26095,provider-billed input + output tokens,1.16635,normalized input + visible output tokens,0.01256609469964664222147740639,0.001582609187279151831617725281,private
view_b,typical,500000,medium,high,measured,0,0.9433333333333334,0.9433333333333334,1,6247.0080,1066.4640,4.4640,32.400,72.00,3.1680,14.9760,360.0,9.76095,provider-billed input + output tokens,1.66635,normalized input + visible output tokens,0.01324453992932862097211731948,0.002261054416961130582257638377,private
view_b,high,500000,medium,high,measured,0,0.9433333333333334,0.9433333333333334,1,8767.0080,3586.4640,4.4640,32.400,72.00,3.1680,14.9760,2880.0,13.69845,provider-billed input + output tokens,5.60385,normalized input + visible output tokens,0.01858729611307420363340663512,0.007603810600706713243546954014,private
view_a,not_applicable,500000,medium,high,managed,5,0.9933333333333334,0.9433333333333334,1,5760.00,579.4560,,,,,,,9.00,provider-billed input + output tokens,0.9054,normalized input + visible output tokens,0.01159731543624160995991171569,0.001228528621908127121658754635,private
view_b,low,500000,medium,high,managed,5,0.9933333333333334,0.9433333333333334,1,5927.0080,746.4640,4.4640,32.400,72.00,3.1680,14.9760,40.00,9.26095,provider-billed input + output tokens,1.16635,normalized input + visible output tokens,0.01193357315436241530647160038,0.001582609187279151831617725281,private
view_b,typical,500000,medium,high,managed,5,0.9933333333333334,0.9433333333333334,1,6247.0080,1066.4640,4.4640,32.400,72.00,3.1680,14.9760,360.0,9.76095,provider-billed input + output tokens,1.66635,normalized input + visible output tokens,0.01257786845637583808202225125,0.002261054416961130582257638377,private
view_b,high,500000,medium,high,managed,5,0.9933333333333334,0.9433333333333334,1,8767.0080,3586.4640,4.4640,32.400,72.00,3.1680,14.9760,2880.0,13.69845,provider-billed input + output tokens,5.60385,normalized input + visible output tokens,0.01765169395973154243948362686,0.007603810600706713243546954014,private
view_a,not_applicable,500000,medium,high,private,5,0.9433333333333334,0.9933333333333334,1,5760.00,579.4560,,,,,,,9.00,provider-billed input + output tokens,0.9054,normalized input + visible output tokens,0.01221201413427561751151843574,0.001166689932885905961967118598,private
view_b,low,500000,medium,high,private,5,0.9433333333333334,0.9933333333333334,1,5927.0080,746.4640,4.4640,32.400,72.00,3.1680,14.9760,40.00,9.26095,provider-billed input + output tokens,1.16635,normalized input + visible output tokens,0.01256609469964664222147740639,0.001502947651006711308527003288,private
view_b,typical,500000,medium,high,private,5,0.9433333333333334,0.9933333333333334,1,6247.0080,1066.4640,4.4640,32.400,72.00,3.1680,14.9760,360.0,9.76095,provider-billed input + output tokens,1.66635,normalized input + visible output tokens,0.01324453992932862097211731948,0.002147242953020134084077654160,private
view_b,high,500000,medium,high,private,5,0.9433333333333334,0.9933333333333334,1,8767.0080,3586.4640,4.4640,32.400,72.00,3.1680,14.9760,2880.0,13.69845,provider-billed input + output tokens,5.60385,normalized input + visible output tokens,0.01858729611307420363340663512,0.007221068456375838441539029773,private
view_a,not_applicable,1000000,short,low,managed,-5,0.8933333333333334,0.9433333333333334,10,2880.00,5794.5600,,,,,,,9.00,provider-billed input + output tokens,18.1080,normalized input + visible output tokens,0.003223880597014925132546224103,0.006142643109540635608293773177,managed
view_b,low,1000000,short,low,managed,-5,0.8933333333333334,0.9433333333333334,10,3047.0080,5961.5680,4.4640,32.400,72.00,3.1680,14.9760,40.00,9.5219,provider-billed input + output tokens,18.6299,normalized input + visible output tokens,0.003410829850746268402176876810,0.006319683392226147963273258500,managed
view_b,typical,1000000,short,low,managed,-5,0.8933333333333334,0.9433333333333334,10,3367.0080,6281.5680,4.4640,32.400,72.00,3.1680,14.9760,360.0,10.5219,provider-billed input + output tokens,19.6299,normalized input + visible output tokens,0.003769038805970148972459790599,0.006658906007067137338593215048,managed
view_b,high,1000000,short,low,managed,-5,0.8933333333333334,0.9433333333333334,10,5887.0080,8801.5680,4.4640,32.400,72.00,3.1680,14.9760,2880.0,18.3969,provider-billed input + output tokens,27.5049,normalized input + visible output tokens,0.006589934328358208463437736690,0.009330284098939928669237872866,managed
view_a,not_applicable,1000000,short,low,private,-5,0.9433333333333334,0.8933333333333334,10,2880.00,5794.5600,,,,,,,9.00,provider-billed input + output tokens,18.1080,normalized input + visible output tokens,0.003053003533568904377879608935,0.006486447761194029366683002896,managed
view_b,low,1000000,short,low,private,-5,0.9433333333333334,0.8933333333333334,10,3047.0080,5961.5680,4.4640,32.400,72.00,3.1680,14.9760,40.00,9.5219,provider-billed input + output tokens,18.6299,normalized input + visible output tokens,0.003230043816254416732859094258,0.006673397014925372636313655603,managed
view_b,typical,1000000,short,low,private,-5,0.9433333333333334,0.8933333333333334,10,3367.0080,6281.5680,4.4640,32.400,72.00,3.1680,14.9760,360.0,10.5219,provider-billed input + output tokens,19.6299,normalized input + visible output tokens,0.003569266431095406108179050806,0.007031605970149253206596569392,managed
view_b,high,1000000,short,low,private,-5,0.9433333333333334,0.8933333333333334,10,5887.0080,8801.5680,4.4640,32.400,72.00,3.1680,14.9760,2880.0,18.3969,provider-billed input + output tokens,27.5049,normalized input + visible output tokens,0.006240644522968197438823708624,0.009852501492537312697574515482,managed
view_a,not_applicable,1000000,short,low,measured,0,0.9433333333333334,0.9433333333333334,10,2880.00,5794.5600,,,,,,,9.00,provider-billed input + output tokens,18.1080,normalized input + visible output tokens,0.003053003533568904377879608935,0.006142643109540635608293773177,managed
view_b,low,1000000,short,low,measured,0,0.9433333333333334,0.9433333333333334,10,3047.0080,5961.5680,4.4640,32.400,72.00,3.1680,14.9760,40.00,9.5219,provider-billed input + output tokens,18.6299,normalized input + visible output tokens,0.003230043816254416732859094258,0.006319683392226147963273258500,managed
view_b,typical,1000000,short,low,measured,0,0.9433333333333334,0.9433333333333334,10,3367.0080,6281.5680,4.4640,32.400,72.00,3.1680,14.9760,360.0,10.5219,provider-billed input + output tokens,19.6299,normalized input + visible output tokens,0.003569266431095406108179050806,0.006658906007067137338593215048,managed
view_b,high,1000000,short,low,measured,0,0.9433333333333334,0.9433333333333334,10,5887.0080,8801.5680,4.4640,32.400,72.00,3.1680,14.9760,2880.0,18.3969,provider-billed input + output tokens,27.5049,normalized input + visible output tokens,0.006240644522968197438823708624,0.009330284098939928669237872866,managed
view_a,not_applicable,1000000,short,low,managed,5,0.9933333333333334,0.9433333333333334,10,2880.00,5794.5600,,,,,,,9.00,provider-billed input + output tokens,18.1080,normalized input + visible output tokens,0.002899328859060402489977928922,0.006142643109540635608293773177,managed
view_b,low,1000000,short,low,managed,5,0.9933333333333334,0.9433333333333334,10,3047.0080,5961.5680,4.4640,32.400,72.00,3.1680,14.9760,40.00,9.5219,provider-billed input + output tokens,18.6299,normalized input + visible output tokens,0.003067457718120805163257871267,0.006319683392226147963273258500,managed
view_b,typical,1000000,short,low,managed,5,0.9933333333333334,0.9433333333333334,10,3367.0080,6281.5680,4.4640,32.400,72.00,3.1680,14.9760,360.0,10.5219,provider-billed input + output tokens,19.6299,normalized input + visible output tokens,0.003389605369127516551033196703,0.006658906007067137338593215048,managed
view_b,high,1000000,short,low,managed,5,0.9933333333333334,0.9433333333333334,10,5887.0080,8801.5680,4.4640,32.400,72.00,3.1680,14.9760,2880.0,18.3969,provider-billed input + output tokens,27.5049,normalized input + visible output tokens,0.005926518120805368729763884510,0.009330284098939928669237872866,managed
view_a,not_applicable,1000000,short,low,private,5,0.9433333333333334,0.9933333333333334,10,2880.00,5794.5600,,,,,,,9.00,provider-billed input + output tokens,18.1080,normalized input + visible output tokens,0.003053003533568904377879608935,0.005833449664429529809835592991,managed
view_b,low,1000000,short,low,private,5,0.9433333333333334,0.9933333333333334,10,3047.0080,5961.5680,4.4640,32.400,72.00,3.1680,14.9760,40.00,9.5219,provider-billed input + output tokens,18.6299,normalized input + visible output tokens,0.003230043816254416732859094258,0.006001578523489932483115535336,managed
view_b,typical,1000000,short,low,private,5,0.9433333333333334,0.9933333333333334,10,3367.0080,6281.5680,4.4640,32.400,72.00,3.1680,14.9760,360.0,10.5219,provider-billed input + output tokens,19.6299,normalized input + visible output tokens,0.003569266431095406108179050806,0.006323726174496643870890860772,managed
view_b,high,1000000,short,low,private,5,0.9433333333333334,0.9933333333333334,10,5887.0080,8801.5680,4.4640,32.400,72.00,3.1680,14.9760,2880.0,18.3969,provider-billed input + output tokens,27.5049,normalized input + visible output tokens,0.006240644522968197438823708624,0.008860638926174496049621548579,managed
view_a,not_applicable,1000000,short,typical,managed,-5,0.8933333333333334,0.9433333333333334,2,2880.00,1158.9120,,,,,,,9.00,provider-billed input + output tokens,3.6216,normalized input + visible output tokens,0.003223880597014925132546224103,0.001228528621908127121658754635,private
view_b,low,1000000,short,typical,managed,-5,0.8933333333333334,0.9433333333333334,2,3047.0080,1325.9200,4.4640,32.400,72.00,3.1680,14.9760,40.00,9.5219,provider-billed input + output tokens,4.1435,normalized input + visible output tokens,0.003410829850746268402176876810,0.001405568904593639476638239958,private
view_b,typical,1000000,short,typical,managed,-5,0.8933333333333334,0.9433333333333334,2,3367.0080,1645.9200,4.4640,32.400,72.00,3.1680,14.9760,360.0,10.5219,provider-billed input + output tokens,5.1435,normalized input + visible output tokens,0.003769038805970148972459790599,0.001744791519434628851958196506,private
view_b,high,1000000,short,typical,managed,-5,0.8933333333333334,0.9433333333333334,2,5887.0080,4165.9200,4.4640,32.400,72.00,3.1680,14.9760,2880.0,18.3969,provider-billed input + output tokens,13.0185,normalized input + visible output tokens,0.006589934328358208463437736690,0.004416169611307420182602854325,private
view_a,not_applicable,1000000,short,typical,private,-5,0.9433333333333334,0.8933333333333334,2,2880.00,1158.9120,,,,,,,9.00,provider-billed input + output tokens,3.6216,normalized input + visible output tokens,0.003053003533568904377879608935,0.001297289552238805873336600579,private
view_b,low,1000000,short,typical,private,-5,0.9433333333333334,0.8933333333333334,2,3047.0080,1325.9200,4.4640,32.400,72.00,3.1680,14.9760,40.00,9.5219,provider-billed input + output tokens,4.1435,normalized input + visible output tokens,0.003230043816254416732859094258,0.001484238805970149142967253286,private
view_b,typical,1000000,short,typical,private,-5,0.9433333333333334,0.8933333333333334,2,3367.0080,1645.9200,4.4640,32.400,72.00,3.1680,14.9760,360.0,10.5219,provider-billed input + output tokens,5.1435,normalized input + visible output tokens,0.003569266431095406108179050806,0.001842447761194029713250167075,private
view_b,high,1000000,short,typical,private,-5,0.9433333333333334,0.8933333333333334,2,5887.0080,4165.9200,4.4640,32.400,72.00,3.1680,14.9760,2880.0,18.3969,provider-billed input + output tokens,13.0185,normalized input + visible output tokens,0.006240644522968197438823708624,0.004663343283582089204228113166,private
view_a,not_applicable,1000000,short,typical,measured,0,0.9433333333333334,0.9433333333333334,2,2880.00,1158.9120,,,,,,,9.00,provider-billed input + output tokens,3.6216,normalized input + visible output tokens,0.003053003533568904377879608935,0.001228528621908127121658754635,private
view_b,low,1000000,short,typical,measured,0,0.9433333333333334,0.9433333333333334,2,3047.0080,1325.9200,4.4640,32.400,72.00,3.1680,14.9760,40.00,9.5219,provider-billed input + output tokens,4.1435,normalized input + visible output tokens,0.003230043816254416732859094258,0.001405568904593639476638239958,private
view_b,typical,1000000,short,typical,measured,0,0.9433333333333334,0.9433333333333334,2,3367.0080,1645.9200,4.4640,32.400,72.00,3.1680,14.9760,360.0,10.5219,provider-billed input + output tokens,5.1435,normalized input + visible output tokens,0.003569266431095406108179050806,0.001744791519434628851958196506,private
view_b,high,1000000,short,typical,measured,0,0.9433333333333334,0.9433333333333334,2,5887.0080,4165.9200,4.4640,32.400,72.00,3.1680,14.9760,2880.0,18.3969,provider-billed input + output tokens,13.0185,normalized input + visible output tokens,0.006240644522968197438823708624,0.004416169611307420182602854325,private
view_a,not_applicable,1000000,short,typical,managed,5,0.9933333333333334,0.9433333333333334,2,2880.00,1158.9120,,,,,,,9.00,provider-billed input + output tokens,3.6216,normalized input + visible output tokens,0.002899328859060402489977928922,0.001228528621908127121658754635,private
view_b,low,1000000,short,typical,managed,5,0.9933333333333334,0.9433333333333334,2,3047.0080,1325.9200,4.4640,32.400,72.00,3.1680,14.9760,40.00,9.5219,provider-billed input + output tokens,4.1435,normalized input + visible output tokens,0.003067457718120805163257871267,0.001405568904593639476638239958,private
view_b,typical,1000000,short,typical,managed,5,0.9933333333333334,0.9433333333333334,2,3367.0080,1645.9200,4.4640,32.400,72.00,3.1680,14.9760,360.0,10.5219,provider-billed input + output tokens,5.1435,normalized input + visible output tokens,0.003389605369127516551033196703,0.001744791519434628851958196506,private
view_b,high,1000000,short,typical,managed,5,0.9933333333333334,0.9433333333333334,2,5887.0080,4165.9200,4.4640,32.400,72.00,3.1680,14.9760,2880.0,18.3969,provider-billed input + output tokens,13.0185,normalized input + visible output tokens,0.005926518120805368729763884510,0.004416169611307420182602854325,private
view_a,not_applicable,1000000,short,typical,private,5,0.9433333333333334,0.9933333333333334,2,2880.00,1158.9120,,,,,,,9.00,provider-billed input + output tokens,3.6216,normalized input + visible output tokens,0.003053003533568904377879608935,0.001166689932885905961967118598,private
view_b,low,1000000,short,typical,private,5,0.9433333333333334,0.9933333333333334,2,3047.0080,1325.9200,4.4640,32.400,72.00,3.1680,14.9760,40.00,9.5219,provider-billed input + output tokens,4.1435,normalized input + visible output tokens,0.003230043816254416732859094258,0.001334818791946308635247060943,private
view_b,typical,1000000,short,typical,private,5,0.9433333333333334,0.9933333333333334,2,3367.0080,1645.9200,4.4640,32.400,72.00,3.1680,14.9760,360.0,10.5219,provider-billed input + output tokens,5.1435,normalized input + visible output tokens,0.003569266431095406108179050806,0.001656966442953020023022386379,private
view_b,high,1000000,short,typical,private,5,0.9433333333333334,0.9933333333333334,2,5887.0080,4165.9200,4.4640,32.400,72.00,3.1680,14.9760,2880.0,18.3969,provider-billed input + output tokens,13.0185,normalized input + visible output tokens,0.006240644522968197438823708624,0.004193879194630872201753074186,private
view_a,not_applicable,1000000,short,high,managed,-5,0.8933333333333334,0.9433333333333334,1,2880.00,579.4560,,,,,,,9.00,provider-billed input + output tokens,1.8108,normalized input + visible output tokens,0.003223880597014925132546224103,0.0006142643109540635608293773177,private
view_b,low,1000000,short,high,managed,-5,0.8933333333333334,0.9433333333333334,1,3047.0080,746.4640,4.4640,32.400,72.00,3.1680,14.9760,40.00,9.5219,provider-billed input + output tokens,2.3327,normalized input + visible output tokens,0.003410829850746268402176876810,0.0007913045936395759158088626403,private
view_b,typical,1000000,short,high,managed,-5,0.8933333333333334,0.9433333333333334,1,3367.0080,1066.4640,4.4640,32.400,72.00,3.1680,14.9760,360.0,10.5219,provider-billed input + output tokens,3.3327,normalized input + visible output tokens,0.003769038805970148972459790599,0.001130527208480565291128819189,private
view_b,high,1000000,short,high,managed,-5,0.8933333333333334,0.9433333333333334,1,5887.0080,3586.4640,4.4640,32.400,72.00,3.1680,14.9760,2880.0,18.3969,provider-billed input + output tokens,11.2077,normalized input + visible output tokens,0.006589934328358208463437736690,0.003801905300353356621773477007,private
view_a,not_applicable,1000000,short,high,private,-5,0.9433333333333334,0.8933333333333334,1,2880.00,579.4560,,,,,,,9.00,provider-billed input + output tokens,1.8108,normalized input + visible output tokens,0.003053003533568904377879608935,0.0006486447761194029366683002896,private
view_b,low,1000000,short,high,private,-5,0.9433333333333334,0.8933333333333334,1,3047.0080,746.4640,4.4640,32.400,72.00,3.1680,14.9760,40.00,9.5219,provider-billed input + output tokens,2.3327,normalized input + visible output tokens,0.003230043816254416732859094258,0.0008355940298507462062989529962,private
view_b,typical,1000000,short,high,private,-5,0.9433333333333334,0.8933333333333334,1,3367.0080,1066.4640,4.4640,32.400,72.00,3.1680,14.9760,360.0,10.5219,provider-billed input + output tokens,3.3327,normalized input + visible output tokens,0.003569266431095406108179050806,0.001193802985074626776581866785,private
view_b,high,1000000,short,high,private,-5,0.9433333333333334,0.8933333333333334,1,5887.0080,3586.4640,4.4640,32.400,72.00,3.1680,14.9760,2880.0,18.3969,provider-billed input + output tokens,11.2077,normalized input + visible output tokens,0.006240644522968197438823708624,0.004014698507462686267559812876,private
view_a,not_applicable,1000000,short,high,measured,0,0.9433333333333334,0.9433333333333334,1,2880.00,579.4560,,,,,,,9.00,provider-billed input + output tokens,1.8108,normalized input + visible output tokens,0.003053003533568904377879608935,0.0006142643109540635608293773177,private
view_b,low,1000000,short,high,measured,0,0.9433333333333334,0.9433333333333334,1,3047.0080,746.4640,4.4640,32.400,72.00,3.1680,14.9760,40.00,9.5219,provider-billed input + output tokens,2.3327,normalized input + visible output tokens,0.003230043816254416732859094258,0.0007913045936395759158088626403,private
view_b,typical,1000000,short,high,measured,0,0.9433333333333334,0.9433333333333334,1,3367.0080,1066.4640,4.4640,32.400,72.00,3.1680,14.9760,360.0,10.5219,provider-billed input + output tokens,3.3327,normalized input + visible output tokens,0.003569266431095406108179050806,0.001130527208480565291128819189,private
view_b,high,1000000,short,high,measured,0,0.9433333333333334,0.9433333333333334,1,5887.0080,3586.4640,4.4640,32.400,72.00,3.1680,14.9760,2880.0,18.3969,provider-billed input + output tokens,11.2077,normalized input + visible output tokens,0.006240644522968197438823708624,0.003801905300353356621773477007,private
view_a,not_applicable,1000000,short,high,managed,5,0.9933333333333334,0.9433333333333334,1,2880.00,579.4560,,,,,,,9.00,provider-billed input + output tokens,1.8108,normalized input + visible output tokens,0.002899328859060402489977928922,0.0006142643109540635608293773177,private
view_b,low,1000000,short,high,managed,5,0.9933333333333334,0.9433333333333334,1,3047.0080,746.4640,4.4640,32.400,72.00,3.1680,14.9760,40.00,9.5219,provider-billed input + output tokens,2.3327,normalized input + visible output tokens,0.003067457718120805163257871267,0.0007913045936395759158088626403,private
view_b,typical,1000000,short,high,managed,5,0.9933333333333334,0.9433333333333334,1,3367.0080,1066.4640,4.4640,32.400,72.00,3.1680,14.9760,360.0,10.5219,provider-billed input + output tokens,3.3327,normalized input + visible output tokens,0.003389605369127516551033196703,0.001130527208480565291128819189,private
view_b,high,1000000,short,high,managed,5,0.9933333333333334,0.9433333333333334,1,5887.0080,3586.4640,4.4640,32.400,72.00,3.1680,14.9760,2880.0,18.3969,provider-billed input + output tokens,11.2077,normalized input + visible output tokens,0.005926518120805368729763884510,0.003801905300353356621773477007,private
view_a,not_applicable,1000000,short,high,private,5,0.9433333333333334,0.9933333333333334,1,2880.00,579.4560,,,,,,,9.00,provider-billed input + output tokens,1.8108,normalized input + visible output tokens,0.003053003533568904377879608935,0.0005833449664429529809835592991,private
view_b,low,1000000,short,high,private,5,0.9433333333333334,0.9933333333333334,1,3047.0080,746.4640,4.4640,32.400,72.00,3.1680,14.9760,40.00,9.5219,provider-billed input + output tokens,2.3327,normalized input + visible output tokens,0.003230043816254416732859094258,0.0007514738255033556542635016441,private
view_b,typical,1000000,short,high,private,5,0.9433333333333334,0.9933333333333334,1,3367.0080,1066.4640,4.4640,32.400,72.00,3.1680,14.9760,360.0,10.5219,provider-billed input + output tokens,3.3327,normalized input + visible output tokens,0.003569266431095406108179050806,0.001073621476510067042038827080,private
view_b,high,1000000,short,high,private,5,0.9433333333333334,0.9933333333333334,1,5887.0080,3586.4640,4.4640,32.400,72.00,3.1680,14.9760,2880.0,18.3969,provider-billed input + output tokens,11.2077,normalized input + visible output tokens,0.006240644522968197438823708624,0.003610534228187919220769514887,private
view_a,not_applicable,1000000,medium,low,managed,-5,0.8933333333333334,0.9433333333333334,10,11520.00,5794.5600,,,,,,,9.00,provider-billed input + output tokens,4.5270,normalized input + visible output tokens,0.01289552238805970053018489641,0.006142643109540635608293773177,private
view_b,low,1000000,medium,low,managed,-5,0.8933333333333334,0.9433333333333334,10,11687.0080,5961.5680,4.4640,32.400,72.00,3.1680,14.9760,40.00,9.130475,provider-billed input + output tokens,4.657475,normalized input + visible output tokens,0.01308247164179104379981554912,0.006319683392226147963273258500,private
view_b,typical,1000000,medium,low,managed,-5,0.8933333333333334,0.9433333333333334,10,12007.0080,6281.5680,4.4640,32.400,72.00,3.1680,14.9760,360.0,9.380475,provider-billed input + output tokens,4.907475,normalized input + visible output tokens,0.01344068059701492437009846291,0.006658906007067137338593215048,private
view_b,high,1000000,medium,low,managed,-5,0.8933333333333334,0.9433333333333334,10,14527.0080,8801.5680,4.4640,32.400,72.00,3.1680,14.9760,2880.0,11.349225,provider-billed input + output tokens,6.876225,normalized input + visible output tokens,0.01626157611940298386107640900,0.009330284098939928669237872866,private
view_a,not_applicable,1000000,medium,low,private,-5,0.9433333333333334,0.8933333333333334,10,11520.00,5794.5600,,,,,,,9.00,provider-billed input + output tokens,4.5270,normalized input + visible output tokens,0.01221201413427561751151843574,0.006486447761194029366683002896,private
view_b,low,1000000,medium,low,private,-5,0.9433333333333334,0.8933333333333334,10,11687.0080,5961.5680,4.4640,32.400,72.00,3.1680,14.9760,40.00,9.130475,provider-billed input + output tokens,4.657475,normalized input + visible output tokens,0.01238905441696112986649792106,0.006673397014925372636313655603,private
view_b,typical,1000000,medium,low,private,-5,0.9433333333333334,0.8933333333333334,10,12007.0080,6281.5680,4.4640,32.400,72.00,3.1680,14.9760,360.0,9.380475,provider-billed input + output tokens,4.907475,normalized input + visible output tokens,0.01272827703180211924181787761,0.007031605970149253206596569392,private
view_b,high,1000000,medium,low,private,-5,0.9433333333333334,0.8933333333333334,10,14527.0080,8801.5680,4.4640,32.400,72.00,3.1680,14.9760,2880.0,11.349225,provider-billed input + output tokens,6.876225,normalized input + visible output tokens,0.01539965512367491057246253543,0.009852501492537312697574515482,private
view_a,not_applicable,1000000,medium,low,measured,0,0.9433333333333334,0.9433333333333334,10,11520.00,5794.5600,,,,,,,9.00,provider-billed input + output tokens,4.5270,normalized input + visible output tokens,0.01221201413427561751151843574,0.006142643109540635608293773177,private
view_b,low,1000000,medium,low,measured,0,0.9433333333333334,0.9433333333333334,10,11687.0080,5961.5680,4.4640,32.400,72.00,3.1680,14.9760,40.00,9.130475,provider-billed input + output tokens,4.657475,normalized input + visible output tokens,0.01238905441696112986649792106,0.006319683392226147963273258500,private
view_b,typical,1000000,medium,low,measured,0,0.9433333333333334,0.9433333333333334,10,12007.0080,6281.5680,4.4640,32.400,72.00,3.1680,14.9760,360.0,9.380475,provider-billed input + output tokens,4.907475,normalized input + visible output tokens,0.01272827703180211924181787761,0.006658906007067137338593215048,private
view_b,high,1000000,medium,low,measured,0,0.9433333333333334,0.9433333333333334,10,14527.0080,8801.5680,4.4640,32.400,72.00,3.1680,14.9760,2880.0,11.349225,provider-billed input + output tokens,6.876225,normalized input + visible output tokens,0.01539965512367491057246253543,0.009330284098939928669237872866,private
view_a,not_applicable,1000000,medium,low,managed,5,0.9933333333333334,0.9433333333333334,10,11520.00,5794.5600,,,,,,,9.00,provider-billed input + output tokens,4.5270,normalized input + visible output tokens,0.01159731543624160995991171569,0.006142643109540635608293773177,private
view_b,low,1000000,medium,low,managed,5,0.9933333333333334,0.9433333333333334,10,11687.0080,5961.5680,4.4640,32.400,72.00,3.1680,14.9760,40.00,9.130475,provider-billed input + output tokens,4.657475,normalized input + visible output tokens,0.01176544429530201263319165803,0.006319683392226147963273258500,private
view_b,typical,1000000,medium,low,managed,5,0.9933333333333334,0.9433333333333334,10,12007.0080,6281.5680,4.4640,32.400,72.00,3.1680,14.9760,360.0,9.380475,provider-billed input + output tokens,4.907475,normalized input + visible output tokens,0.01208759194630872402096698347,0.006658906007067137338593215048,private
view_b,high,1000000,medium,low,managed,5,0.9933333333333334,0.9433333333333334,10,14527.0080,8801.5680,4.4640,32.400,72.00,3.1680,14.9760,2880.0,11.349225,provider-billed input + output tokens,6.876225,normalized input + visible output tokens,0.01462450469798657619969767128,0.009330284098939928669237872866,private
view_a,not_applicable,1000000,medium,low,private,5,0.9433333333333334,0.9933333333333334,10,11520.00,5794.5600,,,,,,,9.00,provider-billed input + output tokens,4.5270,normalized input + visible output tokens,0.01221201413427561751151843574,0.005833449664429529809835592991,private
view_b,low,1000000,medium,low,private,5,0.9433333333333334,0.9933333333333334,10,11687.0080,5961.5680,4.4640,32.400,72.00,3.1680,14.9760,40.00,9.130475,provider-billed input + output tokens,4.657475,normalized input + visible output tokens,0.01238905441696112986649792106,0.006001578523489932483115535336,private
view_b,typical,1000000,medium,low,private,5,0.9433333333333334,0.9933333333333334,10,12007.0080,6281.5680,4.4640,32.400,72.00,3.1680,14.9760,360.0,9.380475,provider-billed input + output tokens,4.907475,normalized input + visible output tokens,0.01272827703180211924181787761,0.006323726174496643870890860772,private
view_b,high,1000000,medium,low,private,5,0.9433333333333334,0.9933333333333334,10,14527.0080,8801.5680,4.4640,32.400,72.00,3.1680,14.9760,2880.0,11.349225,provider-billed input + output tokens,6.876225,normalized input + visible output tokens,0.01539965512367491057246253543,0.008860638926174496049621548579,private
view_a,not_applicable,1000000,medium,typical,managed,-5,0.8933333333333334,0.9433333333333334,2,11520.00,1158.9120,,,,,,,9.00,provider-billed input + output tokens,0.9054,normalized input + visible output tokens,0.01289552238805970053018489641,0.001228528621908127121658754635,private
view_b,low,1000000,medium,typical,managed,-5,0.8933333333333334,0.9433333333333334,2,11687.0080,1325.9200,4.4640,32.400,72.00,3.1680,14.9760,40.00,9.130475,provider-billed input + output tokens,1.035875,normalized input + visible output tokens,0.01308247164179104379981554912,0.001405568904593639476638239958,private
view_b,typical,1000000,medium,typical,managed,-5,0.8933333333333334,0.9433333333333334,2,12007.0080,1645.9200,4.4640,32.400,72.00,3.1680,14.9760,360.0,9.380475,provider-billed input + output tokens,1.285875,normalized input + visible output tokens,0.01344068059701492437009846291,0.001744791519434628851958196506,private
view_b,high,1000000,medium,typical,managed,-5,0.8933333333333334,0.9433333333333334,2,14527.0080,4165.9200,4.4640,32.400,72.00,3.1680,14.9760,2880.0,11.349225,provider-billed input + output tokens,3.254625,normalized input + visible output tokens,0.01626157611940298386107640900,0.004416169611307420182602854325,private
view_a,not_applicable,1000000,medium,typical,private,-5,0.9433333333333334,0.8933333333333334,2,11520.00,1158.9120,,,,,,,9.00,provider-billed input + output tokens,0.9054,normalized input + visible output tokens,0.01221201413427561751151843574,0.001297289552238805873336600579,private
view_b,low,1000000,medium,typical,private,-5,0.9433333333333334,0.8933333333333334,2,11687.0080,1325.9200,4.4640,32.400,72.00,3.1680,14.9760,40.00,9.130475,provider-billed input + output tokens,1.035875,normalized input + visible output tokens,0.01238905441696112986649792106,0.001484238805970149142967253286,private
view_b,typical,1000000,medium,typical,private,-5,0.9433333333333334,0.8933333333333334,2,12007.0080,1645.9200,4.4640,32.400,72.00,3.1680,14.9760,360.0,9.380475,provider-billed input + output tokens,1.285875,normalized input + visible output tokens,0.01272827703180211924181787761,0.001842447761194029713250167075,private
view_b,high,1000000,medium,typical,private,-5,0.9433333333333334,0.8933333333333334,2,14527.0080,4165.9200,4.4640,32.400,72.00,3.1680,14.9760,2880.0,11.349225,provider-billed input + output tokens,3.254625,normalized input + visible output tokens,0.01539965512367491057246253543,0.004663343283582089204228113166,private
view_a,not_applicable,1000000,medium,typical,measured,0,0.9433333333333334,0.9433333333333334,2,11520.00,1158.9120,,,,,,,9.00,provider-billed input + output tokens,0.9054,normalized input + visible output tokens,0.01221201413427561751151843574,0.001228528621908127121658754635,private
view_b,low,1000000,medium,typical,measured,0,0.9433333333333334,0.9433333333333334,2,11687.0080,1325.9200,4.4640,32.400,72.00,3.1680,14.9760,40.00,9.130475,provider-billed input + output tokens,1.035875,normalized input + visible output tokens,0.01238905441696112986649792106,0.001405568904593639476638239958,private
view_b,typical,1000000,medium,typical,measured,0,0.9433333333333334,0.9433333333333334,2,12007.0080,1645.9200,4.4640,32.400,72.00,3.1680,14.9760,360.0,9.380475,provider-billed input + output tokens,1.285875,normalized input + visible output tokens,0.01272827703180211924181787761,0.001744791519434628851958196506,private
view_b,high,1000000,medium,typical,measured,0,0.9433333333333334,0.9433333333333334,2,14527.0080,4165.9200,4.4640,32.400,72.00,3.1680,14.9760,2880.0,11.349225,provider-billed input + output tokens,3.254625,normalized input + visible output tokens,0.01539965512367491057246253543,0.004416169611307420182602854325,private
view_a,not_applicable,1000000,medium,typical,managed,5,0.9933333333333334,0.9433333333333334,2,11520.00,1158.9120,,,,,,,9.00,provider-billed input + output tokens,0.9054,normalized input + visible output tokens,0.01159731543624160995991171569,0.001228528621908127121658754635,private
view_b,low,1000000,medium,typical,managed,5,0.9933333333333334,0.9433333333333334,2,11687.0080,1325.9200,4.4640,32.400,72.00,3.1680,14.9760,40.00,9.130475,provider-billed input + output tokens,1.035875,normalized input + visible output tokens,0.01176544429530201263319165803,0.001405568904593639476638239958,private
view_b,typical,1000000,medium,typical,managed,5,0.9933333333333334,0.9433333333333334,2,12007.0080,1645.9200,4.4640,32.400,72.00,3.1680,14.9760,360.0,9.380475,provider-billed input + output tokens,1.285875,normalized input + visible output tokens,0.01208759194630872402096698347,0.001744791519434628851958196506,private
view_b,high,1000000,medium,typical,managed,5,0.9933333333333334,0.9433333333333334,2,14527.0080,4165.9200,4.4640,32.400,72.00,3.1680,14.9760,2880.0,11.349225,provider-billed input + output tokens,3.254625,normalized input + visible output tokens,0.01462450469798657619969767128,0.004416169611307420182602854325,private
view_a,not_applicable,1000000,medium,typical,private,5,0.9433333333333334,0.9933333333333334,2,11520.00,1158.9120,,,,,,,9.00,provider-billed input + output tokens,0.9054,normalized input + visible output tokens,0.01221201413427561751151843574,0.001166689932885905961967118598,private
view_b,low,1000000,medium,typical,private,5,0.9433333333333334,0.9933333333333334,2,11687.0080,1325.9200,4.4640,32.400,72.00,3.1680,14.9760,40.00,9.130475,provider-billed input + output tokens,1.035875,normalized input + visible output tokens,0.01238905441696112986649792106,0.001334818791946308635247060943,private
view_b,typical,1000000,medium,typical,private,5,0.9433333333333334,0.9933333333333334,2,12007.0080,1645.9200,4.4640,32.400,72.00,3.1680,14.9760,360.0,9.380475,provider-billed input + output tokens,1.285875,normalized input + visible output tokens,0.01272827703180211924181787761,0.001656966442953020023022386379,private
view_b,high,1000000,medium,typical,private,5,0.9433333333333334,0.9933333333333334,2,14527.0080,4165.9200,4.4640,32.400,72.00,3.1680,14.9760,2880.0,11.349225,provider-billed input + output tokens,3.254625,normalized input + visible output tokens,0.01539965512367491057246253543,0.004193879194630872201753074186,private
view_a,not_applicable,1000000,medium,high,managed,-5,0.8933333333333334,0.9433333333333334,1,11520.00,579.4560,,,,,,,9.00,provider-billed input + output tokens,0.4527,normalized input + visible output tokens,0.01289552238805970053018489641,0.0006142643109540635608293773177,private
view_b,low,1000000,medium,high,managed,-5,0.8933333333333334,0.9433333333333334,1,11687.0080,746.4640,4.4640,32.400,72.00,3.1680,14.9760,40.00,9.130475,provider-billed input + output tokens,0.583175,normalized input + visible output tokens,0.01308247164179104379981554912,0.0007913045936395759158088626403,private
view_b,typical,1000000,medium,high,managed,-5,0.8933333333333334,0.9433333333333334,1,12007.0080,1066.4640,4.4640,32.400,72.00,3.1680,14.9760,360.0,9.380475,provider-billed input + output tokens,0.833175,normalized input + visible output tokens,0.01344068059701492437009846291,0.001130527208480565291128819189,private
view_b,high,1000000,medium,high,managed,-5,0.8933333333333334,0.9433333333333334,1,14527.0080,3586.4640,4.4640,32.400,72.00,3.1680,14.9760,2880.0,11.349225,provider-billed input + output tokens,2.801925,normalized input + visible output tokens,0.01626157611940298386107640900,0.003801905300353356621773477007,private
view_a,not_applicable,1000000,medium,high,private,-5,0.9433333333333334,0.8933333333333334,1,11520.00,579.4560,,,,,,,9.00,provider-billed input + output tokens,0.4527,normalized input + visible output tokens,0.01221201413427561751151843574,0.0006486447761194029366683002896,private
view_b,low,1000000,medium,high,private,-5,0.9433333333333334,0.8933333333333334,1,11687.0080,746.4640,4.4640,32.400,72.00,3.1680,14.9760,40.00,9.130475,provider-billed input + output tokens,0.583175,normalized input + visible output tokens,0.01238905441696112986649792106,0.0008355940298507462062989529962,private
view_b,typical,1000000,medium,high,private,-5,0.9433333333333334,0.8933333333333334,1,12007.0080,1066.4640,4.4640,32.400,72.00,3.1680,14.9760,360.0,9.380475,provider-billed input + output tokens,0.833175,normalized input + visible output tokens,0.01272827703180211924181787761,0.001193802985074626776581866785,private
view_b,high,1000000,medium,high,private,-5,0.9433333333333334,0.8933333333333334,1,14527.0080,3586.4640,4.4640,32.400,72.00,3.1680,14.9760,2880.0,11.349225,provider-billed input + output tokens,2.801925,normalized input + visible output tokens,0.01539965512367491057246253543,0.004014698507462686267559812876,private
view_a,not_applicable,1000000,medium,high,measured,0,0.9433333333333334,0.9433333333333334,1,11520.00,579.4560,,,,,,,9.00,provider-billed input + output tokens,0.4527,normalized input + visible output tokens,0.01221201413427561751151843574,0.0006142643109540635608293773177,private
view_b,low,1000000,medium,high,measured,0,0.9433333333333334,0.9433333333333334,1,11687.0080,746.4640,4.4640,32.400,72.00,3.1680,14.9760,40.00,9.130475,provider-billed input + output tokens,0.583175,normalized input + visible output tokens,0.01238905441696112986649792106,0.0007913045936395759158088626403,private
view_b,typical,1000000,medium,high,measured,0,0.9433333333333334,0.9433333333333334,1,12007.0080,1066.4640,4.4640,32.400,72.00,3.1680,14.9760,360.0,9.380475,provider-billed input + output tokens,0.833175,normalized input + visible output tokens,0.01272827703180211924181787761,0.001130527208480565291128819189,private
view_b,high,1000000,medium,high,measured,0,0.9433333333333334,0.9433333333333334,1,14527.0080,3586.4640,4.4640,32.400,72.00,3.1680,14.9760,2880.0,11.349225,provider-billed input + output tokens,2.801925,normalized input + visible output tokens,0.01539965512367491057246253543,0.003801905300353356621773477007,private
view_a,not_applicable,1000000,medium,high,managed,5,0.9933333333333334,0.9433333333333334,1,11520.00,579.4560,,,,,,,9.00,provider-billed input + output tokens,0.4527,normalized input + visible output tokens,0.01159731543624160995991171569,0.0006142643109540635608293773177,private
view_b,low,1000000,medium,high,managed,5,0.9933333333333334,0.9433333333333334,1,11687.0080,746.4640,4.4640,32.400,72.00,3.1680,14.9760,40.00,9.130475,provider-billed input + output tokens,0.583175,normalized input + visible output tokens,0.01176544429530201263319165803,0.0007913045936395759158088626403,private
view_b,typical,1000000,medium,high,managed,5,0.9933333333333334,0.9433333333333334,1,12007.0080,1066.4640,4.4640,32.400,72.00,3.1680,14.9760,360.0,9.380475,provider-billed input + output tokens,0.833175,normalized input + visible output tokens,0.01208759194630872402096698347,0.001130527208480565291128819189,private
view_b,high,1000000,medium,high,managed,5,0.9933333333333334,0.9433333333333334,1,14527.0080,3586.4640,4.4640,32.400,72.00,3.1680,14.9760,2880.0,11.349225,provider-billed input + output tokens,2.801925,normalized input + visible output tokens,0.01462450469798657619969767128,0.003801905300353356621773477007,private
view_a,not_applicable,1000000,medium,high,private,5,0.9433333333333334,0.9933333333333334,1,11520.00,579.4560,,,,,,,9.00,provider-billed input + output tokens,0.4527,normalized input + visible output tokens,0.01221201413427561751151843574,0.0005833449664429529809835592991,private
view_b,low,1000000,medium,high,private,5,0.9433333333333334,0.9933333333333334,1,11687.0080,746.4640,4.4640,32.400,72.00,3.1680,14.9760,40.00,9.130475,provider-billed input + output tokens,0.583175,normalized input + visible output tokens,0.01238905441696112986649792106,0.0007514738255033556542635016441,private
view_b,typical,1000000,medium,high,private,5,0.9433333333333334,0.9933333333333334,1,12007.0080,1066.4640,4.4640,32.400,72.00,3.1680,14.9760,360.0,9.380475,provider-billed input + output tokens,0.833175,normalized input + visible output tokens,0.01272827703180211924181787761,0.001073621476510067042038827080,private
view_b,high,1000000,medium,high,private,5,0.9433333333333334,0.9933333333333334,1,14527.0080,3586.4640,4.4640,32.400,72.00,3.1680,14.9760,2880.0,11.349225,provider-billed input + output tokens,2.801925,normalized input + visible output tokens,0.01539965512367491057246253543,0.003610534228187919220769514887,private
